AS11M 01.05  Wed Jul 19, 2023 20:02  bua-hac.lst

0001                             	;*******************************************************
0002                             	;* BUA/9340 P/N 16059335 8/1/85 P
0003                             	;* SS BY BUA/1728 P/N
0004                             	;*
0005                             	;* ECM P/N 1227165
0006                             	;*
0007                             	;* MY86 YB L98 MD8 NM8 VE1 G44
0008                             	;*
0009                             	;* GM P4 computer system
0010                             	;*
0011                             	;* Calibration Tables
0012                             	;*
0013                             	;* Deduced fm CAMS Disassembly of EPROM Code
0014                             	;*
0015                             	;* From 1986 Y CAR, (BUA, VETTE)
0016                             	;*
0017                             	;* L98, 8 85 - 86 160 BAUD ONLY
0018                             	;* LB9, F 86 160 BAUD ONLY
0019                             	;*
0020                             	;* LB9, F 87 - 88 160 & 8192 BAUD
0021                             	;* L98, 8 87 - 88 160 & 8192 BAUD
0022                             	;*
0023                             	;* DATA ON PIN E
0024                             	;*
0025                             	;* The ECM is uni-directiona in 160 Baud when the ECM
0026                             	;* is not in the ALDL mode. When the ECM is in the ALDL
0027                             	;* Mode, (10k). The ECM will xmit a normal 25 item ALDL
0028                             	;* list at 160 baud.
0029                             	;*
0030                             	;* The ECM will listen for 50 MSEC after completion of
0031                             	;* the 160 baud ALDL list. for an inboud Test device
0032                             	;* originated 8192 (polling) message.
0033                             	;*
0034                             	;* If the 8192 polling message is accepted, 8192
0035                             	;* commications will continue till power down,
0036                             	;*
0037                             	;*
0038                             	;* CALIB = $C000 - $C800
0039                             	;* IEEE CK SUM =
0040                             	;*
0041                             	;*******************************************************
0042 c000                        		ORG $C000
0043 c000 25 e5                  LC000: 	FDB $25E5 	; EPROM ID code
0044 c002 09 79                  LC002: 	FDB $0979 	; Date Code
0045 c004 02 ee                  LC004: 	FDB $02EE 	; Sequence Number
0046                             					;
0047                             ;LC006: 	FDB $9708 	; Ck Sum of Addr's $C008 - $FFFF (SUM of all bytes)
0048 c006 97 3a                  LC006: 	FDB $973A 	; Ck Sum of Addr's $C008 - $FFFF (SUM of all bytes) C6AE B6 instead of 84
0049 c008 32                     LC008: 	FCB $32 	; Pgm Match Byte, $32 = 1986 Prod.
0050                             					; -Set $AA For bypass of Cksum
0051                             					;
0052 c009 00                     LC009: 	FCB 0 		; Num of Cyl, 8 = 0000 0000, $00
0053                             					; 6 = 1100 0000, $C0
0054                             					; 4 = 1000 0000, $80
0055                             					; 3 = 0110 0000, $60
0056                             					;
0057 c00a ca 21                  LC00A: 	FDB $CA21 	; Cust ID WORD #1
0058 c00c c1 a1                  LC00C: 	FDB $C1A1 	; Cust ID WORD #2
0059                             					;
0060                             					;
0061 c00e 0c cd                  LC00E: 	FDB 3277 	; 66Hz, VATS Ck Value, Fail if VATS L.T.
0062 c010 06 66                  LC010: 	FDB 1638 	; 33hZ, VATS Ck Value, Fail if VATS G.T.
0063                             					;
0064 c012 03 85                  LC012: 	FDB $0385 	; If Ign off => this, turn off MPU
0065                             					;----------------------------------------
0066 c014 b4                     LC014: 	FCB $B4 	; 1011 0100 Air Fuel Opt Word 1, ($B4)
0067                             					;
0068                             					; b7 = Use Filter for Air flow
0069                             					; b6 = Use TCC for Shft Lamp Cnt'l
0070                             					; b5 = Req Clsed Lp for Can Purge
0071                             					; b4 = VATS Enable
0072                             					;
0073                             					; b3 =
0074                             					; b2 = Analog MAF Meter in use (vs FM DIGITAL)
0075                             					; b1 = Single Fire Mode
0076                             					; b0 = Manual Xmission
0077                             					;
0078                             					;----------------------------------------
0079 c015 04                     LC015: 	FCB $04 	; 0000 0100 2nd AIr Flow Mode Word, ($04)
0080                             					;
0081                             					; b7 =
0082                             					; b6 =
0083                             					; b5 =
0084                             					; b4 =
0085                             					;
0086                             					; b3 =
0087                             					; b2 =
0088                             					; b1 = 1 = 2 AIR valves, 0 = 1 valve
0089                             					; b0 =
0090                             					;
0091                             					;----------------------------------------
0092 c016 62                     LC016: 	FCB $62 	; 3rd AIr Flow Mode Word, 0110 0010
0093                             					;
0094                             					; b7 =
0095                             					; b6 = Calc Base Inj PW, not Tbl
0096                             					; b5 = Int Reset when B.Lrn cell Chnge
0097                             					; b4 =
0098                             					;
0099                             					; b3 =
0100                             					; b2 =
0101                             					; b1 = Reset Corr/init of Auto Enrich
0102                             					; b0 =
0103                             					;
0104                             					;----------------------------------------
0105 c017 00                     LC017: 	FCB $00 	; 4th AIr Flow Mode Word, 0000 0000
0106                             					;
0107                             					; b7 = Use TCC out to Cnt'l A/C Clutch
0108                             					; b6 = Use Pwr Steer Pressure Sw
0109                             					; b5 = N.O. Cooling Fan Req input
0110                             					; b4 = TCC lk'ed Hwy Mode Spark Ck On.
0111                             					;
0112                             					; b3 = If CCP Chg, force Int to 128
0113                             					; b2 = 4th Gear Hwy Mode Spark Adv on
0114                             					; b1 =
0115                             					; b0 = Use Ld Val for BLM not dispflow
0116                             					;----------------------------------------
0117                             		;*******************************************************
0118                             		;* Spark param'a, (EST)
0119                             		;* TYPE 32 ECM P/N 122
0120                             		;*******************************************************
0121 c018 0c cd                  LC018: 	FDB 3277 	; Start up RPM
0122 c01a 08                     LC01A: 	FCB 8 		; 12.5 mS LP'S RPM must be up, (8 Lp's)
0123 c01b 20                     LC01B: 	FCB 32 		; If Diff Ld Val > Use Max Dwell
0124 c01c 11                     LC01C: 	FCB 17 		; Advance Ref, (5.9 Deg), (Val/2.844)
0125                             					; Initial advance -- 6 deg
0126 c01d 0d                     LC01D: 	FCB 13 		; 198.28 usec Time Corr to S.A.
0127                             					; - (Val * 15.26) (spark delay)
0128 c01e 00 77                  LC01E: 	FDB 0119 	; 42 DEG Max S.A., (Rel to lead)
0129 c020 ff f5                  LC020: 	FDB 65525 	; 3.5 Deg Max S.A. Retard
0130 c022 00 39                  LC022: 	FDB 57 		; Fixed S.A. For Diag, (20 Deg)
0131 c024 17                     LC024: 	FCB 23 		; 8 Deg Add S.A. for ALDL
0132                             					;
0133                             					; >> STALL SAVER PARAMS <<
0134                             					; NUM = ARG/12.5 For all RPM args
0135                             					;
0136 c025 20                     LC025: 	FCB 32 		; Stall Saver Lo lmt, (400 RPM)
0137 c026 24                     LC026: 	FCB 36 		; Stall Saver Lmt, (450 RPM)
0138 c027 2c                     LC027: 	FCB 44 		; Stall Saver Lmt, (550 RPM)
0139 c028 2c                     LC028: 	FCB 44 		; If RPM > Disable Stall Saver S.A.
0140 c029 02                     LC029: 	FCB 2 		; Add To SABLND ****
0141                             					;
0142                             					; Hot Restart Spark Params
0143                             					;
0144 c02a 71                     LC02A: 	FCB 113 	; If Cool > 54.7C (129 F) DISABLE HOT RESTART,
0145                             					; Num = (temp C +40) * (256/192)
0146                             					;
0147 c02b 1c                     LC02B: 	FCB 28 		; HOT RETARD, (9.8 Deg)
0148                             					; Num = temp * (256/192)
0149                             					;
0150 c02c 71                     LC02C: 	FCB 113 	; DISABLE IF COOL => 54.7c
0151                             					; Num = (temp C +40) * (256/192)
0152                             					;
0153                             					; Disable cold S.A.
0154                             					;
0155 c02d 1b                     LC02D: 	FCB 27 		; If cool diff fm start > 20c
0156                             					; Num = temp C * (256/192)
0157                             					;----------------------------------------------
0158                             					; MAIN SPARK ADV vs LD vs RPM
0159                             					;
0160                             					; Dissassemby of BUA
0161                             					; 09-03-1994, 13:39:24
0162                             					;
0163                             					;
0164                             					; 12 x 12
0165                             					;
0166                             					; TBL = SPK * (256/90)
0167                             					;----------------------------------------------
0168 c02e                        		ORG $C02E
0169 c02e 00                     LC02E: 	FCB 0 		; Min RPM Val
0170 c02f 20                     		FCB 32 		; Min LD VALUE Value
0171 c030 0c                     		FCB 12 		; COL'S/ROW
0172                             					;----------------------------------------------
0173                             					; 400 RPM
0174                             					; SPK ADV LD VAL
0175                             					;----------------------------------------------
0176 c031 39                     		FCB 57 		; 20.0 32.0
0177 c032 39                     		FCB 57 		; 20.0 48.0
0178 c033 39                     		FCB 57 		; 20.0 64.0
0179 c034 39                     		FCB 57 		; 20.0 80.0
0180 c035 39                     		FCB 57 		; 20.0 96.0
0181 c036 39                     		FCB 57 		; 20.0 112.0
0182 c037 39                     		FCB 57 		; 20.0 128.0
0183 c038 39                     		FCB 57 		; 20.0 144.0
0184 c039 39                     		FCB 57 		; 20.0 160.0
0185 c03a 39                     		FCB 57 		; 20.0 176.0
0186 c03b 39                     		FCB 57 		; 20.0 192.0
0187 c03c 39                     		FCB 57 		; 20.0 208.0
0188                             					;----------------------------------------------
0189                             					; 600 RPM
0190                             					; SPK ADV LD VAL
0191                             					;----------------------------------------------
0192 c03d 39                     		FCB 57 		; 20.0 32.0
0193 c03e 39                     		FCB 57 		; 20.0 48.0
0194 c03f 39                     		FCB 57 		; 20.0 64.0
0195 c040 39                     		FCB 57 		; 20.0 80.0
0196 c041 39                     		FCB 57 		; 20.0 96.0
0197 c042 39                     		FCB 57 		; 20.0 112.0
0198 c043 39                     		FCB 57 		; 20.0 128.0
0199 c044 39                     		FCB 57 		; 20.0 144.0
0200 c045 39                     		FCB 57 		; 20.0 160.0
0201 c046 39                     		FCB 57 		; 20.0 176.0
0202 c047 39                     		FCB 57 		; 20.0 192.0
0203 c048 39                     		FCB 57 		; 20.0 208.0
0204                             					;----------------------------------------------
0205                             					; 800 RPM
0206                             					; SPK ADV LD VAL
0207                             					;----------------------------------------------
0208 c049 4d                     		FCB 77 		; 27.1 32.0
0209 c04a 4d                     		FCB 77 		; 27.1 48.0
0210 c04b 4d                     		FCB 77 		; 27.1 64.0
0211 c04c 4d                     		FCB 77 		; 27.1 80.0
0212 c04d 4d                     		FCB 77 		; 27.1 96.0
0213 c04e 46                     		FCB 70 		; 24.6 112.0
0214 c04f 41                     		FCB 65 		; 22.9 128.0
0215 c050 41                     		FCB 65 		; 22.9 144.0
0216 c051 3f                     		FCB 63 		; 22.2 160.0
0217 c052 3b                     		FCB 59 		; 20.7 176.0
0218 c053 3b                     		FCB 59 		; 20.7 192.0
0219 c054 3b                     		FCB 59 		; 20.7 208.0
0220                             					;----------------------------------------------
0221                             					; 1000 RPM
0222                             					; SPK ADV LD VAL
0223                             					;----------------------------------------------
0224 c055 50                     		FCB 80 		; 28.1 32.0
0225 c056 50                     		FCB 80 		; 28.1 48.0
0226 c057 50                     		FCB 80 		; 28.1 64.0
0227 c058 50                     		FCB 80 		; 28.1 80.0
0228 c059 50                     		FCB 80 		; 28.1 96.0
0229 c05a 49                     		FCB 73 		; 25.7 112.0
0230 c05b 41                     		FCB 65 		; 22.9 128.0
0231 c05c 41                     		FCB 65 		; 22.9 144.0
0232 c05d 41                     		FCB 65 		; 22.9 160.0
0233 c05e 3b                     		FCB 59 		; 20.7 176.0
0234 c05f 3b                     		FCB 59 		; 20.7 192.0
0235 c060 3b                     		FCB 59 		; 20.7 208.0
0236                             					;----------------------------------------------
0237                             					; 1200 RPM
0238                             					;
0239                             					; SPK ADV LD VAL
0240                             					;----------------------------------------------
0241 c061 55                     		FCB 85 		; 29.9 32.0
0242 c062 55                     		FCB 85 		; 29.9 48.0
0243 c063 55                     		FCB 85 		; 29.9 64.0
0244 c064 55                     		FCB 85 		; 29.9 80.0
0245 c065 55                     		FCB 85 		; 29.9 96.0
0246 c066 4e                     		FCB 78 		; 27.4 112.0
0247 c067 46                     		FCB 70 		; 24.6 128.0
0248 c068 46                     		FCB 70 		; 24.6 144.0
0249 c069 46                     		FCB 70 		; 24.6 160.0
0250 c06a 3c                     		FCB 60 		; 21.1 176.0
0251 c06b 3c                     		FCB 60 		; 21.1 192.0
0252 c06c 3c                     		FCB 60 		; 21.1 208.0
0253                             					;----------------------------------------------
0254                             					; 1400 RPM
0255                             					; SPK ADV LD VAL
0256                             					;----------------------------------------------
0257 c06d 58                     		FCB 88 		; 30.9 32.0
0258 c06e 58                     		FCB 88 		; 30.9 48.0
0259 c06f 58                     		FCB 88 		; 30.9 64.0
0260 c070 58                     		FCB 88 		; 30.9 80.0
0261 c071 58                     		FCB 88 		; 30.9 96.0
0262 c072 51                     		FCB 81 		; 28.5 112.0
0263 c073 49                     		FCB 73 		; 25.7 128.0
0264 c074 49                     		FCB 73 		; 25.7 144.0
0265 c075 49                     		FCB 73 		; 25.7 160.0
0266 c076 41                     		FCB 65 		; 22.9 176.0
0267 c077 41                     		FCB 65 		; 22.9 192.0
0268 c078 41                     		FCB 65 		; 22.9 208.0
0269                             					;----------------------------------------------
0270                             					; 1600 RPM
0271                             					; SPK ADV LD VAL
0272                             					;----------------------------------------------
0273 c079 66                     		FCB 102 	; 35.9 32.0
0274 c07a 66                     		FCB 102 	; 35.9 48.0
0275 c07b 65                     		FCB 101 	; 35.5 64.0
0276 c07c 62                     		FCB 98 		; 34.5 80.0
0277 c07d 60                     		FCB 96 		; 33.8 96.0
0278 c07e 5e                     		FCB 94 		; 33.1 112.0
0279 c07f 5b                     		FCB 91 		; 32.0 128.0
0280 c080 58                     		FCB 88 		; 30.9 144.0
0281 c081 4d                     		FCB 77 		; 27.1 160.0
0282 c082 46                     		FCB 70 		; 24.6 176.0
0283 c083 46                     		FCB 70 		; 24.6 192.0
0284 c084 46                     		FCB 70 		; 24.6 208.0
0285                             					;----------------------------------------------
0286                             					; 1800 RPM
0287                             					; SPK ADV LD VAL
0288                             					;----------------------------------------------
0289 c085 6a                     		FCB 106 	; 37.3 32.0
0290 c086 6a                     		FCB 106 	; 37.3 48.0
0291 c087 69                     		FCB 105 	; 36.9 64.0
0292 c088 66                     		FCB 102 	; 35.9 80.0
0293 c089 64                     		FCB 100 	; 35.2 96.0
0294 c08a 62                     		FCB 98 		; 34.5 112.0
0295 c08b 5d                     		FCB 93 		; 32.7 128.0
0296 c08c 5b                     		FCB 91 		; 32.0 144.0
0297 c08d 51                     		FCB 81 		; 28.5 160.0
0298 c08e 49                     		FCB 73 		; 25.7 176.0
0299 c08f 49                     		FCB 73 		; 25.7 192.0
0300 c090 49                     		FCB 73 		; 25.7 208.0
0301                             					;----------------------------------------------
0302                             					; 2000 RPM
0303                             					; SPK ADV LD VAL
0304                             					;----------------------------------------------
0305 c091 6d                     		FCB 109 	; 38.3 32.0
0306 c092 6d                     		FCB 109 	; 38.3 48.0
0307 c093 6c                     		FCB 108 	; 38.0 64.0
0308 c094 68                     		FCB 104 	; 36.6 80.0
0309 c095 66                     		FCB 102 	; 35.9 96.0
0310 c096 63                     		FCB 99 		; 34.8 112.0
0311 c097 5f                     		FCB 95 		; 33.4 128.0
0312 c098 5d                     		FCB 93 		; 32.7 144.0
0313 c099 55                     		FCB 85 		; 29.9 160.0
0314 c09a 4b                     		FCB 75 		; 26.4 176.0
0315 c09b 4b                     		FCB 75 		; 26.4 192.0
0316 c09c 4b                     		FCB 75 		; 26.4 208.0
0317                             					;----------------------------------------------
0318                             					; 2200 RPM
0319                             					; SPK ADV LD VAL
0320                             					;----------------------------------------------
0321 c09d 70                     		FCB 112 	; 39.4 32.0
0322 c09e 70                     		FCB 112 	; 39.4 48.0
0323 c09f 6f                     		FCB 111 	; 39.0 64.0
0324 c0a0 69                     		FCB 105 	; 36.9 80.0
0325 c0a1 66                     		FCB 102 	; 35.9 96.0
0326 c0a2 66                     		FCB 102 	; 35.9 112.0
0327 c0a3 62                     		FCB 98 		; 34.5 128.0
0328 c0a4 5e                     		FCB 94 		; 33.1 144.0
0329 c0a5 58                     		FCB 88 		; 30.9 160.0
0330 c0a6 4e                     		FCB 78 		; 27.4 176.0
0331 c0a7 4e                     		FCB 78 		; 27.4 192.0
0332 c0a8 4e                     		FCB 78 		; 27.4 208.0
0333                             					;----------------------------------------------
0334                             					; 2400 RPM
0335                             					; SPK ADV LD VAL
0336                             					;----------------------------------------------
0337 c0a9 74                     		FCB 116 	; 40.8 32.0
0338 c0aa 74                     		FCB 116 	; 40.8 48.0
0339 c0ab 72                     		FCB 114 	; 40.1 64.0
0340 c0ac 6c                     		FCB 108 	; 38.0 80.0
0341 c0ad 69                     		FCB 105 	; 36.9 96.0
0342 c0ae 66                     		FCB 102 	; 35.9 112.0
0343 c0af 64                     		FCB 100 	; 35.2 128.0
0344 c0b0 61                     		FCB 97 		; 34.1 144.0
0345 c0b1 5c                     		FCB 92 		; 32.3 160.0
0346 c0b2 51                     		FCB 81 		; 28.5 176.0
0347 c0b3 51                     		FCB 81 		; 28.5 192.0
0348 c0b4 51                     		FCB 81 		; 28.5 208.0
0349                             					;----------------------------------------------
0350                             					; 2800 RPM
0351                             					; SPK ADV LD VAL
0352                             					;----------------------------------------------
0353 c0b5 78                     		FCB 120 	; 42.2 32.0
0354 c0b6 78                     		FCB 120 	; 42.2 48.0
0355 c0b7 74                     		FCB 116 	; 40.8 64.0
0356 c0b8 73                     		FCB 115 	; 40.4 80.0
0357 c0b9 6c                     		FCB 108 	; 38.0 96.0
0358 c0ba 6c                     		FCB 108 	; 38.0 112.0
0359 c0bb 64                     		FCB 100 	; 35.2 128.0
0360 c0bc 61                     		FCB 97 		; 34.1 144.0
0361 c0bd 5e                     		FCB 94 		; 33.1 160.0
0362 c0be 55                     		FCB 85 		; 29.9 176.0
0363 c0bf 55                     		FCB 85 		; 29.9 192.0
0364 c0c0 55                     		FCB 85 		; 29.9 208.0
0365                             					;----------------------------------------------
0366                             					; 3200 RPM
0367                             					; SPK ADV LD VAL
0368                             					;----------------------------------------------
0369 c0c1 86                     		FCB 134 	; 47.1 32.0
0370 c0c2 86                     		FCB 134 	; 47.1 48.0
0371 c0c3 7d                     		FCB 125 	; 44.0 64.0
0372 c0c4 7a                     		FCB 122 	; 42.9 80.0
0373 c0c5 6c                     		FCB 108 	; 38.0 96.0
0374 c0c6 6c                     		FCB 108 	; 38.0 112.0
0375 c0c7 64                     		FCB 100 	; 35.2 128.0
0376 c0c8 61                     		FCB 97 		; 34.1 144.0
0377 c0c9 5e                     		FCB 94 		; 33.1 160.0
0378 c0ca 55                     		FCB 85 		; 29.9 176.0
0379 c0cb 55                     		FCB 85 		; 29.9 192.0
0380 c0cc 55                     		FCB 85 		; 29.9 208.0
0381                             					;----------------------------------------------
0382                             					; 3600 RPM
0383                             					; SPK ADV LD VAL
0384                             					;----------------------------------------------
0385 c0cd 86                     		FCB 134 	; 47.1 32.0
0386 c0ce 86                     		FCB 134 	; 47.1 48.0
0387 c0cf 81                     		FCB 129 	; 45.4 64.0
0388 c0d0 81                     		FCB 129 	; 45.4 80.0
0389 c0d1 72                     		FCB 114 	; 40.1 96.0
0390 c0d2 6c                     		FCB 108 	; 38.0 112.0
0391 c0d3 65                     		FCB 101 	; 35.5 128.0
0392 c0d4 61                     		FCB 97 		; 34.1 144.0
0393 c0d5 5e                     		FCB 94 		; 33.1 160.0
0394 c0d6 55                     		FCB 85 		; 29.9 176.0
0395 c0d7 55                     		FCB 85 		; 29.9 192.0
0396 c0d8 55                     		FCB 85 		; 29.9 208.0
0397                             					;----------------------------------------------
0398                             					; 4000 RPM
0399                             					; SPK ADV LD VAL
0400                             					;----------------------------------------------
0401 c0d9 86                     		FCB 134 	; 47.1 32.0
0402 c0da 86                     		FCB 134 	; 47.1 48.0
0403 c0db 81                     		FCB 129 	; 45.4 64.0
0404 c0dc 81                     		FCB 129 	; 45.4 80.0
0405 c0dd 81                     		FCB 129 	; 45.4 96.0
0406 c0de 75                     		FCB 117 	; 41.1 112.0
0407 c0df 6a                     		FCB 106 	; 37.3 128.0
0408 c0e0 61                     		FCB 97 		; 34.1 144.0
0409 c0e1 5e                     		FCB 94 		; 33.1 160.0
0410 c0e2 55                     		FCB 85 		; 29.9 176.0
0411 c0e3 55                     		FCB 85 		; 29.9 192.0
0412 c0e4 55                     		FCB 85 		; 29.9 208.0
0413                             					;----------------------------------------------
0414                             					; 4400 RPM
0415                             					; SPK ADV LD VAL
0416                             					;----------------------------------------------
0417 c0e5 86                     		FCB 134 	; 47.1 32.0
0418 c0e6 86                     		FCB 134 	; 47.1 48.0
0419 c0e7 81                     		FCB 129 	; 45.4 64.0
0420 c0e8 81                     		FCB 129 	; 45.4 80.0
0421 c0e9 81                     		FCB 129 	; 45.4 96.0
0422 c0ea 75                     		FCB 117 	; 41.1 112.0
0423 c0eb 6a                     		FCB 106 	; 37.3 128.0
0424 c0ec 6a                     		FCB 106 	; 37.3 144.0
0425 c0ed 5e                     		FCB 94 		; 33.1 160.0
0426 c0ee 57                     		FCB 87 		; 30.6 176.0
0427 c0ef 57                     		FCB 87 		; 30.6 192.0
0428 c0f0 57                     		FCB 87 		; 30.6 208.0
0429                             					;----------------------------------------------
0430                             					; 4800 RPM
0431                             					; SPK ADV LD VAL
0432                             					;----------------------------------------------
0433 c0f1 86                     		FCB 134 	; 47.1 32.0
0434 c0f2 86                     		FCB 134 	; 47.1 48.0
0435 c0f3 81                     		FCB 129 	; 45.4 64.0
0436 c0f4 81                     		FCB 129 	; 45.4 80.0
0437 c0f5 81                     		FCB 129 	; 45.4 96.0
0438 c0f6 75                     		FCB 117 	; 41.1 112.0
0439 c0f7 6a                     		FCB 106 	; 37.3 128.0
0440 c0f8 6a                     		FCB 106 	; 37.3 144.0
0441 c0f9 5e                     		FCB 94 		; 33.1 160.0
0442 c0fa 5c                     		FCB 92 		; 32.3 176.0
0443 c0fb 5c                     		FCB 92 		; 32.3 192.0
0444 c0fc 5c                     		FCB 92 		; 32.3 208.0
0445                             					;----------------------------------------------
0446                             					;----------------------------------------------
0447                             					; COOLANT ADVANCE CORRECTION vs LOAD VAL vs COO
0448                             					;
0449                             					; Dissassemby of BUA, blocks = 12
0450                             					; 02-05-1995, 11:02:07
0451                             					;
0452                             					; TBL = (SPK ADV + BIAS) * (256/90 )
0453                             					;----------------------------------------------
0454 c0fd                        		ORG $C0FD 	;
0455                             					;
0456 c0fd 39                     LC0FD: 	FCB 57 		; 20 DEG SA, COOL TBL BIAS
0457                             					;
0458 c0fe 00                     LC0FE: 	FCB 0 		; Ld selector 0 = LV8
0459                             					; 4 = LVALT
0460                             					;
0461 c0ff 20                     LC0FF: 	FCB 32 		; Min COOL Val, (-16 C)
0462 c100 20                     		FCB 32 		; Min LD VAL Value
0463 c101 09                     		FCB 9 		; COL'S/ROW
0464                             					;----------------------------------------------
0465                             					; -16 Deg c COOL
0466                             					; spk adv LV8
0467                             					;----------------------------------------------
0468 c102 51                     		FCB 81 		; 8.5 32.0
0469 c103 51                     		FCB 81 		; 8.5 48.0
0470 c104 51                     		FCB 81 		; 8.5 64.0
0471 c105 51                     		FCB 81 		; 8.5 80.0
0472 c106 51                     		FCB 81 		; 8.5 96.0
0473 c107 51                     		FCB 81 		; 8.5 112.0
0474 c108 51                     		FCB 81 		; 8.5 128.0
0475 c109 55                     		FCB 85 		; 9.9 144.0
0476 c10a 55                     		FCB 85 		; 9.9 160.0
0477                             					;----------------------------------------------
0478                             					; -4 Deg c COOL
0479                             					; spk adv LV8
0480                             					;----------------------------------------------
0481 c10b 51                     		FCB 81 		; 8.5 32.0
0482 c10c 51                     		FCB 81 		; 8.5 48.0
0483 c10d 51                     		FCB 81 		; 8.5 64.0
0484 c10e 51                     		FCB 81 		; 8.5 80.0
0485 c10f 51                     		FCB 81 		; 8.5 96.0
0486 c110 51                     		FCB 81 		; 8.5 112.0
0487 c111 51                     		FCB 81 		; 8.5 128.0
0488 c112 55                     		FCB 85 		; 9.9 144.0
0489 c113 55                     		FCB 85 		; 9.9 160.0
0490                             					;----------------------------------------------
0491                             					; 8 Deg c COOL
0492                             					; spk adv LV8
0493                             					;----------------------------------------------
0494 c114 44                     		FCB 68 		; 3.9 32.0
0495 c115 44                     		FCB 68 		; 3.9 48.0
0496 c116 44                     		FCB 68 		; 3.9 64.0
0497 c117 44                     		FCB 68 		; 3.9 80.0
0498 c118 44                     		FCB 68 		; 3.9 96.0
0499 c119 44                     		FCB 68 		; 3.9 112.0
0500 c11a 44                     		FCB 68 		; 3.9 128.0
0501 c11b 44                     		FCB 68 		; 3.9 144.0
0502 c11c 44                     		FCB 68 		; 3.9 160.0
0503                             					;----------------------------------------------
0504                             					; 20 Deg c COOL
0505                             					; spk adv LV8
0506                             					;----------------------------------------------
0507 c11d 39                     		FCB 57 		; 0.0 32.0
0508 c11e 39                     		FCB 57 		; 0.0 48.0
0509 c11f 39                     		FCB 57 		; 0.0 64.0
0510 c120 39                     		FCB 57 		; 0.0 80.0
0511 c121 39                     		FCB 57 		; 0.0 96.0
0512 c122 39                     		FCB 57 		; 0.0 112.0
0513 c123 39                     		FCB 57 		; 0.0 128.0
0514 c124 47                     		FCB 71 		; 5.0 144.0
0515 c125 47                     		FCB 71 		; 5.0 160.0
0516                             					;----------------------------------------------
0517                             					; 32 Deg c COOL
0518                             					; spk adv LV8
0519                             					;----------------------------------------------
0520 c126 39                     		FCB 57 		; 0.0 32.0
0521 c127 39                     		FCB 57 		; 0.0 48.0
0522 c128 39                     		FCB 57 		; 0.0 64.0
0523 c129 39                     		FCB 57 		; 0.0 80.0
0524 c12a 39                     		FCB 57 		; 0.0 96.0
0525 c12b 39                     		FCB 57 		; 0.0 112.0
0526 c12c 39                     		FCB 57 		; 0.0 128.0
0527 c12d 47                     		FCB 71 		; 5.0 144.0
0528 c12e 47                     		FCB 71 		; 5.0 160.0
0529                             					;----------------------------------------------
0530                             					; 44 Deg c COOL
0531                             					; spk adv LV8
0532                             					;----------------------------------------------
0533 c12f 39                     		FCB 57 		; 0.0 32.0
0534 c130 39                     		FCB 57 		; 0.0 48.0
0535 c131 39                     		FCB 57 		; 0.0 64.0
0536 c132 39                     		FCB 57 		; 0.0 80.0
0537 c133 39                     		FCB 57 		; 0.0 96.0
0538 c134 39                     		FCB 57 		; 0.0 112.0
0539 c135 39                     		FCB 57 		; 0.0 128.0
0540 c136 47                     		FCB 71 		; 5.0 144.0
0541 c137 47                     		FCB 71 		; 5.0 160.0
0542                             					;----------------------------------------------
0543                             					; 56 Deg c COOL
0544                             					; spk adv LV8
0545                             					;----------------------------------------------
0546 c138 39                     		FCB 57 		; 0.0 32.0
0547 c139 39                     		FCB 57 		; 0.0 48.0
0548 c13a 39                     		FCB 57 		; 0.0 64.0
0549 c13b 39                     		FCB 57 		; 0.0 80.0
0550 c13c 39                     		FCB 57 		; 0.0 96.0
0551 c13d 39                     		FCB 57 		; 0.0 112.0
0552 c13e 39                     		FCB 57 		; 0.0 128.0
0553 c13f 39                     		FCB 57 		; 0.0 144.0
0554 c140 39                     		FCB 57 		; 0.0 160.0
0555                             					;----------------------------------------------
0556                             					; 68 Deg c COOL
0557                             					; spk adv LV8
0558                             					;----------------------------------------------
0559 c141 39                     		FCB 57 		; 0.0 32.0
0560 c142 39                     		FCB 57 		; 0.0 48.0
0561 c143 39                     		FCB 57 		; 0.0 64.0
0562 c144 39                     		FCB 57 		; 0.0 80.0
0563 c145 39                     		FCB 57 		; 0.0 96.0
0564 c146 39                     		FCB 57 		; 0.0 112.0
0565 c147 39                     		FCB 57 		; 0.0 128.0
0566 c148 39                     		FCB 57 		; 0.0 144.0
0567 c149 39                     		FCB 57 		; 0.0 160.0
0568                             					;----------------------------------------------
0569                             					; 80 Deg c COOL
0570                             					;
0571                             					; spk adv LV8
0572                             					;----------------------------------------------
0573 c14a 39                     		FCB 57 		; 0.0 32.0
0574 c14b 39                     		FCB 57 		; 0.0 48.0
0575 c14c 39                     		FCB 57 		; 0.0 64.0
0576 c14d 39                     		FCB 57 		; 0.0 80.0
0577 c14e 39                     		FCB 57 		; 0.0 96.0
0578 c14f 39                     		FCB 57 		; 0.0 112.0
0579 c150 39                     		FCB 57 		; 0.0 128.0
0580 c151 39                     		FCB 57 		; 0.0 144.0
0581 c152 39                     		FCB 57 		; 0.0 160.0
0582                             					;----------------------------------------------
0583                             					; 92 Deg c COOL
0584                             					; spk adv LV8
0585                             					;----------------------------------------------
0586 c153 39                     		FCB 57 		; 0.0 32.0
0587 c154 39                     		FCB 57 		; 0.0 48.0
0588 c155 39                     		FCB 57 		; 0.0 64.0
0589 c156 39                     		FCB 57 		; 0.0 80.0
0590 c157 39                     		FCB 57 		; 0.0 96.0
0591 c158 39                     		FCB 57 		; 0.0 112.0
0592 c159 39                     		FCB 57 		; 0.0 128.0
0593 c15a 39                     		FCB 57 		; 0.0 144.0
0594 c15b 39                     		FCB 57 		; 0.0 160.0
0595                             					;----------------------------------------------
0596                             					; 104 Deg c COOL
0597                             					; spk adv LV8
0598                             					;----------------------------------------------
0599 c15c 39                     		FCB 57 		; 0.0 32.0
0600 c15d 39                     		FCB 57 		; 0.0 48.0
0601 c15e 39                     		FCB 57 		; 0.0 64.0
0602 c15f 39                     		FCB 57 		; 0.0 80.0
0603 c160 39                     		FCB 57 		; 0.0 96.0
0604 c161 39                     		FCB 57 		; 0.0 112.0
0605 c162 39                     		FCB 57 		; 0.0 128.0
0606 c163 39                     		FCB 57 		; 0.0 144.0
0607 c164 39                     		FCB 57 		; 0.0 160.0
0608                             					;----------------------------------------------
0609                             					; 116 Deg c COOL
0610                             					; spk adv LV8
0611                             					;----------------------------------------------
0612 c165 39                     		FCB 57 		; 0.0 32.0
0613 c166 39                     		FCB 57 		; 0.0 48.0
0614 c167 39                     		FCB 57 		; 0.0 64.0
0615 c168 33                     		FCB 51 		; -2.1 80.0
0616 c169 2e                     		FCB 46 		; -3.8 96.0
0617 c16a 28                     		FCB 40 		; -5.9 112.0
0618 c16b 28                     		FCB 40 		; -5.9 128.0
0619 c16c 28                     		FCB 40 		; -5.9 144.0
0620 c16d 28                     		FCB 40 		; -5.9 160.0
0621                             					;----------------------------------------------
0622                             					;----------------------------------------------
0623                             					; HIGHWAY MODE SPARK CONTROL
0624                             					; ADVANCE vs LD8 LOAD
0625                             					;
0626                             					; TYPE 32, BUA
0627                             					;----------------------------------------------
0628 c16e                        		ORG $C16E
0629 c16e 85                     LC16E: 	FCB 133 	; If Coolant <= 60c, (140f), disable
0630                             					; hi-way mode spark
0631                             					;
0632 c16f 64                     LC16F: 	FCB 100 	; If LV8 > 100 disable hi-way mode spark
0633                             					;
0634 c170 fe                     LC170: 	FCB 254 	; If RPM is less than 6350 RPM then
0635                             					; disable hi-way mode spark
0636                             					;
0637 c171 0a                     LC171: 	FCB 10 		; Enable hi-way mode spark if > 10 Sec
0638                             					;------------------------------------------------------
0639                             					; HIGHWAY MODE SPARK ADVANCE vs LOAD VALUE
0640                             					;
0641                             					;
0642                             					; TBL = SA * (256/90)
0643                             					;----------------------------------------------
0644                             					; DEG SA LD VAL
0645                             					;----------------------------------
0646 c172 1c                     LC172: 	FCB 28 		; 10 32
0647 c173 1c                     		FCB 28 		; 10 48
0648 c174 1c                     		FCB 28 		; 10 64
0649 c175 1c                     		FCB 28 		; 10 80
0650 c176 1c                     		FCB 28 		; 10 96
0651 c177 17                     		FCB 23 		; 10 112
0652 c178 08                     		FCB 8 		; 3 128
0653 c179 00                     		FCB 0 		; 0 144
0654                             					;----------------------------------------------
0655                             					;----------------------------------------------
0656                             					; START UP SPARK ADVANCE vs COOLANT TEMP
0657                             					;
0658                             					;
0659                             					; TBL = SA deg * (256/90)
0660                             					;----------------------------------------------
0661 c17a                        		ORG $C17A 	; DEG SPK Deg C COOL
0662                             					;----------------------------------
0663 c17a 1c                     LC17A: 	FCB 28 		; 10 -40
0664 c17b 1c                     LC17B: 	FCB 28 		; 10 -28
0665 c17c 1c                     LC17C: 	FCB 28 		; 10 -16
0666 c17d 1c                     LC17D: 	FCB 28 		; 10 -4
0667 c17e 1c                     LC17E: 	FCB 28 		; 10 8
0668 c17f 1c                     LC17F: 	FCB 28 		; 10 20
0669 c180 1c                     LC180: 	FCB 28 		; 10 32
0670 c181 1c                     LC181: 	FCB 28 		; 10 44
0671 c182 1c                     LC182: 	FCB 28 		; 10 56
0672 c183 1c                     LC183: 	FCB 28 		; 10 68
0673 c184 1c                     LC184: 	FCB 28 		; 10 80
0674 c185 1c                     LC185: 	FCB 28 		; 10 92
0675 c186 1c                     LC186: 	FCB 28 		; 10 104
0676 c187 1c                     LC187: 	FCB 28 		; 10 116
0677                             					;----------------------------------------------
0678                             					;----------------------------------------------
0679                             					; START UP SPARK ADVANCE DECAY DELAY vs STARTUP COOL
0680                             					;
0681                             					; Dissassemby of BUA, LINES = 14
0682                             					; 09-14-1994, 10:09:39
0683                             					;
0684                             					; Table value = INJECTS
0685                             					;
0686                             					; TBL = VAL/LC188
0687                             					;----------------------------------------------
0688 c188                        		ORG $C188 	;
0689                             					;
0690 c188 01 00                  LC188: FDB 0256 	; Mult for tbl,
0691                             					; (NUM = ARG * 256)
0692                             					;
0693                             					; DECAY DLY DEG c S/U COOL
0694                             					;----------------------------------
0695 c18a 64                     LC18A: 	FCB 100 	; 25,600 -40
0696 c18b 64                     		FCB 100 	; 25,600 -28
0697 c18c 64                     		FCB 100 	; 25,600 -16
0698 c18d 64                     		FCB 100 	; 25,600 -4
0699 c18e 64                     		FCB 100 	; 25,600 8
0700 c18f 64                     		FCB 100 	; 25,600 20
0701 c190 64                     		FCB 100 	; 25,600 32
0702 c191 64                     		FCB 100 	; 25,600 44
0703 c192 64                     		FCB 100 	; 25,600 56
0704 c193 50                     		FCB 80 		; 25,600 68
0705 c194 28                     		FCB 40 		; 25,600 80
0706 c195 28                     		FCB 40 		; 25,600 92
0707 c196 28                     		FCB 40 		; 25,600 104
0708 c197 28                     		FCB 40 		; 25,600 116
0709                             					;----------------------------------------------
0710                             					;----------------------------------------------
0711                             					; START UP SPARK ADVANCE DECAY TIME vs STARTUP COOL
0712                             					;
0713                             					;
0714                             					; TBL = INJECTS
0715                             					;----------------------------------------------
0716 c198                        		ORG $C198 	;INJ'S DEG c S/U COOL
0717                             					;----------------------------------
0718 c198 01                     LC198: 	FCB 1 		; -40
0719 c199 01                     		FCB 1 		; -28
0720 c19a 01                     		FCB 1 		; -16
0721 c19b 01                     		FCB 1 		; -4
0722 c19c 01                     		FCB 1 		; 8
0723 c19d 01                     		FCB 1 		; 20
0724 c19e 01                     		FCB 1 		; 32
0725 c19f 01                     		FCB 1 		; 44
0726 c1a0 01                     		FCB 1 		; 56
0727 c1a1 01                     		FCB 1 		; 68
0728 c1a2 01                     		FCB 1 		; 80
0729 c1a3 01                     		FCB 1 		; 92
0730 c1a4 01                     		FCB 1 		; 104
0731 c1a5 01                     		FCB 1 		; 116
0732                             					;----------------------------------------------
0733                             					;----------------------------------------------
0734 c1a6 00                     		FCB 0
0735 c1a7 00                     		FCB 0
0736 c1a8 00                     		FCB 0
0737 c1a9 00                     		FCB 0
0738                             					;----------------------------------------------
0739                             		;***********************************************
0740                             		;* PROM TEST WORD 1 FOR ERR CODE 51
0741                             		;* Set ERR code 51 if N.E. ($55)
0742                             		;***********************************************
0743 c1aa                        		ORG $C1AA
0744 c1aa 55                     LC1AA: 	FCB $55 	; EPROM TEST WD 1
0745                             					;----------------------------------------------
0746                             					; STARTUP SPK ADV DECAY VS STARTUP COOLANT
0747                             					;
0748                             					; TBL =
0749                             					;----------------------------------------------
0750 c1ab                        		ORG $C1AB 	; Deg c COOL
0751                             					;----------------------------------
0752 c1ab 80                     LC1AB: 	FCB 128 	; 1.4 Degrees -40
0753 c1ac 80                     		FCB 128 	; -28
0754 c1ad 80                     		FCB 128 	; -16
0755 c1ae 80                     		FCB 128 	; -4
0756 c1af 80                     		FCB 128 	; 8
0757 c1b0 80                     		FCB 128 	; 20
0758 c1b1 80                     		FCB 128 	; 32
0759 c1b2 80                     		FCB 128 	; 44
0760 c1b3 80                     		FCB 128 	; 56
0761 c1b4 80                     		FCB 128 	; 68
0762 c1b5 80                     		FCB 128 	; 80
0763 c1b6 80                     		FCB 128 	; 92
0764 c1b7 80                     		FCB 128 	; 104
0765 c1b8 ff                     		FCB 255 	; 2.8 116
0766                             					;----------------------------------------------
0767 c1b9 34                     LC1B9: 	FCB 52 		; If filtered RPM/12.5 = > 65O RPM then KNOCK is on
0768                             					; Table value = Arg * (256/12.5)
0769 c1ba 02                     LC1BA: 	FCB 2 		; If filtered MPH = > 2 than Then enble KNOCK
0770 c1bb 72                     LC1BB: 	FCB 114 	; 25.3 deg Max allowable KNOCK Retard when not in WOT
0771                             					; Table value = Arg * (256/45)
0772 c1bc 8e                     LC1BC: 	FCB 142 	; If COOLANT < 66.5C THEN DISABLE KNOCK
0773                             					; Table value = (Arg+40) * (256/192)
0774 c1bd 35                     LC1BD: 	FCB 53 		; If delta COOL since start up G.T. arg ENABLE KNOCK
0775                             					; Table value = Arg * (256/192)
0776                             					;----------------------------------------------
0777                             					; KNOCK ATACK RATE vs RPM
0778                             					;
0779                             					;
0780                             					; TBL = ATTACK RATE IN (Deg/msec) /0.0225
0781                             					;----------------------------------------------
0782 c1be                        		ORG $C1BE 	; Deg RPM
0783                             					;----------------------------------
0784 c1be 07                     LC1BE: 	FCB 7 		; 0.158 400
0785 c1bf 08                     		FCB 8 		; 0.180 1200
0786 c1c0 0d                     		FCB 13 		; 0.293 2000
0787 c1c1 10                     		FCB 16 		; 0.360 3200
0788 c1c2 10                     		FCB 16 		; 0.360 4800
0789                             					;----------------------------------------------
0790                             					;----------------------------------------------
0791                             					; KNOCK PCT. RECOVERY RATE vs RPM
0792                             					;
0793                             					; Table values attack rate in PCT.
0794                             					;
0795                             					; RECOVERY/SEC * 256/500
0796                             					;----------------------------------------------
0797 c1c3                        		ORG $C1C3 	; PCT RPM
0798                             					;----------------------------------
0799 c1c3 14                     LC1C3: 	FCB 20 		; 39.0 400
0800 c1c4 14                     		FCB 20 		; 39.0 1200
0801 c1c5 1a                     		FCB 26 		; 50.8 2000
0802 c1c6 1f                     		FCB 31 		; 60.5 3200
0803 c1c7 1f                     		FCB 31 		; 60.5 4800
0804                             					;----------------------------------------------
0805                             					;----------------------------------------------
0806                             					; MAX KNOCK RETARD WHEN IN WOT vs RPM
0807                             					;
0808                             					; Dissassemby of BUA, LINES = 8
0809                             					; 09-14-1994, 10:27:25
0810                             					;
0811                             					; TBL = 5.688 * DEG RETARD
0812                             					;----------------------------------------------
0813 c1c8                        		ORG $C1C8 			; DEG RETARD RPM
0814                             					;----------------------------------
0815 c1c8 6c                     LC1C8: 	FCB 108 	; 19 800
0816 c1c9 4d                     LC1C9: 	FCB 77 		; 14 1600
0817 c1ca 41                     LC1CA: 	FCB 65 		; 11 2400
0818 c1cb 4d                     LC1CB: 	FCB 77 		; 14 3200
0819 c1cc 33                     LC1CC: 	FCB 51 		; 9 4000
0820 c1cd 22                     LC1CD: 	FCB 34 		; 6 4800
0821 c1ce 22                     LC1CE: 	FCB 34 		; 6 5600
0822 c1cf 22                     LC1CF: 	FCB 34 		; 6 6400
0823                             					;----------------------------------------------
0824                             		;***********************************************
0825                             		;* >>> END OF IGNITION TABLES <<<
0826                             		;*
0827                             		;***********************************************
0828                             		;***********************************************
0829                             		;* >>>DIAGNOSTIC PARAMS <<<
0830                             		;*
0831                             		;* BUA, TYPE 32, (MY86)
0832                             		;* General Params.
0833                             		;***********************************************
0834 c1d0                        		ORG $C1D0 	;
0835                             					;-----------------------------------
0836 c1d0 f7                     LC1D0: 	FCB $F7 	; 1111 0111, Mask For Mal Funct flg 1
0837                             					; b 0 Disables ERR Recognition
0838                             					;
0839                             					; b 0 = ERR Code 23 MAT Sensor low
0840                             					; b 1 = ERR Code 22 TPS low
0841                             					; b 2 = ERR Code 21 TPS High
0842                             					; b 3 = ERR Code 16 Not used
0843                             					;
0844                             					; b 4 = ERR Code 15 Cool Sensor Low Temp
0845                             					; b 5 = ERR Code 14 Cool Sensor Hi Temp
0846                             					; b 6 = ERR Code 13 Oxy Sensor
0847                             					; b 7 = ERR Code 12 No Ref pulse (Dist)
0848                             					;------------------------------------
0849 c1d1 ce                     LC1D1: 	FCB $CE 	; 1100 1110, Mask for ERR flag 2
0850                             					;
0851                             					; b 0 = ERR Code 35 M/A
0852                             					; b 1 = ERR Code 34 MAF Sensor low
0853                             					; b 2 = ERR Code 33 MAF Sensor high
0854                             					; b 3 = ERR Code 32 EGR Diag
0855                             					;
0856                             					; b 4 = ERR Code 31
0857                             					; b 5 = ERR Code 26
0858                             					; b 6 = ERR Code 25 MAT Sensor High
0859                             					; b 7 = ERR Code 24 VSS
0860                             					;------------------------------------
0861 c1d2 ff                     LC1D2: 	FCB $FF 	; 1111 1111, Mask For ERR flag 3
0862                             					;
0863                             					; b 0 = ERR Code 51 Prom Error
0864                             					; b 1 = ERR Code 46 VATS Fail
0865                             					; b 2 = ERR Code 45 o2 Sensor Rich
0866                             					; b 3 = ERR Code 44 o2 Sensor Lean
0867                             					;
0868                             					; b 4 = ERR Code 43 KNOCK Fail
0869                             					; b 5 = ERR Code 42 SPK Monitor error
0870                             					; b 6 = ERR Code 41 CYL Select error
0871                             					; b 7 = ERR Code 36 Burn off Diag.
0872                             					;------------------------------------
0873 c1d3 e0                     LC1D3: 	FCB $E0 	; 1110 0000, Mask for ERR flg 4
0874                             					;
0875                             					; b 0 = ERR Code 63
0876                             					; b 1 = ERR Code 62
0877                             					; b 2 = ERR Code 61
0878                             					; b 3 = ERR Code 56
0879                             					;
0880                             					; b 4 = ERR Code 55 ADU Error
0881                             					; b 5 = ERR Code 54 Fuel pump Voltage
0882                             					; b 6 = ERR Code 53 Over voltage
0883                             					; b 7 = ERR Code 52 Missing Cal Pack
0884                             					;------------------------------------
0885 c1d4 00                     LC1D4: 	FCB $00 	; 0000 0000, Mask for ERR flg 5
0886                             					;
0887                             					; b 0 = ERR Code
0888                             					; b 1 = ERR Code
0889                             					; b 2 = ERR Code
0890                             					; b 3 = ERR Code
0891                             					;
0892                             					; b 4 = ERR Code
0893                             					; b 5 = ERR Code
0894                             					; b 6 = ERR Code
0895                             					; b 7 = ERR Code
0896                             					;--------------------------------------
0897                             					;------------------------------------
0898 c1d5 32                     LC1D5: 	FCB 50 		; 50, SUCESSIVE PWR UP'S W/O ERROR
0899                             					;
0900 c1d6 0a                     LC1D6: 	FCB 10 		; 1 Sec ERR funct LOGGING FILTER CONSTANT #1
0901                             					; Num + Arg * 10
0902                             					;
0903 c1d7 32                     LC1D7: 	FCB 50 		; 5 Sec ERR funct LOGGING FILTER CONSTANT #2
0904                             					; Num = Arg * 10
0905                             					;
0906 c1d8 64                     LC1D8: 	FCB 100 	; 10 Sec ERR funct LOGGING FILTER CONSTANT #3
0907                             					; Num = Arg * 10
0908                             					;
0909 c1d9 78                     LC1D9: 	FCB 120 	; 12 Sec ERR funct LOGGING FILTER CONSTANT #4
0910                             					; Num = Arg * 10
0911                             					;
0912 c1da 00                     LC1DA: 	FCB 0 		; Ck ENG LAMP BULB TST TIME
0913                             					;---------------------------------
0914                             					;---------------------------------------------
0915                             					; ERR # 13 Params
0916                             					; >> o2 sensor <<
0917                             					;---------------------------------------------
0918 c1db                        		ORG $C1DB
0919 c1db 92                     LC1DB: 	FCB 146 	; Coolant lo limit. >= 70C, (157f)
0920                             					; CALIB = (deg c - 40) * (256/192)
0921 c1dc 3c                     LC1DC: 	FCB 60 		; If eng run time < 30 Sec, disable ERR 13
0922                             					; CALIB = sec / 2
0923 c1dd 4f                     LC1DD: 	FCB 79 		; If o2 volts <= 350 Mvdc, ERR 13
0924                             					; CALIB = vdc * 226
0925 c1de 7c                     LC1DE: 	FCB 124 	; If o2 volts > 548 Mvdc, ERR 13
0926                             					; CALIB = vdc * 226
0927 c1df 0d                     LC1DF: 	FCB 13 		; 5% TPS Min for ERR 13
0928                             					; CALIB = TPS * 2.56
0929 c1e0 1e                     LC1E0: 	FCB 30 		; 15 Sec TPS Min time limit for ERR 13
0930                             					; CALIB = Sec / 2
0931                             					;--------------------------------------------------------
0932                             					; ERR # 14 Params
0933                             					; >> Cool sensor Hi <<
0934                             					;--------------------------------------------------------
0935 c1e1                        		ORG $C1E1
0936 c1e1 e3                     LC1E1: 	FCB 227 	; If cool 130c, (266f) < then Disable #14
0937                             					; CALIB = (deg c +40) * 256/192
0938                             					;--------------------------------------------------------
0939                             					; ERR # 14/15 Params
0940                             					; >> Cool sensor Hi/Lo <<
0941                             					;--------------------------------------------------------
0942 c1e2                        		ORG $C1E2
0943 c1e2 87                     LC1E2: 	FCB 135 	; 61c, (142f), Cool Temp for default #14/15
0944                             					; CALIB = (deg c +40) * (256/192)
0945 c1e3 00 00                  LC1E3: FDB 0000 	; If Eng run 0 Sec Disable #15
0946                             					;--------------------------------------------------------
0947                             					; ERR # 15 Params
0948                             					; >> Cool sensor Low <<
0949                             					;--------------------------------------------------------
0950 c1e5                        		ORG $C1E5
0951 c1e5 fa                     LC1E5: 	FCB 250 	; IF TPS A/D <= disable ERR #15
0952                             					; TBL4 ADCOOL4K
0953                             					;--------------------------------------------------------
0954                             					; ERR #21 Params
0955                             					; >> TPS sensor Hi <<
0956                             					;--------------------------------------------------------
0957 c1e6                        		ORG $C1E6
0958 c1e6 f6                     LC1E6: 	FCB 246 	; IF TPS A/D > set ERR #21
0959 c1e7 80                     LC1E7: 	FCB 128 	; If TPS <= 50% disable #21
0960 c1e8 14                     LC1E8: 	FCB 20 		; 20 Sec's Time req for ERR #21
0961 c1e9 0c                     LC1E9: 	FCB 12 		; If Air Flow >= 12 gm?sec, disable ERR #21
0962                             					;--------------------------------------------------------
0963                             					; ERR # 21/22 Params
0964                             					; >> TPS sensor Hi/Lo <<
0965                             					;--------------------------------------------------------
0966 c1ea                        		ORG $C1EA
0967 c1ea 30                     LC1EA: 	FCB 48 		; Use as default A/D value for
0968                             					; TPS if ERR #21
0969                             					;--------------------------------------------------------
0970                             					; ERR # 22 Params
0971                             					; >> TPS sensor Lo <<
0972                             					;--------------------------------------------------------
0973 c1eb                        		ORG $C1EB
0974 c1eb 0c                     LC1EB: 	FCB 12 		; If TPS A/D >= 12 then disable ERR #22
0975                             					;--------------------------------------------------------
0976                             					; ERR # 23 Params
0977                             					; >> MAT sensor lo <<
0978                             					;--------------------------------------------------------
0979 c1ec                        		ORG $C1EC
0980 c1ec 04                     LC1EC: 	FCB 4 		; If MAT < Enable ERR 23
0981                             					; TBL3, A/D MAT INV
0982 c1ed 78                     LC1ED: 	FCB 120 	: 12 Sec req for ERR #23
0983                             					;--------------------------------------------------------
0984                             					; ERR # 23/25 Params
0985                             					; >> MAT sensor lo/Hi <<
0986                             					;--------------------------------------------------------
0987 c1ee                        		ORG $C1EE
0988 c1ee 00 f0                  LC1EE: 	FDB 0240 	: if Eng Run time <= 120 SEC															
0989                             					; disable ERR #23 & ERR #25
0990 c1f0 01                     LC1F0: 	FCB 1 		; 1 MPH MIN TO ENABLE ERR 23/25
0991 c1f1 1d                     LC1F1: 	FCB 29 		; If ERR #25 Use as Default
0992                             					; for MAT, (Deg C)
0993                             					;TBL3, ADMATINV
0994                             					;--------------------------------------------------------
0995                             					; ERR # 24 Params
0996                             					; >> Vss Sensor <<
0997                             					;--------------------------------------------------------
0998 c1f2                        		ORG $C1F2
0999 c1f2 03                     LC1F2: 	FCB 3 		; If > 3 MPH then disable ERR 24
1000 c1f3 28                     LC1F3: 	FCB 40 		; If <= 1000 RPM, Disable ERR #24
1001                             					; TBL1, NTRPM
1002 c1f4 f0                     LC1F4: 	FCB 240 	; If RPM > 6000 then disable ERR 24
1003                             					; TBL1, NTRPM
1004 c1f5 05                     LC1F5: 	FCB 5 		; If => 2% TPS then Disable ERR 24
1005                             					; CALIB = Arg * 2.56, (1.93%)
1006 c1f6 1a                     LC1F6: 	FCB 26 		; If LV8 >= 26, Disable ERR 24
1007 c1f7 02                     LC1F7: 	FCB 2 		; 2 Sec's TIMER for ERR 24
1008                             					;--------------------------------------------------------
1009                             					; ERR # 25 Params
1010                             					; >> MAT sensor Hi <<
1011                             					;--------------------------------------------------------
1012 c1f8                        		ORG $C1F8
1013 c1f8 f3                     LC1F8: 	FCB 243 	; If MAT > then Enable ERR 25
1014                             					; TBL3, ADMATINV
1015 c1f9 78                     LC1F9: 	FCB 120 	; 12 Sec's req for ERR 25
1016                             					; CALIB = Sec's * 10
1017                             					;--------------------------------------------------------
1018                             					; ERR # 32 Params
1019                             					; >> EGR Diag <<
1020                             					;--------------------------------------------------------
1021 c1fa                        		ORG $C1FA
1022 c1fa 5e                     LC1FA: 	FCB 94 		; If COOL >= 30.5c, (87f), Skip
1023                             					; Strt up ERR #32
1024                             					; CALIB = (deg c + 40) * (256/19)
1025 c1fb 80                     LC1FB: 	FCB 128 	; If LV8 > 128 then Skip #32
1026 c1fc ad                     LC1FC: 	FCB 173 	; If Cool < 89.8c, (194f),
1027                             					; Disable ERR #32
1028                             					; CALIB = (deg c + 40) * (256/192)
1029 c1fd 85                     LC1FD: 	FCB 133 	; If EGR DC < 51.9%, skip ERR #32
1030                             					; CALIB = EGR DC * 2.56
1031 c1fe 4d                     LC1FE: 	FCB 77 		; If TPS > 30%than Skip #32
1032                             					; CALIB = Arg * 2.56
1033 c1ff 0f                     LC1FF: 	FCB 15 		; If TPS < 5.8%, Skip ERR #32
1034                             					; CALIB = Arg * 2.56
1035 c200 0a 00                  LC200: 	FDB 2560 	; Log ERR #32 if tmr > 2560 CNT'S
1036 c202 01                     LC202: 	FCB 1 		; Inc ERR #32 tmr this amt
1037                             					; every 100 Msec.
1038                             					;--------------------------------------------------
1039                             					; ERR # 33 Params
1040                             					; >> MAF Sensor Hi <<
1041                             					;--------------------------------------------------
1042 c203                        		ORG $C203
1043 c203 26                     LC203: 	FCB 38 		; If TPS >= 14.8%, set ERR #34
1044                             					; CALIB = Arg * 2.56
1045 c204 2d                     LC204: 	FCB 45 		; If Air Flow <= 45 gms/sec
1046                             					; disable ERR #33
1047 c205 60                     LC205: 	FCB 96 		; If > 0.6 Sec, Set code #33
1048                             					; CALIB + Arg * 160
1049 c206 08                     LC206: 	FCB 8 		; 800 Msec ERR 34 Min time req.
1050                             					; CALIB = Arg * 10
1051 c207 80                     LC207: 	FCB 128 	; If RPM > Disable #33
1052                             					; RPM/25
1053 c208 64                     LC208: 	FCB 100 	; 10.0 VDC PUMP VDC FOR ERR 33 ENABLE
1054                             					;--------------------------------------------------------
1055                             					; ERR # 34 Params
1056                             					; >> MAF Sensor Lo <<
1057                             					;--------------------------------------------------------
1058 c209 28                     LC209: 	FCB 40 		; 6.4 SEC'S, MIN TIME W/O SIGNAL, (IF FM DIG MAF)
1059                             					; CALIB = Arg/6.25
1060 c20a 00 37                  LC20A: 	FDB 55 		; IF Analog CTS * 7 or PP2DLT < 55
1061                             					; Set ERR 34.
1062 c20c 02                     LC20C: 	FCB 2 		; ERR #43, 0.2 Sec Min time req.
1063                             					; CALIB + Arg * 10
1064 c20d 18                     LC20D: 	FCB 24 		; If RPM > 600, Ck ERR #34
1065 c20e 10                     LC20E: 	FCB 16 		; If TPS > 6.25%, Ck ERR #34
1066                             					; CALIB = Arg * 2.56,
1067 c20f 00                     LC20F: 	FCB 0 		; If LV8 >= 0, Ck ERR #34
1068 c210 82                     LC210: 	FCB 130 	; If LV8 <= 130, Ck ERR #34
1069 c211 00 55                  LC211: 	FDB 85 		; IF Analog CTS * 7 or
1070                             					; PP2DLT <, enab ERR #34
1071                             					;--------------------------------------------------------
1072                             					; ERR # 33/34 Params
1073                             					; >> MAF Sensor Hi/Lo <<
1074                             					;--------------------------------------------------------
1075 c213 a7                     LC213: 	FCB 167 	; If TPS > 65.2%, then use for MAF Default
1076                             					; CALIB = Arg * 2.56
1077 c214 15                     LC214: 	FCB 21 		; Gms/sec Scale factor
1078                             					; gms/sec/IAC Count
1079                             					; CALIB = Arg * 256
1080 c215 04 00                  LC215: 	FDB 1024 	; 4 Gms/Sec default air flow offset
1081                             					;CALIB = Arg * 256
1082                             					;--------------------------------------------
1083                             					; DEFAULT AIR FLOW OFFSET PER PCT TPS VS RPM
1084                             					; Value = Gms/Sec * 100 pct, (Offset)
1085                             					;
1086                             					; TBL = Arg * 100
1087                             					;--------------------------------------------
1088 c217                        		ORG $C217
1089 c217 08                     LC217: 	FCB 8 		; Table Value
1090                             					;
1091                             					; Gms/Sec RPM
1092                             					;------------------------
1093 c218 1e                     		FCB 30 		; 0.30 400
1094 c219 5a                     		FCB 90 		; 0.90 800
1095 c21a 6e                     		FCB 110 	; 1.10 1200
1096 c21b 87                     		FCB 135 	; 1.35 1600
1097 c21c 96                     		FCB 150 	; 1.50 2000
1098 c21d af                     		FCB 175 	; 1.75 2400
1099 c21e d2                     		FCB 210 	; 2.10 3200
1100 c21f e1                     		FCB 225 	; 2.25 4000
1101 c220 e6                     		FCB 230 	; 2.30 4800
1102                             					;--------------------------------------------
1103                             					;--------------------------------------------------------
1104                             					; ERR # 36 Params
1105                             					; >> MAF Burn off Diag <<
1106                             					;--------------------------------------------------------
1107 c221 03                     LC221: 	FCB 3 		; 0.3 Second Dly prior to Burn off
1108                             					; CAL = Arg * 10
1109 c222 06                     LC222: 	FCB 6 		; 6 fails req for ERR #36 If HLM air meter
1110 c223 5f                     LC223: 	FCB 95 		; 1.90 VDC, Fail B/O test if HLM A/D GT 1.90 VDC
1111 c224 14                     LC224: 	FCB 20 		; Fail B/O test if A/D < 400 mvdc
1112                             					;--------------------------------------------------------
1113                             					; ERR # 41 Params
1114                             					; >> Cyl Sel error <<
1115                             					;--------------------------------------------------------
1116 c225 00                     LC225: 	FCB 0 		; Fuel mode
1117                             					; 24 = TBI
1118                             					; 16 = 4 Cyl PFI
1119                             					; 8 = 6 Cyl PFI
1120                             					; 0 = 8 Cyl PFI
1121                             					;--------------------------------------------------------
1122                             					; ERR # 42 Params
1123                             					; >> EST monitor error <<
1124                             					;--------------------------------------------------------
1125 c226 04                     LC226: 	FCB 4 		; RPM, tbl1,ntrpm
1126                             					;TBL1 NTRPM
1127 c227 02                     LC227: 	FCB 2 		;If SPK toggled, (PA1 cnt's)
1128                             					; >= 2 times, prior to eng run set ERR #42
1129 c228 40                     LC228: 	FCB 64 		;1048.6 msec ERR 42 treshold,
1130                             					;--------------------------------------------------------
1131                             					; ERR # 43 Params
1132                             					; >> KNOCK fail <<
1133                             					;--------------------------------------------------------
1134 c229 eb                     LC229: 	FCB 235 	; If KNOCK low time > 3.67 Sec,Enab ERR #43
1135                             					; CALIB = Arg * 64
1136 c22a 2d                     LC22A: 	FCB 45 		; If ERR 43, then KNOCK retard 7.9 Deg
1137                             					; CALIB = Deg * 256/45
1138 c22b 39                     LC22B: 	FCB 57 		; Add 10 Deg Sprk Adv for #43 test
1139                             					; CALIB = Deg * 256/45
1140 c22c ad                     LC22C: 	FCB 173 	; 90C, (194) MIN COOL TO ENABLE ERR 43
1141                             					; CALIB = (Deg C + 40) * 256/192
1142 c22d aa                     LC22D: 	FCB 170 	; If LV < 170, Disable ERR 43
1143                             					;--------------------------------------------------------
1144                             					; ERR # 44 Params
1145                             					; >> o2 Sensor lean <<
1146                             					;--------------------------------------------------------
1147 c22e 2d                     LC22E: 	FCB 45 		; If 02 Sensor >= 0.19v, then disable #44
1148                             					; CALIB = Arg * 226
1149 c22f 14                     LC22F: 	FCB 20 		; 20 Seconds to set #44
1150                             					;--------------------------------------------------------
1151                             					; ERR # 45 Params
1152                             					; >> o2 Sensor rich <<
1153                             					;--------------------------------------------------------
1154 c230 9e                     LC230: 	FCB 158 	; If o2 Sensor >= 0.699v, disable ERR #45
1155                             					; CALIB = Arg * 226
1156 c231 32                     LC231: 	FCB 50 		; 50 Seconds to set ERR
1157 c232 05                     LC232: 	FCB 5 		; If TPS > 1.95%, enab ERR #45
1158                             					; CALIB = Arg * 2.56
1159 c233 00                     LC233: 	FCB 00 		; If TPS < 0%, enab ERR #45
1160                             					; CALIB = TPS% * 2.56
1161                             					;--------------------------------------------------------
1162                             					; ERR # 54 Params
1163                             					; >> Fuel Pump voltage <<
1164                             					; CALIB = Arg * 10
1165                             					;--------------------------------------------------------
1166 c234 0f                     LC234: 	FCB 15 		; 1.5 SEC'S MIN FOR ERR 54
1167 c235 14                     LC235: 	FCB 20 		; 2.0 VDC MIN PUMP VOLTS FOR ERR #54
1168 c236 14                     LC236: 	FCB 20 		; 2.O VDC MIN PUMP VOLTS FOR ERR 54
1169 c237 14                     LC237: 	FCB 20 		; 2.O VDC MIN IGN VOLTAGE FOR ERR 54
1170                             					;----------------------------------------------------------
1171                             		;*******************************************************
1172                             		;* >>> EGR QUAILIFICATIONS <<<
1173                             		;*
1174                             		;* BUA, ECM TYPE $32
1175                             		;*
1176                             		;*******************************************************
1177 c238                        		ORG $C238
1178 c238 05                     LC238: 	FCB 5 		; Enable EGR if TPS > 1.95%, (If EGR DC <> 0)
1179                             					; CALIB = Arg * 2.56
1180 c239 08                     LC239: 	FCB 8 		; Enable EGR if TPS > 3.13%, (if EGR DC = 0)
1181                             					; CALIB = Arg * 2.56
1182                             					;
1183 c23a 1e                     LC23A: 	FCB 30 		;If MAT < then disable EGR
1184                             					;-----------------------------------------------------
1185                             					;-----------------------------------------------------
1186                             					; EGR Duty CYC vs LV8 & RPM
1187                             					;
1188                             					; Tbl Val(DC) = CALIB * (256/100)
1189                             					;-----------------------------------------------------
1190 c23b                        		ORG $C23B
1191 c23b 20                     LC23B: 	FCB 32 		; Min Min Val for RPM
1192 c23c 20                     		FCB 32 		; LV8 Min
1193 c23d 09                     		FCB 9 		; 9 Lines in table
1194                             					;----------------------------------
1195                             					; 800 RPM
1196                             					;----------------------------------
1197 c23e ff                     		FCB 255 	; LV 32, DC =99.6%
1198 c23f ff                     		FCB 255 	; LV 48
1199 c240 ff                     		FCB 255 	; LV 64
1200 c241 ff                     		FCB 255 	; LV 80
1201 c242 ff                     		FCB 255 	; LV 96
1202 c243 ff                     		FCB 255 	; LV 112
1203 c244 ff                     		FCB 255 	; LV 128
1204 c245 ff                     		FCB 255 	; LV 144
1205 c246 ff                     		FCB 255 	; LV 160
1206                             					;--------------------------------
1207                             					; 1200 RPM
1208                             					;---------------------------------
1209 c247 ff                     		FCB 255 	;LV 32
1210 c248 ff                     		FCB 255 	;LV 48
1211 c249 ff                     		FCB 255 	;LV 64
1212 c24a ff                     		FCB 255 	;LV 80
1213 c24b ff                     		FCB 255 	;LV 96
1214 c24c ff                     		FCB 255 	;LV 112
1215 c24d ff                     		FCB 255 	;LV 128
1216 c24e ff                     		FCB 255 	;LV 144
1217 c24f ff                     		FCB 255 	;LV 160
1218                             					;---------------------------------
1219                             					; 1600 RPM
1220                             					;---------------------------------
1221 c250 ff                     		FCB 255 	;LV 32
1222 c251 ff                     		FCB 255 	;LV 48
1223 c252 ff                     		FCB 255 	;LV 64
1224 c253 ff                     		FCB 255 	;LV 80
1225 c254 ff                     		FCB 255 	;LV 96
1226 c255 ff                     		FCB 255 	;LV 112
1227 c256 ff                     		FCB 255 	;LV 128
1228 c257 ff                     		FCB 255 	;LV 144
1229 c258 ff                     		FCB 255 	;LV 160
1230                             					;---------------------------------
1231                             					; 2000 RPM
1232                             					;---------------------------------
1233 c259 ff                     		FCB 255 	;LV 32
1234 c25a ff                     		FCB 255 	;LV 48
1235 c25b ff                     		FCB 255 	;LV 64
1236 c25c ff                     		FCB 255 	;LV 80
1237 c25d ff                     		FCB 255 	;LV 96
1238 c25e ff                     		FCB 255 	;LV 112
1239 c25f ff                     		FCB 255 	;LV 128
1240 c260 ff                     		FCB 255 	;LV 144
1241 c261 ff                     		FCB 255 	;LV 160
1242                             					;------------------------------------------------------
1243                             					;------------------------------------------------------
1244                             					; EGR DUTY CYCLE MULTIPLIER (0-2) vs COOLANT
1245                             					; Gain vs Coolant Temp.
1246                             					;
1247                             					; TABLE VAL = Mult * 128
1248                             					;------------------------------------------------------
1249 c262                        		ORG $C262
1250                             					;------------------------------------------------------
1251                             					;
1252                             					; MULT COOL
1253                             					;------------------------------------------------------
1254 c262 00                     LC262: 	FCB 0 		; 0 8
1255 c263 00                     		FCB 0 		; 0 20
1256 c264 00                     		FCB 0 		; 0 32
1257 c265 00                     		FCB 0 		; 0 44
1258 c266 80                     		FCB 128 	; 1 56
1259 c267 80                     		FCB 128 	; 1 68
1260 c268 80                     		FCB 128 	; 1 80
1261                             					;------------------------------------------------------
1262                             		;*******************************************************
1263                             		;*******************************************************
1264                             		;* >>>> Can Purge Param's <<<<
1265                             		;*
1266                             		;*******************************************************
1267 c269                        		ORG $C269
1268 c269 50                     LC269: 	FCB 80 		; If Eng time > 80 sec then disable CCP
1269 c26a 93                     LC26A: 	FCB 147 	; Disable CCP if Cool < 70.3c, (158.4f)
1270                             					; cal = (Deg c + 40) * 256/192
1271                             					;----------------------
1272                             					; CCP off to on Params
1273                             					;----------------------
1274 c26b 10                     LC26B: 	FCB 16 		; Enable CCP if >= 5 MPH
1275                             					; CALIB = Arg * (16/5)
1276 c26c 0a                     LC26C: 	FCB 10 		; If TPS > = 3.9% then enable CCP
1277                             					; CALIB = Arg * 2.56
1278 c26d 00                     LC26D: 	FCB 0 		; If Air flow > 0 then enable CCP
1279                             					;----------------------
1280                             					; CCP on to off params
1281                             					;
1282                             					;----------------------
1283 c26e 0a                     LC26E: 	FCB 10 		; If < 3.12 MPH Disable CCP
1284                             					; CALIB = Arg * (16/5)
1285 c26f 05                     LC26F: 	FCB 5 		; If TPS < 1.95% then Disable purge
1286                             					; CALIB = Arg * 2.56
1287 c270 00                     LC270: 	FCB 0 		; If Flow > 0 don't disable CCP
1288                             					; Gms/Sec
1289 c271 20                     LC271: 	FCB 32 		; Filter Coef for CCP D.C.
1290                             					;------------------------------------------------------
1291                             					;------------------------------------------------------
1292                             					; CCP Duty Cycle vs MAF, Gms/Sec
1293                             					;
1294                             					; Table Value = %DC * 2.56
1295                             					;------------------------------------------------------
1296 c272                        		ORG $C272
1297 c272 08                     LC272: 	FCB 8 		; 9 Lines in tbl
1298                             					;------------------------------------------------------
1299                             					;
1300                             					; %DC AIR FLOW, Gms/Sec
1301                             					;------------------------------------------------------
1302 c273 10                     		FCB 16 		; 6 0
1303 c274 20                     		FCB 32 		; 13 4
1304 c275 30                     		FCB 48 		; 19 8
1305 c276 50                     		FCB 80 		; 31 12
1306 c277 a0                     		FCB 160 	; 63 16
1307 c278 d0                     		FCB 208 	; 81 20
1308 c279 ff                     		FCB 255 	; 100 24
1309 c27a ff                     		FCB 255 	; 100 28
1310 c27b ff                     		FCB 255 	; 100 32
1311                             					;------------------------------------------------------
1312                             					;------------------------------------------------------
1313                             					; CCP Duty Cycle Gain Vs Load Value
1314                             					;
1315                             					; Tble Value = Factor * 128
1316                             					;------------------------------------------------------
1317                             ;		ORG $C27B
1318                             ;LC27B:	FCB 8 		; 9 LINE TBL
1319                             					;--------------------------------------------------
1320                             					;------------------------------------------------------
1321                             					;
1322                             					; GAIN LD VAL
1323                             					;------------------------------------------------------
1324 c27c 80                     LC27C: 	FCB 128 	; 1 32
1325 c27d 80                     		FCB 128 	; 1 64
1326 c27e 80                     		FCB 128 	; 1 96
1327 c27f 80                     		FCB 128 	; 1 128
1328 c280 80                     		FCB 128 	; 1 160
1329 c281 80                     		FCB 128 	; 1 192
1330 c282 80                     		FCB 128 	; 1 224
1331 c283 80                     		FCB 128 	; 1 256
1332                             					;------------------------------------------------------
1333                             		;*******************************************************
1334                             		;*******************************************************
1335                             		;* TRANSMISSION CONTROL DATA & PARAM's
1336                             		;* ECM TYPE $32
1337                             		;* 700R4
1338                             		;*******************************************************
1339 c284                        		ORG $C284
1340 c284 ff                     LC284: 	FCB 255 	; SPEED FILTER COEF, (0.996)
1341                             					; CALIB = ARG * 256
1342                             					;
1343 c285 78                     LC285: 	FCB 120 	; 50C, (122F), COOL TRESH FOR LOCK/UP SHFT ENAB
1344                             					; CALIB = (ARG+40) * 256/192
1345                             					;
1346 c286 29                     LC286: 	FCB 41 		; 1st GEAR DIRECT N/V RATIO
1347 c287 23                     LC287: 	FCB 35 		; 1st GEAR O.D. N/V RATIO
1348                             					;
1349 c288 1e                     LC288: 	FCB 30 		; MIN 4th GEAR N/V RATIO
1350 c289 23                     LC289: 	FCB 35 		; MAX 4th GEAR N/V RATIO
1351                             					;
1352 c28a 08                     LC28A: 	FCB 8 		; 0.8 SEC, 4TH GEAR N/V TIMER
1353                             					; CALIB = ARG * 10, (8/10 SEC)
1354                             					;
1355 c28b ff                     LC28B: 	FCB 255 	; LOOK AHEAD 1ST GEAR TPS, (100%)
1356                             					;
1357 c28c 00                     LC28C: 	FCB 0 		; UP SHIFT/LOCK DELAY
1358                             					; CALIB = ARG * 10, (SEC)
1359                             					;
1360 c28d 00                     LC28D: 	FCB 0 		; 1ST GEAR DELAY TIMER
1361                             					; CALIB = ARG * 10, (SEC)
1362                             					;
1363 c28e 03                     LC28E: 	FCB 3 		; HYST FOR %TCC
1364                             					; CALIB = ARG * 2.56
1365                             					;
1366 c28f 20                     LC28F: 	FCB 32 		; RD SPEED COAST, (32 MPH)
1367                             					;
1368 c290 08                     LC290: 	FCB 8 		; LOW MPH COAST TPS = 3.125%
1369                             					; CALIB = ARG * 2.56, (TPS %)
1370                             					;
1371 c291 00                     LC291: 	FCB 0 		; HI MPH COAST TPS
1372                             					; CALIB = ARG * 10, (TPS %)
1373                             					;
1374 c292 ff                     LC292: 	FCB 255 	; KICK DN PREVENT (SHFTER SW)
1375                             					; CALIB = ARG / 25, (6375 RPM)
1376                             					;
1377 c293 80                     LC293: 	FCB 128 	; KICK DN/UNLOCK TPS
1378                             					; CALIB = ARG/25, (3200 RPM)
1379                             					;
1380 c294 80                     LC294: 	FCB 128 	; KICK DN/UNLOCK TPS PREV'NT RPM
1381                             					; CALIB = ARG/25, (3200 RPM)
1382                             					;
1383 c295 3c                     LC295: 	FCB 60 		; MIN VSS, (60 MPH) FOR FORCE UPSHIFT
1384                             					;
1385 c296 00                     LC296: 	FCB 0 		; 0 SEC'S, HI TO LO GEAR LOCK
1386                             					; CALIB = ARG * 10, (SEC'S)
1387                             					;
1388 c297 1a                     LC297: 	FCB 26 		; BIAS TO LOCK ENAB THRESH, (26 MPH)
1389                             					;
1390 c298 ff                     LC298: 	FCB 255 	; NO PASSBY L/U IF TPS < 99.6%
1391                             					; CALIB = ARG * 2.56
1392                             					;
1393 c299 1c                     LC299: 	FCB 28 		; NO PASS BY L/U IF =< 28 MPH
1394                             					;
1395                             					; PASS BY RPH HYST PAIR
1396                             					;
1397 c29a 20                     LC29A: 	FCB 32 		; NO PASS BY L/U IF > 800 RPM
1398 c29b ff                     LC29B: 	FCB 255 	; NO PASS BY L/U IF RPM < 6375
1399                             					; CAL = ARG/25
1400                             					;
1401 c29c ff ff                  LC29C: 	FDB 65535 	; 819 SEC DLY PRIOR TO PASSBY/LOCKUP
1402                             					; CALIB = ARG * 80
1403                             					;
1404 c29e 00 f0                  LC29E: 	FDB 0240 	; KEEP TCC LK'ED UP FOR PASSBY 30 SEC
1405                             					; CAL = ARG * 80
1406                             					;------------------------------------------------------
1407                             					; MANUAL - 1ST GEAR DNSHFT
1408                             					; AUTO TRANS - NON 4TH GEAR UNLOCK
1409                             					;
1410                             					; % OF FULL LOAD * 2.56
1411                             					; 12 ENTRIES
1412                             					;------------------------------------------------------
1413 c2a0                        		ORG $C2A0
1414 c2a0 0e                     LC2A0: 	FCB 14 		; 14 MPH, UNLOCK 1ST(MAN), LO GR (AUTO)
1415                             					;------------------------------------------------------
1416                             					;
1417                             					; %FULL LD MPH
1418                             					;------------------------------------------------------
1419 c2a1 3b                     LC2A1: 	FCB 59 		; 23 12
1420 c2a2 48                     		FCB 72 		; 28 20
1421 c2a3 5c                     		FCB 92 		; 35 28
1422 c2a4 80                     		FCB 128 	; 50 36
1423 c2a5 a6                     		FCB 166 	; 65 44
1424 c2a6 da                     		FCB 218 	; 85 52
1425 c2a7 ec                     		FCB 236 	; 92 60
1426 c2a8 ff                     		FCB 255 	; 100 68
1427 c2a9 ff                     		FCB 255 	; 100 76
1428 c2aa ff                     		FCB 255 	; 100 84
1429 c2ab ff                     		FCB 255 	; 100 92
1430 c2ac ff                     		FCB 255 	; 100 100
1431                             					;------------------------------------------------------
1432                             					;------------------------------------------------------
1433                             					; Manual - 1st gear Up shift
1434                             					; Auto Trans - Non 4th Gear lock
1435                             					;
1436                             					; % Of Full Load * 2.56
1437                             					;------------------------------------------------------
1438 c2ad                        		ORG $C2AD
1439 c2ad 0f                     LC2AD: 	FCB 15 		; UNLOCK AT 15 MPH 1ST MAN & LOW GRS MAN
1440                             					;------------------------------------------------------
1441                             					;
1442                             					; %FULL LD MPH
1443                             					;------------------------------------------------------
1444 c2ae 33                     LC2AE: 	FCB 51 		; 20 12
1445 c2af 3b                     		FCB 59 		; 23 20
1446 c2b0 43                     		FCB 67 		; 26 28
1447 c2b1 57                     		FCB 87 		; 34 36
1448 c2b2 73                     		FCB 115 	; 45 44
1449 c2b3 a6                     		FCB 166 	; 65 52
1450 c2b4 d2                     		FCB 210 	; 82 60
1451 c2b5 d2                     		FCB 210 	; 82 68
1452 c2b6 d2                     		FCB 210 	; 82 76
1453 c2b7 d2                     		FCB 210 	; 82 84
1454 c2b8 d2                     		FCB 210 	; 82 92
1455 c2b9 d2                     		FCB 210 	; 82 100
1456                             					;--------------------------------------------------
1457 c2ba 0e                     LC2BA: 	FCB 14 		; Unlock 14 MPH Hi gr Auto & Non 1st Man
1458                             					;------------------------------------------------------
1459                             					; MANUAL - 1ST GEAR DNSHIFT
1460                             					; AUTO TRANS - 4TH GEAR UNLOCK
1461                             					;
1462                             					; % OF FULL LOAD * 2.56
1463                             					;------------------------------------------------------
1464 c2bb                        		ORG $C2BB
1465                             					;------------------------------------------------------
1466                             					;
1467                             					; %FULL LD MPH
1468                             					;------------------------------------------------------
1469 c2bb ff                     LC2BB: 	FCB 255 	; 100 12
1470 c2bc 71                     		FCB 113 	; 44 20
1471 c2bd 8d                     		FCB 141 	; 55 28
1472 c2be ac                     		FCB 172 	; 67 36
1473 c2bf c8                     		FCB 200 	; 78 44
1474 c2c0 e1                     		FCB 225 	; 88 52
1475 c2c1 ff                     		FCB 255 	; 100 60
1476 c2c2 ff                     		FCB 255 	; 100 68
1477 c2c3 ff                     		FCB 255 	; 100 76
1478 c2c4 ff                     		FCB 255 	; 100 84
1479 c2c5 ff                     		FCB 255 	; 100 92
1480 c2c6 ff                     		FCB 255 	; 100 100
1481                             					;---------------------------------------------------
1482                             					;-----------------------------------------------------
1483                             					; MANUAL - 4TH GEAR UP SHIFT
1484                             					; AUTO TRANS - 4TH GEAR LOCK
1485                             					;
1486                             					; TBLE VAL = PCT FULL LD * (256/100)
1487                             					;-----------------------------------------------------
1488 c2c7                        		ORG $C2C7
1489 c2c7 0f                     LC2C7: 	FCB 15 		; 15 MPH MIN LK HI GEAR AUTO & NON 1ST MAN
1490                             					;------------------------------------------------------
1491                             					;
1492                             					; %TPS MPH
1493                             					;------------------------------------------------------
1494 c2c8 00                     LC2C8: 	FCB 00 		; 0 12
1495 c2c9 4d                     		FCB 77 		; 30 20
1496 c2ca 69                     		FCB 105 	; 41 28
1497 c2cb 88                     		FCB 136 	; 53 36
1498 c2cc ae                     		FCB 174 	; 68 44
1499 c2cd d7                     		FCB 215 	; 84 52
1500 c2ce ff                     		FCB 255 	;100 60
1501 c2cf ff                     		FCB 255 	;100 68
1502 c2d0 ff                     		FCB 255 	;100 76
1503 c2d1 ff                     		FCB 255 	;100 84
1504 c2d2 ff                     		FCB 255 	;100 92
1505 c2d3 ff                     		FCB 255 	;100 100
1506                             		;******************************************************
1507                             		;******************************************************
1508                             		;* Check CARS LIGHT TABLE & CALIB'S
1509                             		;*
1510                             		;******************************************************
1511 c2d4                        		ORG $C2D4
1512 c2d4 78                     LC2D4: 	FCB 120 	; 50C, (122F) COOL TEMP FOR ENG LITE ENABLE
1513                             					; CALIB = (TEMP C + 40) * (256/192)
1514 c2d5 28                     LC2D5: 	FCB 40 		; 40 MPH LIMIT FOR LITE ENAB
1515 c2d6 00                     LC2D6: 	FCB 00 		; 0% TPS MIN LIMIT FOR LITE
1516 c2d7 00                     LC2D7: 	FCB 00 		; 0 LV8 MIN FOR LITE ON
1517                             					;
1518                             					; 2 line tbl
1519                             					;
1520 c2d8 38                     LC2D8: 	FCB 56 		; 1400 RPM/25 Thres for lite
1521 c2d9 d0                     LC2D9: 	FCB 208 	; 5200 RPM/25, force lite on
1522                             					;-----------------------------------------------------
1523                             					; SHIFT Lite on Table, TPS VS RPM
1524                             					;
1525                             					;
1526                             					; % TPS * (256/100)
1527                             					;-----------------------------------------------------
1528                             ;		EQU $02DA
1529                             					;-----------------------------------------------------
1530                             					;
1531                             					; %TPS RPM
1532                             					;-----------------------------------------------------
1533 c2da 0d                     LC2DA: 	FCB 13 		; 5 800
1534 c2db 2e                     		FCB 46 		; 18 1600
1535 c2dc 76                     		FCB 118 	; 46 2400
1536 c2dd c0                     		FCB 192 	; 75 3200
1537 c2de c0                     		FCB 192 	; 75 4000
1538 c2df ff                     		FCB 255 	;100 4800
1539 c2e0 ff                     		FCB 255 	;100 5600
1540                             					;-----------------------------------------------------
1541                             					;
1542                             					; 2 line tbl
1543                             					;
1544 c2e1 34                     LC2E1: 	FCB 52 		; Lite off, 625 RPM/25
1545 c2e2 cc                     LC2E2: 	FCB 204 	; Force lite Off, 5100 RPM/25
1546                             					;-----------------------------------------------------
1547                             					; SHIFT Lite Off Table, %TPS vs RPM
1548                             					;
1549                             					; Table Val = % TPS * (256/100)
1550                             					;-----------------------------------------------------
1551                             ;		EQU $02E3
1552                             					;-----------------------------------------------------
1553                             					;
1554                             					; %TPS RPM
1555                             					;-----------------------------------------------------
1556 c2e3 12                     LC2E3: 	FCB 18 		; 7 800
1557 c2e4 33                     		FCB 51 		; 20 1600
1558 c2e5 7b                     		FCB 123 	; 48 2400
1559 c2e6 c5                     		FCB 197 	; 77 3200
1560 c2e7 c5                     		FCB 197 	; 77 4000
1561 c2e8 ff                     		FCB 255 	;100 4800
1562 c2e9 ff                     		FCB 255 	;100 5600
1563                             					;-----------------------------------------------------
1564 c2ea 02                     LC2EA: 	FCB 2 		; E Lite on delay Mult
1565                             					; CALIB = Arg
1566                             					;-----------------------------------------------------
1567                             					; Eng Lite on Modifier Delay vs TPS
1568                             					;
1569                             					;
1570                             					; Tbl Val = Sec * 10/delay mult
1571                             					;----------------------------------------------------
1572                             					;
1573                             					; SEC'S %TPS
1574                             					;----------------------------------------------------
1575 c2eb 96                     LC2EB: 	FCB 150 	; 30 0.0
1576 c2ec 96                     		FCB 150 	; 30 12.5
1577 c2ed 96                     		FCB 150 	; 30 25.0
1578 c2ee 96                     		FCB 150 	; 30 37.5
1579 c2ef 96                     		FCB 150 	; 30 50.0
1580                             		;*******************************************************
1581                             		;********************************************************
1582                             		;* >>> Cooling Fan Tables & Params <<<
1583                             		;*
1584                             		;* TYPE $32 ECM
1585                             		;********************************************************
1586 c2f0 23                     LC2F0: 	FCB 35 		; Fan D.C. = if MPH > 35 & A/C Press Hi
1587 c2f1 0b                     LC2F1: 	FCB 11 		; Use A/C If > 11 MPH
1588 c2f2 4b                     LC2F2: 	FCB 75 		; 15 Sec, Min Fan On Time
1589                             					; Cal = Arg * 5
1590                             					;
1591                             					;
1592                             					;
1593 c2f3 ff                     LC2F3: 	FCB 255 	; Fan 99.6% D.C. If A/C Pres ^ & MPH <
1594                             					; Cal = Arg * 2.56
1595                             					;
1596                             					; FAN 1 ON 107c
1597                             					; Cal = (deg c + 40) * (256/192)
1598                             					;
1599 c2f4 c5                     LC2F4: 	FCB 197 	; Fan D.C. = tbl if Cool >= 107c, (226f)
1600                             					; & A/C on & FAN OFF
1601                             					;
1602                             					; FAN 2 OFF, 105c
1603                             					;
1604 c2f5 c1                     LC2F5: 	FCB 193 	; Fan D.C. = tbl if Cool >= 104.7c, (220.5f)
1605                             					; & A/C on & FAN on
1606                             					;
1607                             					; FAN 2 ON, 115c
1608                             					; Cal = (deg c + 40) * (256/192)
1609                             					;
1610 c2f6 cf                     LC2F6: 	FCB 207 	; Fan D.C. = tbl if Cool >= 115.2c, (239.5f)
1611                             					; & A/C off & FAN off
1612                             					;
1613                             					; FAN 1 OFF 110c
1614                             					;
1615 c2f7 c8                     LC2F7: 	FCB 200 	; Fan D.C. = tbl if Cool >= 110c, (230f)
1616                             					; A/C off & FAN on
1617                             					; Cal = (Arg + 40) * 256/192, (Deg C)
1618                             					;---------------------------------------------
1619                             					; Fan Duty Cycle D.C. vs Coolant Temp
1620                             					;
1621                             					; Tbl Val = %D.C. * (256/100)
1622                             					;---------------------------------------------
1623 c2f8 ff                     LC2F8: 	FCB 255 	;100% DC, 80 Deg C
1624 c2f9 ff                     		FCB 255 	; 92
1625 c2fa ff                     		FCB 255 	; 104
1626 c2fb ff                     		FCB 255 	; 116
1627 c2fc ff                     		FCB 255 	; 128
1628 c2fd ff                     		FCB 255 	; 140
1629 c2fe ff                     		FCB 255 	; 152 C
1630                             		;***************************************************
1631                             		;***************************************************
1632                             		;* >>> Air Injection Managment Tables & Param's <<<
1633                             		;*
1634                             		;***************************************************
1635 c2ff 00                     LC2FF: 	FCB 00 		; Max Air to ports if in Pwr Enrich
1636                             					; If In WOT >= then divert Air, (Sec)
1637                             					;
1638 c300 0a                     LC300: 	FCB 10 		; Divert if If RPM Cont > ____ > 10 SEC
1639                             					; Cal = Arg * 10, (1 Sec)
1640                             					;
1641 c301 aa                     LC301: 	FCB 170 	; If Filtered o2 > 0.752 vdc for ___
1642                             					; Then divert
1643                             					; Cal = Arg * 226
1644 c302 38                     LC302: 	FCB 56 		; If Filtered o2 0.247 vdc & in closed loop
1645                             					; > Then divert
1646                             					; Cal = Arg * 226
1647                             					;
1648 c303 00 c8                  LC303: 	FDB 200 		; 20 sec Rich or Lean o2 Divert timer
1649                             					; Cal = Arg * 10
1650                             					;
1651 c305 a0                     LC305: 	FCB 160 	; Divert if cont > 4000 RPM & time >
1652                             					;
1653 c306 0a                     LC306: 	FCB 10 		; Enable air to conv If > 1 SEC since
1654                             					; last neg delta LV8 > is <
1655                             					;
1656 c307 19                     LC307: 	FCB 25 		; If LV8 < 25 then Divert
1657 c308 64                     LC308: 	FCB 100 	; If LV8 > 100 & MPH > Divert Air
1658 c309 3c                     LC309: 	FCB 60 		; If > 60 MPH & LV8 > then divert
1659                             					;
1660 c30a 40                     LC30A: 	FCB 64 		; Enable air to conv if in open lp
1661                             					; & 100 Msec Drop in LV8 < 64
1662                             					;
1663 c30b 49                     LC30B: 	FCB 73 		; If Cool < 14c, (58.5f) then divert
1664                             					; Cal = (Arg + 40) * 256/192
1665 c30c fe                     LC30C: 	FCB 254 	; If in Open Lp => 25.4 Sec after
1666                             					; closed loop then Divert
1667                             					; Cal = Arg * 10
1668                             		;***************************************************
1669                             					;--------------------------------------------------
1670                             					; >>> Delta TPS Accel Enrichment <<<
1671                             					; Tables & params
1672                             					;--------------------------------------------------
1673 c30d 20                     LC30D: 	FCB 32 		; 0.125, Trans TPS filter coef.
1674                             					; Cal = Arg * 256
1675                             					;
1676 c30e 0a                     LC30E: 	FCB 10 		; 3.9% Min Diff TPS for Pwr Enrichment
1677                             					; Cal = Arg * 2.56
1678                             					;
1679 c30f 0a                     LC30F: 	FCB 10 		; 0 Async Accel Enrich if Neg Diff TPS > 3.9%
1680                             					; Cal = msec * 2.56
1681                             					;
1682 c310 00 6f                  LC310: 	FDB 0111 	; 1.69 msec Min Async Pulse Width
1683                             					; Cal = msec * 65.536
1684                             					;
1685 c312 01 6c                  LC312: 	FDB 0364 	; 5.5 msec Max Async Pulse Width
1686                             					; Cal = msec * 65.536, (5.55 Msec)
1687 c314 02                     LC314: 	FCB 2 		; Cal of Injects in fuel limiting
1688                             					;--------------------------------------------------
1689                             					; ACCEL ENRICHMENT FACTOR % BPW INJ (0-4)
1690                             					;
1691                             					;
1692                             					; TBL = FACTOR * 64
1693                             					;--------------------------------------------------
1694 c315 20                     LC315: 	FCB 32 		; 0.5, 1 A.E. Pulses
1695 c316 20                     		FCB 32 		; 0.5 2
1696 c317 20                     		FCB 32 		; 0.5 3
1697 c318 20                     		FCB 32 		; 0.5 4
1698 c319 20                     		FCB 32 		; 0.5 5
1699 c31a 20                     		FCB 32 		; 0.5 6
1700 c31b 20                     		FCB 32 		; 0.5 7
1701 c31c 20                     		FCB 32 		; 0.5 8
1702                             					;--------------------------------------------------
1703                             					;-------------------------------------
1704                             					; Number of Pulses Coolant
1705                             					;
1706                             					;
1707                             					; TBL = Number of Pulses
1708                             					;--------------------------------------
1709 c31d 08                     LC31D: 	FCB 8 		; Num of Entries in table
1710                             					;--------------------------------------------------
1711                             					;
1712                             					; PULSES Deg c COOL
1713                             					;--------------------------------------------------
1714 c31e 0c                     		FCB 12 		; 12 -40
1715 c31f 0c                     		FCB 12 		; 12 -16
1716 c320 0c                     		FCB 12 		; 12 8
1717 c321 0c                     		FCB 12 		; 12 32
1718 c322 0c                     		FCB 12 		; 12 56
1719 c323 0c                     		FCB 12 		; 12 80
1720 c324 0c                     		FCB 12 		; 12 104
1721 c325 0c                     		FCB 12 		; 12 128
1722 c326 0c                     		FCB 12 		; 12 152
1723                             					;--------------------------------------------------
1724                             					;-------------------------------------
1725                             					; Async Factor vs COOLANT
1726                             					; 8 LINE TBL, BUA TYOE $32 ECM
1727                             					;
1728                             					; TBL = Factor * 128
1729                             					;--------------------------------------
1730 c327 08                     LC327: 	FCB 8 		; NUM OF ENTRIES IN TABLE
1731                             					;
1732                             					; MULT Deg C
1733                             					;-------------------------
1734 c328 80                     		FCB 128 	; 1.00, -40
1735 c329 80                     		FCB 128 	; 1.00 -16
1736 c32a 80                     		FCB 128 	; 1.00 8
1737 c32b 80                     		FCB 128 	; 1.00 32
1738 c32c 80                     		FCB 128 	; 1.00 56
1739 c32d 60                     		FCB 96 		; 0.75 80
1740 c32e 40                     		FCB 64 		; 0.50 104
1741 c32f 40                     		FCB 64 		; 0.50 128
1742 c330 40                     		FCB 64 		; 0.50 152 C
1743                             					;--------------------------------------------------
1744                             					;--------------------------------------------------
1745                             					; FUEL Limiting Factor vs Coolant
1746                             					;
1747                             					; Bits 0 - 3 Are after Next Inject
1748                             					; Bits 4 - 7 Trigger To Next inject
1749                             					;--------------------------------------------------
1750 c331 d9                     LC331: 	FCB 217 	; 217 -40 Deg C
1751 c332 d9                     		FCB 217 	; 217 -16
1752 c333 d9                     		FCB 217 	; 217 8
1753 c334 d9                     		FCB 217 	; 217 32
1754 c335 d9                     		FCB 217 	; 217 56
1755 c336 a9                     		FCB 169 	; 169 80
1756 c337 a9                     		FCB 169 	; 169 104
1757 c338 a9                     		FCB 169 	; 169 128 C
1758                             					;--------------------------------------------------
1759                             					;-------------------------------------
1760                             					; Differental Accel Enrichment
1761                             					; Tables & param's
1762                             					;--------------------------------------
1763 c339 01                     LC339: 	FCB 1 		; Loops between Filtering of Ld Vals, (sec)
1764 c33a 20                     LC33A: 	FCB 32 		; Transient Ld Val Filter coef, (0.125)
1765 c33b 80                     LC33B: 	FCB 128 	; Init Ld Val Filter constant
1766 c33c 14                     LC33C: 	FCB 20 		; Min Delta LV8 for Acel enrich
1767                             					;------------------------------------------------------
1768                             					; LV8 AE FACTOR vs DELTA LV8
1769                             					;
1770                             					; DELTA LV8 ABOVE MINIMUM (LC33C)
1771                             					;
1772                             					; TBL = Mult * 128
1773                             					;------------------------------------------------------
1774 c33d 04                     LC33D: 	FCB 4 		; Num of lines in table -1
1775                             					;------------------------------------------------------
1776                             					;
1777                             					; MULT Diff ld VAL
1778                             					;------------------------------------------------------
1779 c33e 20                     		FCB 32 		; 0.25 0
1780 c33f 20                     		FCB 32 		; 0.25 64
1781 c340 28                     		FCB 40 		; 0.31 128
1782 c341 34                     		FCB 52 		; 0.40 192
1783 c342 34                     		FCB 52 		; 0.40 256
1784                             					;------------------------------------------------------
1785                             					;------------------------------------------------------
1786                             					; Coolant Multilpier vs Coolant Temp.
1787                             					;
1788                             					;
1789                             					; Tbl Value = Mult * 128
1790                             					;------------------------------------------------------
1791 c343 08                     LC343: 	FCB 8 		; Num of lines in table -1
1792                             					;------------------------------------------------------
1793                             					;
1794                             					; MULT COOL Deg C
1795                             					;------------------------------------------------------
1796 c344 2d                     		FCB 45 		; 0.35 -40 Deg C
1797 c345 2d                     		FCB 45 		; 0.35 -16
1798 c346 2d                     		FCB 45 		; 0.35 8
1799 c347 2d                     		FCB 45 		; 0.35 32
1800 c348 13                     		FCB 19 		; 0.14 56
1801 c349 06                     		FCB 6 		; 0.04 80
1802 c34a 00                     		FCB 0 		; 0,00 104
1803 c34b 00                     		FCB 0 		; 0.00 128
1804 c34c 00                     		FCB 0 		; 0,00 152
1805                             					;------------------------------------------------------
1806                             					;------------------------------------------------------
1807                             					; ACCEL ENRICH DECAY FACTOR VS COOLANT TEMP.
1808                             					;
1809                             					; TABLE VALUE + DIFF LD VAL PCT'AGE PER INJECT
1810                             					;
1811                             					; TBL VAL = %CHG * (256/100)
1812                             					;------------------------------------------------------
1813 c34d 08                     LC34D: 	FCB 8 		; Num of lines in table -1
1814                             					;------------------------------------------------------
1815                             					;
1816                             					; %CHG COOL Deg C
1817                             					;------------------------------------------------------
1818 c34e 40                     		FCB 64 		; 25 -40 Deg C
1819 c34f 40                     		FCB 64 		; 25 -16
1820 c350 2c                     		FCB 44 		; 17 8
1821 c351 2c                     		FCB 44 		; 17 32
1822 c352 40                     		FCB 64 		; 25 56
1823 c353 66                     		FCB 102 	; 40 80
1824 c354 80                     		FCB 128 	; 50 104
1825 c355 99                     		FCB 153 	; 60 128
1826 c356 99                     		FCB 153 	; 60 152
1827                             		;*******************************************************
1828                             		;*******************************************************
1829                             		;* >>> Cranking Tables & Param's <<<
1830                             		;*
1831                             		;*******************************************************
1832 c357 00 00                  LC357: 	FDB $0000 	; DRP VAL If Crank RPM < then use this
1833 c359 80                     LC359: 	FCB 128 	; Crank RPM Coef, (0.5)
1834                             					; CALIB = Arg * 256
1835 c35a 00                     LC35A: 	FCB 0 		; IF FF CNTR > 0 & enr running then
1836                             					; skip crank fuel logic
1837                             					;------------------------------------------------------
1838                             					; CRANK FUEL MULTIPLIER vs RPM
1839                             					;
1840                             					;
1841                             					; TBL = Mult * 256
1842                             					;------------------------------------------------------
1843 c35b                        		ORG $C35B
1844                             					;------------------------------------------------------
1845                             					;
1846                             					; MULT RPM
1847                             					;------------------------------------------------------
1848 c35b 00                     LC35B: 	FCB 0 		; 0 0
1849 c35c 00                     		FCB 0 		; 0 50
1850 c35d 00                     		FCB 0 		; 0 100
1851 c35e 00                     		FCB 0 		; 0 150
1852 c35f 00                     		FCB 0 		; 0 200
1853 c360 00                     		FCB 0 		; 0 250
1854 c361 00                     		FCB 0 		; 0 300
1855 c362 00                     		FCB 0 		; 0 350
1856 c363 00                     		FCB 0 		; 0 400
1857 c364 00                     		FCB 0 		; 0 450
1858 c365 00                     		FCB 0 		; 0 500
1859 c366 00                     		FCB 0 		; 0 550
1860 c367 00                     		FCB 0 		; 0 600
1861 c368 00                     		FCB 0 		; 0 650
1862 c369 00                     		FCB 0 		; 0 700
1863 c36a 00                     		FCB 0 		; 0 750
1864 c36b 00                     		FCB 0 		; 0 800
1865                             					;------------------------------------------------------
1866                             					;------------------------------------------------------
1867                             					; CRANK FUEL vs COOLANT Temp.
1868                             					;
1869                             					;
1870                             					; Table = Msec * (65.536 * 256) / LC36C
1871                             					;------------------------------------------------------
1872 c36c 19 9a                  LC36C: FDB 6554 	; Scale Factor for Max Crk P.W.
1873                             					;------------------------------------------------------
1874                             					;
1875                             					; MSEC PW COOL Deg c
1876                             					;------------------------------------------------------
1877 c36e e6                     LC36E: 	FCB 230 	; 89.8 -40
1878 c36f cd                     		FCB 205 	; 80.0 -28
1879 c370 4d                     		FCB 77 		; 30.1 -16
1880 c371 33                     		FCB 51 		; 19.9 -4
1881 c372 21                     		FCB 33 		; 12.9 8
1882 c373 17                     		FCB 23 		; 8.9 20
1883 c374 14                     		FCB 20 		; 7.8 32
1884 c375 13                     		FCB 19 		; 7.4 44
1885 c376 12                     		FCB 18 		; 7.0 56
1886 c377 11                     		FCB 17 		; 6.6 68
1887 c378 0e                     		FCB 14 		; 5.5 80
1888 c379 0c                     		FCB 12 		; 4.7 92
1889 c37a 10                     		FCB 16 		; 6.3 104
1890 c37b 14                     		FCB 20 		; 7.8 115
1891                             					;------------------------------------------------------
1892 c37c 00 20                  LC37C: FDB 0032 	; 32 Sec Min eng run time to reset
1893 c37e c5                     LC37E: 	FCB 197 	; Min TPS 76.9% limit to reset pls ctr
1894                             					;------------------------------------------------------
1895                             					;
1896                             					; CRANK FUEL PW MULT vs DRP's
1897                             					;
1898                             					; Tbl = Mult * 256
1899                             					;------------------------------------------------------
1900 c37f                        		ORG $C37F
1901                             					;------------------------------------------------------
1902                             					;
1903                             					; MULT DRP'S
1904                             					;------------------------------------------------------
1905 c37f ff                     LC37F: 	FCB 255 	; 1 0
1906 c380 ff                     		FCB 255 	; 1 8
1907 c381 ff                     		FCB 255 	; 1 16
1908 c382 ff                     		FCB 255 	; 1 24
1909 c383 ff                     		FCB 255 	; 1 32
1910 c384 ff                     		FCB 255 	; 1 40
1911 c385 ff                     		FCB 255 	; 1 48
1912 c386 ff                     		FCB 255 	; 1 56
1913 c387 ff                     		FCB 255 	; 1 64
1914 c388 ff                     		FCB 255 	; 1 72
1915 c389 ff                     		FCB 255 	; 1 80
1916 c38a ff                     		FCB 255 	; 1 88
1917 c38b ff                     		FCB 255 	; 1 96
1918 c38c ff                     		FCB 255 	; 1 104
1919 c38d ff                     		FCB 255 	; 1 112
1920 c38e ff                     		FCB 255 	; 1 120
1921 c38f ff                     		FCB 255 	; 1 128
1922                             					;------------------------------------------------------
1923                             					;------------------------------------------------------
1924                             					; Crank Fuel PW Mult vs TPS %
1925                             					;
1926                             					; Table = Mult * 64
1927                             					;------------------------------------------------------
1928 c390 08                     LC390: 	FCB 8 		;Num of lines in table -1
1929                             					;------------------------------------------------------
1930                             					;
1931                             					; MULT %TPS
1932                             					;------------------------------------------------------
1933 c391 40                     		FCB 64 		; 1.000 0.0
1934 c392 51                     		FCB 81 		; 1.265 12.5
1935 c393 51                     		FCB 81 		; 1.265 25.0
1936 c394 59                     		FCB 89 		; 1.390 37.5
1937 c395 61                     		FCB 97 		; 1.515 50.0
1938 c396 6a                     		FCB 106 	; 1.656 62.5
1939 c397 73                     		FCB 115 	; 1.796 75.0
1940 c398 00                     		FCB 0 		; 0.000 87.5 Un-flood
1941 c399 00                     		FCB 0 		; 0.000 100
1942                             					;------------------------------------------------------
1943                             		;*******************************************************
1944                             		;* >>> Fuel/Air Tables & Params <<<
1945                             		;*
1946                             		;*******************************************************
1947 c39a 70                     LC39A: 	FCB 112 	; Throt Hi - Throt Lo
1948 c39b 23                     LC39B: 	FCB 35 		; 13.7% Min TPS Throttle Posit
1949                             					; CALIB = Arg * 2.56
1950 c39c 01                     LC39C: 	FCB 1 		; Filt coef Low TPS, (0.0039)
1951 c39d 10                     LC39D: 	FCB 16 		; Cool Temp Coef, (0.0625)
1952                             					; CALIB = Arg * 256
1953                             		;********************
1954                             		;* o2 SENSOR PARAMS
1955                             		;********************
1956 c39e f0                     LC39E: 	FCB 240 	; o2 Sens 12.5 Msec COEF, (0.9375)
1957                             					; CALIB = Arg * 256
1958                             					;
1959 c39f 05                     LC39F: 	FCB 5 		; o2 Sens 100 Msec coef, (0.0195)
1960                             					; CALIB = Arg * 256
1961                             					;
1962 c3a0 66                     LC3A0: 	FCB 102 	; 12.5 msec o2 Filter init val
1963                             					; WHEN ENG NOT RUNNING, (0.398 VDC)
1964                             					; CALIB = Arg * 256
1965                             					;
1966                             					; Fuel Output Param's
1967                             					;
1968 c3a1 00 6f                  LC3A1: 	FDB 0111 	; 1.693 msec Min Base PW
1969                             					; CALIB = Arg * 65.536
1970 c3a3 00 6f                  LC3A3: 	FDB 0111 	; 1.693 msec Default Pulse Width
1971                             					; CALIB = Arg * 65.536
1972 c3a5 ff                     LC3A5: 	FCB 255 	; SHUT OFF ALL FUEL if > 255 MPH
1973                             					; CALIB = Arg = Table
1974 c3a6 00 62                  LC3A6: 	FDB 0098 	; SHUT OFF ALL FUEL IF => RPM
1975                             					; & MPH =>
1976                             					; CALIB = Arg 65536 * 120/(Arg * Num Cyl)
1977 c3a8 fe                     LC3A8: 	FCB 254 	; ENAB FUEL IF < 254 MPH
1978 c3a9 00 67                  LC3A9: 	FDB 103 	; ENAB FUEL IF RPM <
1979                             					; CALIB = Arg $FFFF * 120/Arg * Num Cyl
1980                             					;------------------------------------------------------
1981                             					; Inj Offset Vs Batt Volts
1982                             					; Measured At Pump
1983                             					;
1984                             					; TBL = Msec * 32.768 Msec
1985                             					;------------------------------------------------------
1986 c3ab                        		ORG $C3AB
1987                             					;------------------------------------------------------
1988                             					;
1989                             					; Msec ADDER BAT VDC
1990                             					;------------------------------------------------------
1991 c3ab 15                     LC3AB: 	FCB 21 		; 6.90 0.0
1992 c3ac 15                     		FCB 21 		; 6.90 1.6
1993 c3ad 15                     		FCB 21 		; 6.90 3.2
1994 c3ae e3                     		FCB 227 	; 2.89 4.8
1995 c3af e3                     		FCB 227 	; 2.89 6.4
1996 c3b0 5f                     		FCB 95 		; 1.20 8.0
1997 c3b1 3b                     		FCB 59 		; 9.6
1998 c3b2 29                     		FCB 41 		; 11.2
1999 c3b3 1e                     		FCB 30 		; 12.8
2000 c3b4 15                     		FCB 21 		; 0.336 14.4
2001 c3b5 10                     		FCB 16 		; 16.0
2002 c3b6 0b                     		FCB 11 		; 17.6
2003 c3b7 0a                     		FCB 10 		; 19.2
2004 c3b8 08                     		FCB 8 		; 20.8
2005 c3b9 07                     		FCB 7 		; 0.152 22.4
2006 c3ba 06                     		FCB 6 		; 24.0
2007 c3bb 05                     		FCB 5 		; 25.5 VDC
2008                             					;------------------------------------------------------
2009                             					;------------------------------------------------------
2010                             					; Inj Offset for Small PW's vs Base PW
2011                             					;
2012                             					; TBL = Msec * 65.536 Msec
2013                             					;------------------------------------------------------
2014 c3bc 12                     LC3BC: 	FCB 18 		; 0.198 msec 0.488 msec
2015 c3bd 0f                     		FCB 15 		; 0.153 0.732
2016 c3be 0d                     		FCB 13 		; 0.122 0.976
2017 c3bf 0a                     		FCB 10 		; 0.076 1.220
2018 c3c0 08                     		FCB 8 		; 0.046 1.460
2019 c3c1 05                     		FCB 5 		; 0.015 1.780
2020 c3c2 03                     		FCB 3 		; 0.000 2.197
2021 c3c3 01                     		FCB 1 		; 0.000 2.440
2022 c3c4 00                     		FCB 0 		; 0.000 2.685
2023 c3c5 00                     		FCB 0 		; 0.000 2.929
2024 c3c6 00                     		FCB 0 		; 0.000 3.170
2025 c3c7 00                     		FCB 0 		; 0.000 3.410
2026 c3c8 00                     		FCB 0 		; 0.000 3.660
2027 c3c9 00                     		FCB 0 		; 0.000 3.900
2028                             					;------------------------------------------------------
2029                             		;*******************************************************
2030                             		;* >>> Open Loop Fuel Tables & Param's <<<
2031                             		;*
2032                             		;* ORG $S3CB
2033                             		;*******************************************************
2034 c3cb                        		ORG $C3CB
2035                             		
2036 c3cb 01 bd                  LC3CB: 	FDB 0445 	; Stoch Ratio  <<<<<<<<<<<<< dld this seems wrong LDD will offset to word C3CA
2037                             					; CALIB = 6553.6/Arg, (14.727:1)
2038 c3cd 02 df                  LC3CD: 	FDB 0735 	; Table LU Multiplier
2039                             					; 65536/(7235) * 5)
2040                             					;------------------------------------------------------
2041                             					; INJ FLOW RATE
2042                             					; 23#/HR INJECTORS
2043                             					;
2044                             					; Double Fire #/h = 10158.8/cal val
2045                             					; Single Fire #/h = 20317.6/cal val
2046                             					;------------------------------------------------------
2047 c3cf 01 b9                  LC3CF: 	FDB 0441 	; Double Fire Prod of Inj Flow rate
2048                             					; cal = Sec/gm * (256 * 5)
2049                             					;
2050                             					; 0.344/sec/g,
2051                             					; (1/0.344/sec/g) = 2.902 g/sec
2052                             					; 2.902 g/sec * 3.6 = 10.448 kg/hr, (23#)
2053                             					;
2054 c3d1 03 72                  LC3D1: 	FDB 0882 	; Single Fire Prod of Inj Flow rate
2055                             					; cal = Sec/gm * (256 * 10)
2056                             					; 0.344/sec/g, 2.902 g/sec * 3.6 = 10.448 kg/hr, (23#)
2057                             					;------------------------------------------------------
2058                             					;------------------------------------------------------
2059                             					; OPEN LOOP A/F Pct Chg vs LD VALUE
2060                             					; TYPE $32 ECM MY 86
2061                             					;
2062                             					; Dissassemby of BUA LINES = 17
2063                             					; 09-23-1994, 09:32:07
2064                             					;
2065                             					; TBL = 2.56 * PCT CHG TO AFR
2066                             					;------------------------------------------------------
2067 c3d3                        		ORG $C3D3
2068                             					;------------------------------------------------------
2069                             					;
2070                             					; PCT CHG TO AFR LD VAL
2071                             					;------------------------------------------------------
2072 c3d3 00                     LC3D3: 	FCB 0 		; 0.0 0
2073 c3d4 00                     LC3D4: 	FCB 0 		; 0.0 16
2074 c3d5 00                     LC3D5: 	FCB 0 		; 0.0 32
2075 c3d6 00                     LC3D6: 	FCB 0 		; 0.0 48
2076 c3d7 00                     LC3D7: 	FCB 0 		; 0.0 64
2077 c3d8 03                     LC3D8: 	FCB 3 		; 1.2 80
2078 c3d9 08                     LC3D9: 	FCB 8 		; 3.1 96
2079 c3da 08                     LC3DA: 	FCB 8 		; 3.1 112
2080 c3db 0d                     LC3DB: 	FCB 13 		; 5.1 128
2081 c3dc 12                     LC3DC: 	FCB 18 		; 7.0 144
2082 c3dd 17                     LC3DD: 	FCB 23 		; 9.0 160
2083 c3de 17                     LC3DE: 	FCB 23 		; 9.0 176
2084 c3df 17                     LC3DF: 	FCB 23 		; 9.0 192
2085 c3e0 17                     LC3E0: 	FCB 23 		; 9.0 208
2086 c3e1 17                     LC3E1: 	FCB 23 		; 9.0 224
2087 c3e2 17                     LC3E2: 	FCB 23 		; 9.0 240
2088 c3e3 17                     LC3E3: 	FCB 23 		; 9.0 256
2089                             					;--------------------------------------------------
2090                             					;--------------------------------------------------
2091                             					; START UP ENRICH vs COOL
2092                             					;
2093                             					; Dissassemby of BUA, LINES = 14
2094                             					; 09-23-1994, 09:26:54
2095                             					;
2096                             					; TBL = 2.56 * PCT CHG
2097                             					;--------------------------------------------------
2098 c3e4                        		ORG $C3E4
2099                             					;--------------------------------------------------
2100                             					;
2101                             					; PCT CHG Deg c COOL
2102                             					;--------------------------------------------------
2103 c3e4 eb                     LC3E4: 	FCB 235 	; 91.8 -40.0
2104 c3e5 d7                     LC3E5: 	FCB 215 	; 84.0 -28.0
2105 c3e6 c2                     LC3E6: 	FCB 194 	; 75.8 -16.0
2106 c3e7 ab                     LC3E7: 	FCB 171 	; 66.8 -4.0
2107 c3e8 73                     LC3E8: 	FCB 115 	; 44.9 8.0
2108 c3e9 24                     LC3E9: 	FCB 36 		; 14.1 20.0
2109 c3ea 24                     LC3EA: 	FCB 36 		; 14.1 32.0
2110 c3eb 24                     LC3EB: 	FCB 36 		; 14.1 44.0
2111 c3ec 24                     LC3EC: 	FCB 36 		; 14.1 56.0
2112 c3ed 1a                     LC3ED: 	FCB 26 		; 10.2 68.0
2113 c3ee 1a                     LC3EE: 	FCB 26 		; 10.2 80.0
2114 c3ef 1a                     LC3EF: 	FCB 26 		; 10.2 92.0
2115 c3f0 1a                     LC3F0: 	FCB 26 		; 10.2 104.0
2116 c3f1 1a                     LC3F1: 	FCB 26 		; 10.2 116.0
2117                             					;------------------------------------------------------
2118                             					;------------------------------------------------------
2119                             					; Start up Enrich Decay vs Cool Temp.
2120                             					;
2121                             					; Tbl Val = Num of Injects
2122                             					;------------------------------------------------------
2123 c3f2 02 00                  LC3F2: 	FDB 512 	;Scale factor for Table, (2)
2124 c3f4 af                     LC3F4: 	FCB 175 	; -40,
2125 c3f5 9e                     		FCB 158 	; -28
2126 c3f6 8c                     		FCB 140 	; -16
2127 c3f7 8c                     		FCB 140 	; - 4
2128 c3f8 8c                     		FCB 140 	; 8
2129 c3f9 7f                     		FCB 127 	; 20
2130 c3fa 78                     		FCB 120 	; 32
2131 c3fb 64                     		FCB 100 	; 44
2132 c3fc 50                     		FCB 80 		; 56
2133 c3fd 49                     		FCB 73 		; 68
2134 c3fe 43                     		FCB 67 		; 80
2135 c3ff 43                     		FCB 67 		; 92
2136 c400 43                     		FCB 67 		; 104
2137 c401 43                     		FCB 67 		; 116
2138                             					;------------------------------------------------------
2139                             					;------------------------------------------------------
2140                             					; Start up Enrichment Decay Rep Rate Vs Start
2141                             					; up Coolant Temp
2142                             					;
2143                             					; Tbl Val = Num of Injects
2144                             					;------------------------------------------------------
2145 c402 17                     LC402: 	FCB 23 		; -40 Deg C
2146 c403 17                     		FCB 23 		; -28. Injects
2147 c404 17                     		FCB 23 		; -16
2148 c405 17                     		FCB 23 		; -4
2149 c406 17                     		FCB 23 		; 8
2150 c407 15                     		FCB 21 		; 20
2151 c408 14                     		FCB 20 		; 32
2152 c409 10                     		FCB 16 		; 44
2153 c40a 0d                     		FCB 13 		; 56
2154 c40b 0c                     		FCB 12 		; 68
2155 c40c 0b                     		FCB 11 		; 80
2156 c40d 0b                     		FCB 11 		; 92
2157 c40e 0b                     		FCB 11 		; 104
2158 c40f 0b                     		FCB 11 		; 116
2159                             					;------------------------------------------------------
2160                             					;------------------------------------------------------
2161                             					; Start up Enrich Decay amt Vs Start up Cool Temp
2162                             					;
2163                             					; Tbl Val = Pct Chg * 655.36
2164                             					;------------------------------------------------------
2165 c410 fc                     LC410: 	FCB 252 	; -40
2166 c411 fc                     		FCB 252 	; -28
2167 c412 fc                     		FCB 252 	; -16
2168 c413 fc                     		FCB 252 	; -4
2169 c414 fc                     		FCB 252 	; 8
2170 c415 fc                     		FCB 252 	; 20
2171 c416 fc                     		FCB 252 	; 32
2172 c417 97                     		FCB 151 	; 44
2173 c418 97                     		FCB 151 	; 56
2174 c419 97                     		FCB 151 	; 68
2175 c41a 97                     		FCB 151 	; 80
2176 c41b 97                     		FCB 151 	; 92
2177 c41c 97                     		FCB 151 	; 104
2178 c41d 97                     		FCB 151 	; 116
2179                             					;--------------------------------------------------
2180                             					;--------------------------------------------------
2181                             					; OPEN LOOP A/F % CHANGE VS COOL TEMP
2182                             					;
2183                             					; Dissassemby of BUA, LINES = 14
2184                             					; 09-23-1994, 09:36:15
2185                             					;
2186                             					; TBL = 2.56 * %CHG TO AFR + BIAS
2187                             					;--------------------------------------------------
2188 c41e                        		ORG $C41E
2189 c41e dd                     LC41E: 	FCB 221 	; Open Lp AFR Bias to Set up Lean Lmt
2190                             					;
2191                             					; AFR = 20:1 EXAMPLE
2192                             					; 14.7 * 256 = 189
2193                             					;--------------------------------------------------
2194                             					;
2195                             					; %CHG TO AFR Deg c COOL
2196                             					;--------------------------------------------------
2197 c41f 59                     LC41F: 	FCB 89 		; 34.8 -40.0
2198 c420 44                     LC420: 	FCB 68 		; 26.6 -28.0
2199 c421 40                     LC421: 	FCB 64 		; 25.0 -16.0
2200 c422 35                     LC422: 	FCB 53 		; 20.7 -4.0
2201 c423 31                     LC423: 	FCB 49 		; 19.1 8.0
2202 c424 23                     LC424: 	FCB 35 		; 13.7 20.0
2203 c425 19                     LC425: 	FCB 25 		; 9.8 32.0
2204 c426 19                     LC426: 	FCB 25 		; 9.8 44.0
2205 c427 19                     LC427: 	FCB 25 		; 9.8 56.0
2206 c428 19                     LC428: 	FCB 25 		; 9.8 68.0
2207 c429 19                     LC429: 	FCB 25 		; 9.8 80.0
2208 c42a 19                     LC42A: 	FCB 25 		; 9.8 92.0
2209 c42b 19                     LC42B: 	FCB 25 		; 9.8 104.0
2210 c42c 19                     LC42C: 	FCB 25 		; 9.8 116.0
2211                             					;--------------------------------------------------
2212                             					;------------------------------------------------------
2213                             					; Dissassemby of BUA.BIN
2214                             					; Base fuel injection PW's vs LOAD
2215                             					;
2216                             					; 07-22-1989 12:28:30
2217                             					;
2218                             					; BPINJ/5 = 89 * INJ BC * LV8 / ( 1024 * LV SCALAR)
2219                             					;
2220                             					; TBL = Msec * (65536/5)
2221                             					; TBL = 13.1072 * PW Msec
2222                             					;------------------------------------------------------
2223 c42d 00                     LC42D: 	FCB 0 		; Row min, RPM
2224 c42e 00                     		FCB 0 		; Min LV8 Value
2225 c42f 11                     		FCB 17 		; Num ROWS/BLK
2226                             					;----------------------------------------------------
2227                             					; 0 RPM Msec. LOAD
2228                             					;----------------------------------------------------
2229 c430 00                     		FCB 0 		; 0.0 LD = 0
2230 c431 08                     		FCB 8 		; 0.6 LD = 16
2231 c432 0f                     		FCB 15 		; 1.1 LD = 32
2232 c433 17                     		FCB 23 		; 1.8 LD = 48
2233 c434 1f                     		FCB 31 		; 2.4 LD = 64
2234 c435 26                     		FCB 38 		; 2.9 LD = 80
2235 c436 2e                     		FCB 46 		; 3.5 LD = 96
2236 c437 36                     		FCB 54 		; 4.1 LD = 112
2237 c438 3d                     		FCB 61 		; 4.7 LD = 128
2238 c439 45                     		FCB 69 		; 5.3 LD = 144
2239 c43a 4d                     		FCB 77 		; 5.9 LD = 160
2240 c43b 54                     		FCB 84 		; 6.4 LD = 176
2241 c43c 5c                     		FCB 92 		; 7.0 LD = 192
2242 c43d 64                     		FCB 100 	; 7.6 LD = 208
2243 c43e 6b                     		FCB 107 	; 8.2 LD = 224
2244 c43f 73                     		FCB 115 	; 8.8 LD = 240
2245 c440 7b                     		FCB 123 	; 9.4 LD = 256
2246                             					;----------------------------------------------------
2247                             					; 400 RPM Msec. LOAD
2248                             					;----------------------------------------------------
2249 c441 00                     		FCB 0 		; 0.0 LD = 0
2250 c442 08                     		FCB 8 		; 0.6 LD = 16
2251 c443 0f                     		FCB 15 		; 1.1 LD = 32
2252 c444 17                     		FCB 23 		; 1.8 LD = 48
2253 c445 1f                     		FCB 31 		; 2.4 LD = 64
2254 c446 26                     		FCB 38 		; 2.9 LD = 80
2255 c447 2e                     		FCB 46 		; 3.5 LD = 96
2256 c448 36                     		FCB 54 		; 4.1 LD = 112
2257 c449 3d                     		FCB 61 		; 4.7 LD = 128
2258 c44a 45                     		FCB 69 		; 5.3 LD = 144
2259 c44b 4d                     		FCB 77 		; 5.9 LD = 160
2260 c44c 54                     		FCB 84 		; 6.4 LD = 176
2261 c44d 5c                     		FCB 92 		; 7.0 LD = 192
2262 c44e 64                     		FCB 100 	; 7.6 LD = 208
2263 c44f 6b                     		FCB 107 	; 8.2 LD = 224
2264 c450 73                     		FCB 115 	; 8.8 LD = 240
2265 c451 7b                     		FCB 123 	; 9.4 LD = 256
2266                             					;----------------------------------------------------
2267                             					; 800 RPM Msec. LOAD
2268                             					;----------------------------------------------------
2269 c452 00                     		FCB 0 		; 0.0 LD = 0
2270 c453 08                     		FCB 8 		; 0.6 LD = 16
2271 c454 0f                     		FCB 15 		; 1.1 LD = 32
2272 c455 17                     		FCB 23 		; 1.8 LD = 48
2273 c456 1f                     		FCB 31 		; 2.4 LD = 64
2274 c457 26                     		FCB 38 		; 2.9 LD = 80
2275 c458 2e                     		FCB 46 		; 3.5 LD = 96
2276 c459 36                     		FCB 54 		; 4.1 LD = 112
2277 c45a 3d                     		FCB 61 		; 4.7 LD = 128
2278 c45b 45                     		FCB 69 		; 5.3 LD = 144
2279 c45c 4d                     		FCB 77 		; 5.9 LD = 160
2280 c45d 54                     		FCB 84 		; 6.4 LD = 176
2281 c45e 5c                     		FCB 92 		; 7.0 LD = 192
2282 c45f 64                     		FCB 100 	; 7.6 LD = 208
2283 c460 6b                     		FCB 107 	; 8.2 LD = 224
2284 c461 73                     		FCB 115 	; 8.8 LD = 240
2285 c462 7b                     		FCB 123 	; 9.4 LD = 256
2286                             					;----------------------------------------------------
2287                             					; 1200 RPM Msec. LOAD
2288                             					;----------------------------------------------------
2289 c463 00                     		FCB 0 		; 0.0 LD = 0
2290 c464 08                     		FCB 8 		; 0.6 LD = 16
2291 c465 0f                     		FCB 15 		; 1.1 LD = 32
2292 c466 17                     		FCB 23 		; 1.8 LD = 48
2293 c467 1f                     		FCB 31 		; 2.4 LD = 64
2294 c468 26                     		FCB 38 		; 2.9 LD = 80
2295 c469 2e                     		FCB 46 		; 3.5 LD = 96
2296 c46a 36                     		FCB 54 		; 4.1 LD = 112
2297 c46b 3d                     		FCB 61 		; 4.7 LD = 128
2298 c46c 45                     		FCB 69 		; 5.3 LD = 144
2299 c46d 4d                     		FCB 77 		; 5.9 LD = 160
2300 c46e 54                     		FCB 84 		; 6.4 LD = 176
2301 c46f 5c                     		FCB 92 		; 7.0 LD = 192
2302 c470 64                     		FCB 100 	; 7.6 LD = 208
2303 c471 6b                     		FCB 107 	; 8.2 LD = 224
2304 c472 73                     		FCB 115 	; 8.8 LD = 240
2305 c473 7b                     		FCB 123 	; 9.4 LD = 256
2306                             					;----------------------------------------------------
2307                             					; 1600 RPM Msec. LOAD
2308                             					;----------------------------------------------------
2309 c474 00                     		FCB 0 		; 0.0 LD = 0
2310 c475 08                     		FCB 8 		; 0.6 LD = 16
2311 c476 0f                     		FCB 15 		; 1.1 LD = 32
2312 c477 17                     		FCB 23 		; 1.8 LD = 48
2313 c478 1f                     		FCB 31 		; 2.4 LD = 64
2314 c479 26                     		FCB 38 		; 2.9 LD = 80
2315 c47a 2e                     		FCB 46 		; 3.5 LD = 96
2316 c47b 36                     		FCB 54 		; 4.1 LD = 112
2317 c47c 3d                     		FCB 61 		; 4.7 LD = 128
2318 c47d 45                     		FCB 69 		; 5.3 LD = 144
2319 c47e 4d                     		FCB 77 		; 5.9 LD = 160
2320 c47f 54                     		FCB 84 		; 6.4 LD = 176
2321 c480 5c                     		FCB 92 		; 7.0 LD = 192
2322 c481 64                     		FCB 100 	; 7.6 LD = 208
2323 c482 6b                     		FCB 107 	; 8.2 LD = 224
2324 c483 73                     		FCB 115 	; 8.8 LD = 240
2325 c484 7b                     		FCB 123 	; 9.4 LD = 256
2326                             					;----------------------------------------------------
2327                             					; 2000 RPM Msec. LOAD
2328                             					;----------------------------------------------------
2329 c485 00                     		FCB 0 		; 0.0 LD = 0
2330 c486 08                     		FCB 8 		; 0.6 LD = 16
2331 c487 0f                     		FCB 15 		; 1.1 LD = 32
2332 c488 17                     		FCB 23 		; 1.8 LD = 48
2333 c489 1f                     		FCB 31 		; 2.4 LD = 64
2334 c48a 26                     		FCB 38 		; 2.9 LD = 80
2335 c48b 2e                     		FCB 46 		; 3.5 LD = 96
2336 c48c 36                     		FCB 54 		; 4.1 LD = 112
2337 c48d 3d                     		FCB 61 		; 4.7 LD = 128
2338 c48e 45                     		FCB 69 		; 5.3 LD = 144
2339 c48f 4d                     		FCB 77 		; 5.9 LD = 160
2340 c490 54                     		FCB 84 		; 6.4 LD = 176
2341 c491 5c                     		FCB 92 		; 7.0 LD = 192
2342 c492 64                     		FCB 100 	; 7.6 LD = 208
2343 c493 6b                     		FCB 107 	; 8.2 LD = 224
2344 c494 73                     		FCB 115 	; 8.8 LD = 240
2345 c495 7b                     		FCB 123 	; 9.4 LD = 256
2346                             					;----------------------------------------------------
2347                             					; 2400 RPM Msec. LOAD
2348                             					;----------------------------------------------------
2349 c496 00                     		FCB 0 		; 0.0 LD = 0
2350 c497 08                     		FCB 8 		; 0.6 LD = 16
2351 c498 0f                     		FCB 15 		; 1.1 LD = 32
2352 c499 17                     		FCB 23 		; 1.8 LD = 48
2353 c49a 1f                     		FCB 31 		; 2.4 LD = 64
2354 c49b 26                     		FCB 38 		; 2.9 LD = 80
2355 c49c 2e                     		FCB 46 		; 3.5 LD = 96
2356 c49d 36                     		FCB 54 		; 4.1 LD = 112
2357 c49e 3d                     		FCB 61 		; 4.7 LD = 128
2358 c49f 45                     		FCB 69 		; 5.3 LD = 144
2359 c4a0 4d                     		FCB 77 		; 5.9 LD = 160
2360 c4a1 54                     		FCB 84 		; 6.4 LD = 176
2361 c4a2 5c                     		FCB 92 		; 7.0 LD = 192
2362 c4a3 64                     		FCB 100 	; 7.6 LD = 208
2363 c4a4 6b                     		FCB 107 	; 8.2 LD = 224
2364 c4a5 73                     		FCB 115 	; 8.8 LD = 240
2365 c4a6 7b                     		FCB 123 	; 9.4 LD = 256
2366                             					;----------------------------------------------------
2367                             					; 2800 RPM Msec. LOAD
2368                             					;----------------------------------------------------
2369 c4a7 00                     		FCB 0 		; 0.0 LD = 0
2370 c4a8 08                     		FCB 8 		; 0.6 LD = 16
2371 c4a9 0f                     		FCB 15 		; 1.1 LD = 32
2372 c4aa 17                     		FCB 23 		; 1.8 LD = 48
2373 c4ab 1f                     		FCB 31 		; 2.4 LD = 64
2374 c4ac 26                     		FCB 38 		; 2.9 LD = 80
2375 c4ad 2e                     		FCB 46 		; 3.5 LD = 96
2376 c4ae 36                     		FCB 54 		; 4.1 LD = 112
2377 c4af 3d                     		FCB 61 		; 4.7 LD = 128
2378 c4b0 45                     		FCB 69 		; 5.3 LD = 144
2379 c4b1 4d                     		FCB 77 		; 5.9 LD = 160
2380 c4b2 54                     		FCB 84 		; 6.4 LD = 176
2381 c4b3 5c                     		FCB 92 		; 7.0 LD = 192
2382 c4b4 64                     		FCB 100 	; 7.6 LD = 208
2383 c4b5 6b                     		FCB 107 	; 8.2 LD = 224
2384 c4b6 73                     		FCB 115 	; 8.8 LD = 240
2385 c4b7 7b                     		FCB 123 	; 9.4 LD = 256
2386                             					;----------------------------------------------------
2387                             					; 3200 RPM Msec. LOAD
2388                             					;----------------------------------------------------
2389 c4b8 00                     		FCB 0 		; 0.0 LD = 0
2390 c4b9 08                     		FCB 8 		; 0.6 LD = 16
2391 c4ba 0f                     		FCB 15 		; 1.1 LD = 32
2392 c4bb 17                     		FCB 23 		; 1.8 LD = 48
2393 c4bc 1f                     		FCB 31 		; 2.4 LD = 64
2394 c4bd 26                     		FCB 38 		; 2.9 LD = 80
2395 c4be 2e                     		FCB 46 		; 3.5 LD = 96
2396 c4bf 36                     		FCB 54 		; 4.1 LD = 112
2397 c4c0 3d                     		FCB 61 		; 4.7 LD = 128
2398 c4c1 45                     		FCB 69 		; 5.3 LD = 144
2399 c4c2 4d                     		FCB 77 		; 5.9 LD = 160
2400 c4c3 54                     		FCB 84 		; 6.4 LD = 176
2401 c4c4 5c                     		FCB 92 		; 7.0 LD = 192
2402 c4c5 64                     		FCB 100 	; 7.6 LD = 208
2403 c4c6 6b                     		FCB 107 	; 8.2 LD = 224
2404 c4c7 73                     		FCB 115 	; 8.8 LD = 240
2405 c4c8 7b                     		FCB 123 	; 9.4 LD = 256
2406                             					;----------------------------------------------------
2407                             					; 3600 RPM Msec. LOAD
2408                             					;----------------------------------------------------
2409 c4c9 00                     		FCB 0 		; 0.0 LD = 0
2410 c4ca 08                     		FCB 8 		; 0.6 LD = 16
2411 c4cb 0f                     		FCB 15 		; 1.1 LD = 32
2412 c4cc 17                     		FCB 23 		; 1.8 LD = 48
2413 c4cd 1f                     		FCB 31 		; 2.4 LD = 64
2414 c4ce 26                     		FCB 38 		; 2.9 LD = 80
2415 c4cf 2e                     		FCB 46 		; 3.5 LD = 96
2416 c4d0 36                     		FCB 54 		; 4.1 LD = 112
2417 c4d1 3d                     		FCB 61 		; 4.7 LD = 128
2418 c4d2 45                     		FCB 69 		; 5.3 LD = 144
2419 c4d3 4d                     		FCB 77 		; 5.9 LD = 160
2420 c4d4 54                     		FCB 84 		; 6.4 LD = 176
2421 c4d5 5c                     		FCB 92 		; 7.0 LD = 192
2422 c4d6 64                     		FCB 100 	; 7.6 LD = 208
2423 c4d7 6b                     		FCB 107 	; 8.2 LD = 224
2424 c4d8 73                     		FCB 115 	; 8.8 LD = 240
2425 c4d9 7b                     		FCB 123 	; 9.4 LD = 256
2426                             					;----------------------------------------------------
2427                             					; 4000 RPM Msec. LOAD
2428                             					;----------------------------------------------------
2429 c4da 00                     		FCB 0 		; 0.0 LD = 0
2430 c4db 08                     		FCB 8 		; 0.6 LD = 16
2431 c4dc 0f                     		FCB 15 		; 1.1 LD = 32
2432 c4dd 17                     		FCB 23 		; 1.8 LD = 48
2433 c4de 1f                     		FCB 31 		; 2.4 LD = 64
2434 c4df 26                     		FCB 38 		; 2.9 LD = 80
2435 c4e0 2e                     		FCB 46 		; 3.5 LD = 96
2436 c4e1 36                     		FCB 54 		; 4.1 LD = 112
2437 c4e2 3d                     		FCB 61 		; 4.7 LD = 128
2438 c4e3 45                     		FCB 69 		; 5.3 LD = 144
2439 c4e4 4d                     		FCB 77 		; 5.9 LD = 160
2440 c4e5 54                     		FCB 84 		; 6.4 LD = 176
2441 c4e6 5c                     		FCB 92 		; 7.0 LD = 192
2442 c4e7 64                     		FCB 100 	; 7.6 LD = 208
2443 c4e8 6b                     		FCB 107 	; 8.2 LD = 224
2444 c4e9 73                     		FCB 115 	; 8.8 LD = 240
2445 c4ea 7b                     		FCB 123 	; 9.4 LD = 256
2446                             					;----------------------------------------------------
2447                             					; 4400 RPM Msec. LOAD
2448                             					;----------------------------------------------------
2449 c4eb 00                     		FCB 0 		; 0.0 LD = 0
2450 c4ec 08                     		FCB 8 		; 0.6 LD = 16
2451 c4ed 0f                     		FCB 15 		; 1.1 LD = 32
2452 c4ee 17                     		FCB 23 		; 1.8 LD = 48
2453 c4ef 1f                     		FCB 31 		; 2.4 LD = 64
2454 c4f0 26                     		FCB 38 		; 2.9 LD = 80
2455 c4f1 2e                     		FCB 46 		; 3.5 LD = 96
2456 c4f2 36                     		FCB 54 		; 4.1 LD = 112
2457 c4f3 3d                     		FCB 61 		; 4.7 LD = 128
2458 c4f4 45                     		FCB 69 		; 5.3 LD = 144
2459 c4f5 4d                     		FCB 77 		; 5.9 LD = 160
2460 c4f6 54                     		FCB 84 		; 6.4 LD = 176
2461 c4f7 5c                     		FCB 92 		; 7.0 LD = 192
2462 c4f8 64                     		FCB 100 	; 7.6 LD = 208
2463 c4f9 6b                     		FCB 107 	; 8.2 LD = 224
2464 c4fa 73                     		FCB 115 	; 8.8 LD = 240
2465 c4fb 7b                     		FCB 123 	; 9.4 LD = 256
2466                             					;----------------------------------------------------
2467                             					; 4800 RPM Msec. LOAD
2468                             					;----------------------------------------------------
2469 c4fc 00                     		FCB 0 		; 0.0 LD = 0
2470 c4fd 08                     		FCB 8 		; 0.6 LD = 16
2471 c4fe 0f                     		FCB 15 		; 1.1 LD = 32
2472 c4ff 17                     		FCB 23 		; 1.8 LD = 48
2473 c500 1f                     		FCB 31 		; 2.4 LD = 64
2474 c501 26                     		FCB 38 		; 2.9 LD = 80
2475 c502 2e                     		FCB 46 		; 3.5 LD = 96
2476 c503 36                     		FCB 54 		; 4.1 LD = 112
2477 c504 3d                     		FCB 61 		; 4.7 LD = 128
2478 c505 45                     		FCB 69 		; 5.3 LD = 144
2479 c506 4d                     		FCB 77 		; 5.9 LD = 160
2480 c507 54                     		FCB 84 		; 6.4 LD = 176
2481 c508 5c                     		FCB 92 		; 7.0 LD = 192
2482 c509 64                     		FCB 100 	; 7.6 LD = 208
2483 c50a 6b                     		FCB 107 	; 8.2 LD = 224
2484 c50b 73                     		FCB 115 	; 8.8 LD = 240
2485 c50c 7b                     		FCB 123 	; 9.4 LD = 256
2486                             					;----------------------------------------------------
2487                             					; 5200 RPM Msec. LOAD
2488                             					;-----------------------------------------------------
2489 c50d 00                     		FCB 0 		; 0.0 LD = 0
2490 c50e 08                     		FCB 8 		; 0.6 LD = 16
2491 c50f 0f                     		FCB 15 		; 1.1 LD = 32
2492 c510 17                     		FCB 23 		; 1.8 LD = 48
2493 c511 1f                     		FCB 31 		; 2.4 LD = 64
2494 c512 26                     		FCB 38 		; 2.9 LD = 80
2495 c513 2e                     		FCB 46 		; 3.5 LD = 96
2496 c514 36                     		FCB 54 		; 4.1 LD = 112
2497 c515 3d                     		FCB 61 		; 4.7 LD = 128
2498 c516 45                     		FCB 69 		; 5.3 LD = 144
2499 c517 4d                     		FCB 77 		; 5.9 LD = 160
2500 c518 54                     		FCB 84 		; 6.4 LD = 176
2501 c519 5c                     		FCB 92 		; 7.0 LD = 192
2502 c51a 64                     		FCB 100 	; 7.6 LD = 208
2503 c51b 6b                     		FCB 107 	; 8.2 LD = 224
2504 c51c 73                     		FCB 115 	; 8.8 LD = 240
2505 c51d 7b                     		FCB 123 	; 9.4 LD = 256
2506                             					;----------------------------------------------------
2507                             					; 5600 RPM Msec. LOAD
2508                             					;----------------------------------------------------
2509 c51e 00                     		FCB 0 		; 0.0 LD = 0
2510 c51f 08                     		FCB 8 		; 0.6 LD = 16
2511 c520 0f                     		FCB 15 		; 1.1 LD = 32
2512 c521 17                     		FCB 23 		; 1.8 LD = 48
2513 c522 1f                     		FCB 31 		; 2.4 LD = 64
2514 c523 26                     		FCB 38 		; 2.9 LD = 80
2515 c524 2e                     		FCB 46 		; 3.5 LD = 96
2516 c525 36                     		FCB 54 		; 4.1 LD = 112
2517 c526 3d                     		FCB 61 		; 4.7 LD = 128
2518 c527 45                     		FCB 69 		; 5.3 LD = 144
2519 c528 4d                     		FCB 77 		; 5.9 LD = 160
2520 c529 54                     		FCB 84 		; 6.4 LD = 176
2521 c52a 5c                     		FCB 92 		; 7.0 LD = 192
2522 c52b 64                     		FCB 100 	; 7.6 LD = 208
2523 c52c 6b                     		FCB 107 	; 8.2 LD = 224
2524 c52d 73                     		FCB 115 	; 8.8 LD = 240
2525 c52e 7b                     		FCB 123 	; 9.4 LD = 256
2526                             					;----------------------------------------------------
2527                             					; 6000 RPM Msec. LOAD
2528                             					;----------------------------------------------------
2529 c52f 00                     		FCB 0 		; 0.0 LD = 0
2530 c530 08                     		FCB 8 		; 0.6 LD = 16
2531 c531 0f                     		FCB 15 		; 1.1 LD = 32
2532 c532 17                     		FCB 23 		; 1.8 LD = 48
2533 c533 1f                     		FCB 31 		; 2.4 LD = 64
2534 c534 26                     		FCB 38 		; 2.9 LD = 80
2535 c535 2e                     		FCB 46 		; 3.5 LD = 96
2536 c536 36                     		FCB 54 		; 4.1 LD = 112
2537 c537 3d                     		FCB 61 		; 4.7 LD = 128
2538 c538 45                     		FCB 69 		; 5.3 LD = 144
2539 c539 4d                     		FCB 77 		; 5.9 LD = 160
2540 c53a 54                     		FCB 84 		; 6.4 LD = 176
2541 c53b 5c                     		FCB 92 		; 7.0 LD = 192
2542 c53c 64                     		FCB 100 	; 7.6 LD = 208
2543 c53d 6b                     		FCB 107 	; 8.2 LD = 224
2544 c53e 73                     		FCB 115 	; 8.8 LD = 240
2545 c53f 7b                     		FCB 123 	; 9.4 LD = 256
2546                             					;----------------------------------------------------
2547                             					; 6400 RPM Msec. LOAD
2548                             					;----------------------------------------------------
2549 c540 00                     		FCB 0 		; 0.0 LD = 0
2550 c541 08                     		FCB 8 		; 0.6 LD = 16
2551 c542 0f                     		FCB 15 		; 1.1 LD = 32
2552 c543 17                     		FCB 23 		; 1.8 LD = 48
2553 c544 1f                     		FCB 31 		; 2.4 LD = 64
2554 c545 26                     		FCB 38 		; 2.9 LD = 80
2555 c546 2e                     		FCB 46 		; 3.5 LD = 96
2556 c547 36                     		FCB 54 		; 4.1 LD = 112
2557 c548 3d                     		FCB 61 		; 4.7 LD = 128
2558 c549 45                     		FCB 69 		; 5.3 LD = 144
2559 c54a 4d                     		FCB 77 		; 5.9 LD = 160
2560 c54b 54                     		FCB 84 		; 6.4 LD = 176
2561 c54c 5c                     		FCB 92 		; 7.0 LD = 192
2562 c54d 64                     		FCB 100 	; 7.6 LD = 208
2563 c54e 6b                     		FCB 107 	; 8.2 LD = 224
2564 c54f 73                     		FCB 115 	; 8.8 LD = 240
2565 c550 7b                     		FCB 123 	; 9.4 LD = 256
2566                             					;----------------------------------------------------
2567                             		;***************************************************
2568                             		;* Closed Loop QUAL'S
2569                             		;*
2570                             		;*
2571                             		;***************************************************
2572 c551 6b                     LC551: 	FCB 107 	; 40.7c, (104.4f) Min Temp for Closed Loop
2573                             					; CALIB = (deg c + 40) * (256/192)
2574                             					;
2575 c552 93                     LC552: 	FCB 147 	; Use Hot C Loop timer If Cool T >= 70.3c, (158.5f)
2576                             					; CALIB = (deg c + 40) * (256/192)
2577                             					;
2578 c553 49                     LC553: 	FCB 73 		; Use Cold C Loop timer if Cool T <= 14.7c, (58.5f)
2579                             					; CALIB = (deg c + 40) * (256/192)
2580                             					;
2581 c554 00                     		FCB 0 		; ? ? ?
2582 c555 aa                     LC555: 	FCB $AA 	; Diag Prom test word 2
2583                             					; Set Error 51 if N.E. $AA
2584 c556 96                     LC556: 	FCB 150 	; 75 SEC, Cold Closed Lp Timer
2585                             					; (SEC * 2 Sec)
2586 c557 67                     LC557: 	FCB 103 	; 51.4 SEC, Warm Closed Lp Timer,
2587                             					; (SEC * 2 Sec)
2588 c558 19                     LC558: 	FCB 25 		; 12.5 SEC, Hot Closed Lp Timer
2589                             					; Arg, (SEC * 2)
2590                             					;
2591                             					; o2 RDY HYST PAIR
2592                             					; (CAL = vdc * 2260
2593                             					;
2594 c559 9e                     LC559: 	FCB 158 	; If 02 Volts > 0.699 VDC then o2 ready
2595 c55a 2d                     LC55A: 	FCB 45 		; If o2 < 0.199 VDC then o2 is ready
2596                             					;
2597 c55b 32                     LC55B: 	FCB 50 		; 10 Sec for o2 Max/Min
2598                             					; CALIB = (SEC/5 Sec)
2599                             					;------------------------------------------------------
2600                             					; Closed Loop Fuel Cnt'l Param's
2601                             					;
2602                             					;------------------------------------------------------
2603                             					;
2604                             					; CLOSED Lp INTAGRATOR LIMITS
2605                             					;
2606 c55c 28                     LC55C: 	FCB 40 		; Closed Lp Corr, Min INT Value
2607 c55d b4                     LC55D: 	FCB 180 	; Closed Lp Corr, Max INT Value
2608 c55e 03                     LC55E: 	FCB 3 		; Clsed Lp Idle TPS 1.17% Gain Factor
2609                             					; CALIB = tps * 2.56
2610 c55f 10                     LC55F: 	FCB 16 		; 0.2 sec Added Corr To Int Dly At Idle
2611                             					; CALIB = Arg * 80
2612 c560 a0                     LC560: 	FCB 160 	; EECC Clsd Lp Gain factor
2613                             					; CALIB = Arg * 256, (0.625 Mult)
2614 c561 0c                     LC561: 	FCB 12 		; Diff Value to Make up Rich/Lean Window
2615                             					; for Fast o2, CALIB = Arg * 226, (.053 VDC)
2616 c562 17                     LC562: 	FCB 23 		; Diff Value to Make up Rich/Lean Window
2617                             					; When Air div, CALIB = Arg * 226, (.102 VDC)
2618 c563 04                     LC563: 	FCB 4 		; Min Error To Implement Int.
2619                             					; CALIB = Arg * 226, (.017 VDC)
2620 c564 e0                     LC564: 	FCB 224 	; Positive Error Gain Factor
2621                             					; CALIB = Arg * 226, (.991 VDC)
2622 c565 9a                     LC565: 	FCB 154 	; o2 Filter Constant when Coolant Tmp Low
2623 c566 60                     LC566: 	FCB 96 		; Cool Int Offset Int Gain
2624                             					; Cal = (Arg + 40) * 256/196, (42.8 C)
2625                             					;------------------------------------------------------
2626                             					; Upper 0 error for Slow 02 Vs Air flow
2627                             					;
2628                             					; Table value = Volts * 226
2629                             					;------------------------------------------------------
2630 c567 8c                     LC567: 	FCB 140 	; 0 Gms/Sec
2631 c568 94                     		FCB 148 	; 8
2632 c569 98                     		FCB 152 	; 16
2633 c56a 98                     		FCB 152 	; 24
2634 c56b 94                     		FCB 148 	; 32
2635 c56c 90                     		FCB 144 	; 40
2636 c56d 84                     		FCB 132 	; 48
2637 c56e 80                     		FCB 128 	; 56
2638 c56f 7d                     		FCB 125 	; 64
2639                             					;------------------------------------------------------
2640                             					;------------------------------------------------------
2641                             					; Lower 0 error for Slow 02 Vs Air flow
2642                             					;
2643                             					; Table value = Volts * 226
2644                             					;------------------------------------------------------
2645 c570 78                     LC570: 	FCB 120 	; 0 Gms/Sec
2646 c571 80                     		FCB 128 	; 8
2647 c572 84                     		FCB 132 	; 16
2648 c573 84                     		FCB 132 	; 24
2649 c574 80                     		FCB 128 	; 32
2650 c575 7c                     		FCB 124 	; 40
2651 c576 70                     		FCB 112 	; 48
2652 c577 6d                     		FCB 109 	; 56
2653 c578 6a                     		FCB 106 	; 64
2654                             					;------------------------------------------------------
2655                             					;------------------------------------------------------
2656                             					; Fast o2 Rich/lean Treshold vs Air Flow
2657                             					;
2658                             					; Table value = Volts * 226
2659                             					; ORG $C579
2660                             					;------------------------------------------------------
2661 c579 82                     LC579: 	FCB 130 	; 0 Gms/sec
2662 c57a 8a                     		FCB 138 	; 8
2663 c57b 8e                     		FCB 142 	; 16
2664 c57c 8e                     		FCB 142 	; 24
2665 c57d 8a                     		FCB 138 	; 32
2666 c57e 86                     		FCB 134 	; 40
2667 c57f 7a                     		FCB 122 	; 48
2668 c580 78                     		FCB 120 	; 56
2669 c581 76                     		FCB 118 	; 64
2670                             					;------------------------------------------------------
2671                             					;------------------------------------------------------
2672                             					; Integrator Delay Vs Air flow
2673                             					;
2674                             					; TBL = Sec's * 80
2675                             					;------------------------------------------------------
2676 c582 20                     LC582: 	FCB 32 		; 0 Gms/Sec
2677 c583 1c                     		FCB 28 		; 8
2678 c584 18                     		FCB 24 		; 16
2679 c585 16                     		FCB 22 		; 24
2680 c586 14                     		FCB 20 		; 32
2681 c587 12                     		FCB 18 		; 40
2682 c588 10                     		FCB 16 		; 48
2683 c589 10                     		FCB 16 		; 56
2684 c58a 0c                     		FCB 12 		; 64
2685                             					;------------------------------------------------------
2686                             					;------------------------------------------------------
2687                             					; Slow o2 Filter Coef Vs Air flow
2688                             					;
2689                             					; TBL = Mult * 256
2690                             					;
2691                             					;------------------------------------------------------
2692 c58b 10                     LC58B: 	FCB 16 		; 0 Gms/Sec
2693 c58c 18                     		FCB 24 		; 8
2694 c58d 20                     		FCB 32 		; 16
2695 c58e 24                     		FCB 36 		; 24
2696 c58f 28                     		FCB 40 		; 32
2697 c590 2c                     		FCB 44 		; 40
2698 c591 2c                     		FCB 44 		; 48
2699 c592 2c                     		FCB 44 		; 56
2700 c593 2c                     		FCB 44 		; 64
2701                             					;------------------------------------------------------
2702                             					;------------------------------------------------------
2703                             					; o2 Error Reduction Vs Air flow
2704                             					;
2705                             					; Table value = Mult (0-1) * 256
2706                             					;------------------------------------------------------
2707 c594 c8                     LC594: 	FCB 200 	; 0 Gms/Sec
2708 c595 e0                     		FCB 224 	; 8
2709 c596 ec                     		FCB 236 	; 16
2710 c597 f4                     		FCB 244 	; 24
2711 c598 f8                     		FCB 248 	; 32
2712 c599 ff                     		FCB 255 	; 40
2713 c59a ff                     		FCB 255 	; 48
2714 c59b ff                     		FCB 255 	; 56
2715 c59c ff                     		FCB 255 	; 64
2716                             					;------------------------------------------------------
2717                             					;------------------------------------------------------
2718                             					; Proportional Step Width Offset vs RPM
2719                             					;
2720                             					; Table value = Sec's * 80
2721                             					;------------------------------------------------------
2722 c59d 14                     LC59D: 	FCB 20 		; 400 RPM
2723 c59e 0c                     		FCB 12 		; 800
2724 c59f 08                     		FCB 8 		; 1200
2725 c5a0 04                     		FCB 4 		; 1600
2726 c5a1 03                     		FCB 3 		; 2000
2727 c5a2 02                     		FCB 2 		; 2400
2728                             					;------------------------------------------------------
2729                             					;------------------------------------------------------
2730                             					; Proportional Step Size Vs Error
2731                             					;
2732                             					; TBL = BIN STEPS
2733                             					;------------------------------------------------------
2734 c5a3 03                     LC5A3: 	FCB 3 		; 3 0 Error counts
2735 c5a4 03                     		FCB 3 		; 3 8
2736 c5a5 03                     		FCB 3 		; 3 16
2737 c5a6 02                     		FCB 2 		; 2 24
2738 c5a7 02                     		FCB 2 		; 2 32
2739 c5a8 02                     		FCB 2 		; 2 40
2740 c5a9 03                     		FCB 3 		; 3 48
2741 c5aa 04                     		FCB 4 		; 4 56
2742 c5ab 07                     		FCB 7 		; 7 64
2743 c5ac 0a                     		FCB 10 		; 10 72
2744 c5ad 0c                     		FCB 12 		; 12 80
2745 c5ae 10                     		FCB 16 		; 16 88
2746                             					;------------------------------------------------------
2747                             					;------------------------------------------------------
2748                             					; PROPORTIONAL STEP WIDTH Vs Error
2749                             					;
2750                             					;
2751                             					; Table value = Sec's * 80
2752                             					;------------------------------------------------------
2753 c5af 04                     LC5AF: 	FCB 4 		; 0 Error (BIN)
2754 c5b0 04                     		FCB 4 		; 8
2755 c5b1 04                     		FCB 4 		; 16
2756 c5b2 04                     		FCB 4 		; 24
2757 c5b3 04                     		FCB 4 		; 32
2758 c5b4 08                     		FCB 8 		; 40
2759 c5b5 0c                     		FCB 12 		; 48
2760 c5b6 18                     		FCB 24 		; 56
2761 c5b7 20                     		FCB 32 		; 64
2762 c5b8 40                     		FCB 64 		; 72
2763 c5b9 80                     		FCB 128 	; 80
2764 c5ba f0                     		FCB 240 	; 88
2765                             					;------------------------------------------------------
2766                             					;------------------------------------------------------
2767                             					; Rich/Lean Offset Vs Coolant Temp
2768                             					;
2769                             					;
2770                             					; TBL = BIN VAL
2771                             					;------------------------------------------------------
2772 c5bb 00                     LC5BB: 	FCB 0 		; 0 -40 Deg C
2773 c5bc 00                     		FCB 0 		; 0 -28
2774 c5bd 00                     		FCB 0 		; 0 -16
2775 c5be 00                     		FCB 0 		; 0 -4
2776 c5bf 00                     		FCB 0 		; 0 8
2777 c5c0 10                     		FCB 16 		; 16 20
2778 c5c1 10                     		FCB 16 		; 16 32
2779 c5c2 10                     		FCB 16 		; 16 44
2780 c5c3 10                     		FCB 16 		; 16 56
2781 c5c4 10                     		FCB 16 		; 16 68
2782 c5c5 10                     		FCB 16 		; 16 80
2783 c5c6 00                     		FCB 0 		; 0 92
2784 c5c7 00                     		FCB 0 		; 0 104
2785 c5c8 00                     		FCB 0 		; 0 116
2786                             					;------------------------------------------------------
2787                             					;------------------------------------------------------
2788                             					; Integrator Delay Vs Error
2789                             					;
2790                             					; TBL = Multiplier (0 - 255)
2791                             					;------------------------------------------------------
2792 c5c9 ff                     LC5C9: 	FCB 255 	; 0 Error
2793 c5ca ff                     		FCB 255 	; 8
2794 c5cb ff                     		FCB 255 	; 16
2795 c5cc ff                     		FCB 255 	; 24
2796 c5cd 80                     		FCB 128 	; 32
2797 c5ce 44                     		FCB 68 		; 40
2798 c5cf 40                     		FCB 64 		; 48
2799 c5d0 40                     		FCB 64 		; 56
2800 c5d1 40                     		FCB 64 		; 64
2801 c5d2 40                     		FCB 64 		; 72
2802 c5d3 40                     		FCB 64 		; 80
2803 c5d4 40                     		FCB 64 		; 88
2804                             					;------------------------------------------------------
2805                             		;*******************************************************
2806                             		;* >>> Block Learn Tables & Param's <<<
2807                             		;*
2808                             		;*
2809                             		;*******************************************************
2810 c5d5 1c                     LC5D5: 	FCB 28 		; BLM Cell Boundry, (700 RPM)
2811 c5d6 30                     LC5D6: 	FCB 48 		; BLM Cell Boundry (1200 RPM)
2812 c5d7 50                     LC5D7: 	FCB 80 		; BLM Cell Boundry, (2000 RPM)
2813                             					;
2814 c5d8 0c                     LC5D8: 	FCB 12 		; BLM Flow Cell Boundry, (12 Gms/Sec)
2815 c5d9 16                     LC5D9: 	FCB 22 		; BLM Flow Cell Boundry, (22 Gms/Sec)
2816 c5da 22                     LC5DA: 	FCB 34 		; BLM Flow Cell Boundry, (34 Gms/Sec)
2817                             					;
2818 c5db 04                     LC5DB: 	FCB 4 		; BLM Hysteresis, (100 RPM RPM)
2819                             					;
2820 c5dc 02                     LC5DC: 	FCB 2 		; BLM Hysteresis
2821                             					; CALIB = Arg, (2 * 25 Gms/Sec)
2822 c5dd 78                     LC5DD: 	FCB 120 	; If Coolant <= Disable BLM update
2823                             					; CALIB = (Arg + 40) * 256/192, (50 C)
2824 c5de f0                     LC5DE: 	FCB 240 	; If Coolant >= Disable BLM update 140c, 284f
2825                             					; CALIB = (Arg + 40) * 256/192, (140 C)
2826 c5df 00                     LC5DF: 	FCB 0 		; If Ld Val < Disable BLM Update
2827 c5e0 1c                     LC5E0: 	FCB 28 		; BLM Update Rate
2828                             					; CALIB = Arg * 20 + 1, (450 MSec)
2829                             					; (50 Msec/bit)
2830 c5e1 02                     LC5E1: 	FCB 2 		; 2, BLM Mult Update Amt
2831 c5e2 a0                     LC5E2: 	FCB 160 	; Max Allowable BLM
2832 c5e3 6c                     LC5E3: 	FCB 108 	; Min Allowable BLM
2833 c5e4 05                     LC5E4: 	FCB 5 		; If Clsd Lp int > 5, Enab BLM Update
2834 c5e5 05                     LC5E5: 	FCB 5 		; If Clsd Lp int < 5, Enab BLM Update
2835                             		;*****************************************
2836                             		;* Memory Stay Alive Tables & Param's
2837                             		;*
2838                             		;* $C5E6
2839                             		;****************************************
2840 c5e6 76                     LC5E6: 	FCB 118 	; Low Lmt for SAM Cell 0
2841 c5e7 96                     LC5E7: 	FCB 150 	; High Lmt for SAM Cell 0
2842                             					;
2843 c5e8 76                     LC5E8: 	FCB 118 	; Low Lmt for other SAM Cell's
2844 c5e9 96                     LC5E9: 	FCB 150 	; High Lmt for other SAM Cell's
2845                             					;
2846 c5ea 00                     LC5EA: 	FCB 0 		; Sam Cell A Number, Idle
2847 c5eb 09                     LC5EB: 	FCB 9 		; SAM Cell B Number, Non Idle
2848                             					;
2849 c5ec 4b                     LC5EC: 	FCB 75 		; Stop Cell O update when time up, 15 SEC'D
2850                             					; CALIB = Arg * 5, (75/5 Sec's)
2851                             					;
2852 c5ed ab                     LC5ED: 	FCB 171 	; If Temp < 88c Then Skip SAM Update
2853                             					; CALIB = (Arg + 40) * 256/192, (88.25 C)
2854                             					;
2855 c5ee bb                     LC5EE: 	FCB 187 	; If Temp > 100c Then Skip SAM Update
2856                             					; CALIB = (Arg + 40) * 256/192, (100.25 C)
2857                             					;
2858 c5ef 10                     LC5EF: 	FCB 16 		; SAM A Filter Coef.
2859                             					; CALIB = Arg * 256
2860                             					;
2861 c5f0 18                     LC5F0: 	FCB 24 		; SAM B Filter Coef.
2862                             					; CALIB = Arg * 256
2863                             		;*******************************************************
2864                             		;* Decel Enleanment Param's
2865                             		;*
2866                             		;* $C5F1
2867                             		;*******************************************************
2868 c5f1 28                     LC5F1: 	FCB 40 		; Enab Dcel Int Reset If Ld val <=
2869                             					; CALIB = Arg
2870                             					;
2871 c5f2 1c                     LC5F2: 	FCB 28 		; Enab Dcel Int Reset If RPM >
2872                             					; CALIB = Arg/25, (700 RPM)
2873                             					;
2874 c5f3 ff                     LC5F3: 	FCB 255 	; TPS Filter Coef
2875                             					; CALIB = Arg * 255
2876                             					;
2877 c5f4 f0                     LC5F4: 	FCB 240 	; Dif TPS% Threshold for Decle Enlean
2878                             					; CALIB = Arg * 2.56, (93%)
2879                             					;
2880 c5f5 f5                     LC5F5: 	FCB 245 	; Diff Ld Val Thresh Of Decel Enlean
2881                             					; CALIB = Arg
2882                             					;
2883 c5f6 00                     LC5F6: 	FCB 0 		; Decel Enlean Time To maint.
2884                             					; CALIB = Arg * 80
2885                             					;
2886 c5f7 00                     LC5F7: 	FCB 0 		; Decel Enlean T/F Default
2887                             					; CALIB = Arg
2888                             					;
2889 c5f8 80                     LC5F8: 	FCB 128 	; lmt Fuel factor
2890                             					; CALIB = Arg * 128, (0.9375)
2891                             					;
2892 c5f9 80                     LC5F9: 	FCB 128 	; lmt Fuel factor
2893                             					; CALIB = Arg * 128, (0.9375)
2894                             		;*******************************************************
2895                             		;* Decl Fuel cut off Tables & Param's
2896                             		;*
2897                             		;*******************************************************
2898 c5fa 30                     LC5FA: 	FCB 48 		; Decel Fuel C/O if > 1200 RPM Upper Hyst value
2899                             					; CALIB = Arg/25
2900                             					;
2901 c5fb 24                     LC5FB: 	FCB 36 		; Remain In C/O if > 900 RPM
2902                             					; Lower hyst value
2903                             					; CALIB = Arg/25
2904                             					;
2905 c5fc 1e                     LC5FC: 	FCB 30 		; Enab C/O if Ld Val < 30
2906                             					; Lower hyst value
2907                             					;
2908 c5fd 28                     LC5FD: 	FCB 40 		; Stay in C/O if Ld Val <
2909                             					; Upper Hyst value
2910                             					;
2911 c5fe 07                     LC5FE: 	FCB 7 		; Max RPM Decel In 12.5 Msec
2912                             					; CALIB + Arg/12.5, (87.5 RPM)
2913                             					;
2914 c5ff 14                     LC5FF: 	FCB 20 		; C/O Cint Min time Lmt
2915                             					; CALIB = Arg * 80, (0.25 Sec)
2916                             					;
2917 c600 08                     LC600: 	FCB 8 		; If TPS < then Enab C/O
2918                             					; CALIB = Arg * 2.56, (3.125%)
2919                             					;
2920 c601 00                     LC601: 	FCB 0 		; If Cool Temp < then Disab C/O
2921                             					; CALIB = (Arg + 40) * 256, (Deg C)
2922                             					;
2923 c602 0f                     LC602: 	FCB 15 		; If VSS <= Disable C/O
2924                             					; CALIB = Arg, (15 MPH)
2925                             					;
2926 c603 08                     LC603: 	FCB 8 		; 3.125% TPS, C/O Stall Saver TPS Default
2927                             					; CALIB = ARG * 2.56, (3.125%)
2928                             					;
2929 c604 1e                     LC604: 	FCB 30 		; 375 msec, C/O Stall Saver T/F TPS Duration
2930                             					; CALIB = Arg * 80,
2931                             					;
2932 c605 01 00                  LC605: 	FDB 0256 	; 3.9 Msec, C/O Stall Saver PW
2933                             					; CALIB = Arg * 65.536
2934                             					;
2935 c607 01                     LC607: 	FCB 1 		; CALIB of C/O Stall Saver Acel Enrich Pulses
2936                             					;
2937 c608 01 ff                  LC608: 	FDB 0511 	; 6.38 Sec, Min Time Between Consec DEFCO'S
2938                             					; CALIB = Arg * 80,
2939                             					;
2940 c60a 0a                     LC60A: 	FCB 10 		; 4%TPS, DFCO T/F TPS Default
2941                             					; CALIB = Arg *2.56
2942                             		;*******************************************************
2943                             		;* PWR ENRICHMENT TABLES & PARAM'S
2944                             		;*
2945                             		;* MY86 TYPE 32 ECM
2946                             		;*******************************************************
2947 c60b 32                     LC60B: 	FCB 50 		; IF Ld VAL > 50 ENAB PWR ENRICH
2948                             					; CAL = VAL
2949                             					;
2950 c60c 0a                     LC60C: 	FCB 10 		; Ld VAL HYST FOR PWR ENRICH.
2951                             					; CAL = VAL
2952                             					;
2953 c60d 10                     LC60D: 	FCB 16 		; TPS HYST. DISABLE PWR ENRICH IF TPS <
2954                             					; CAL = VAL * 2.56, (6.25%)
2955                             					;
2956                             					;
2957                             					;-------------------------------------------------
2958                             					; Pwr Enrichment TPS Treshold vs RPM
2959                             					;
2960                             					; BUA, TYPE $32, ECM P/N 1227165
2961                             					;
2962                             					; TBL = TPS% * 2.56
2963                             					;-------------------------------------------------
2964 c60e                        		ORG $C60E
2965                             					;-------------------------------------------------
2966                             					;
2967                             					; %TPS RPM
2968                             					;-------------------------------------------------
2969 c60e b4                     LC60E: 	FCB 180 	; 70 400
2970 c60f b4                     		FCB 180 	; 70 1200
2971 c610 b4                     		FCB 180 	; 70 2000
2972 c611 b4                     		FCB 180 	; 70 3200
2973 c612 b4                     		FCB 180 	; 70 4800
2974                             					;-------------------------------------------------
2975                             					;-------------------------------------------------
2976                             					; Pwr Enrichment Air/Fuel Pct Change
2977                             					; vs Coolant Temperature
2978                             					;
2979                             					; TBL = Pct Change * 2.56
2980                             					;-------------------------------------------------
2981 c613 08                     LC613: 	FCB 8 		; 9 Line table
2982                             					;------------------------------------------------------
2983                             					;
2984                             					; %CHG Deg c COOL
2985                             					;------------------------------------------------------
2986 c614 8c                     		FCB 140 	; 54.68 -40 C
2987 c615 7d                     		FCB 125 	; 48.82 -16
2988 c616 70                     		FCB 112 	; 43.75 8
2989 c617 56                     		FCB 86 		; 33.59 32
2990 c618 3a                     		FCB 58 		; 22.66 56 (132.8f)
2991 c619 3a                     		FCB 58 		; 22.66 80
2992 c61a 3a                     		FCB 58 		; 22.66 104
2993 c61b 3a                     		FCB 58 		; 22.66 128
2994 c61c 3a                     		FCB 58 		; 22.66 152 (305f)
2995                             					;-------------------------------------------------------
2996                             					;------------------------------------------------------
2997                             					; Pwr Enrichment Air/Fuel Pct Change vs RPM
2998                             					;
2999                             					; TBL = (Pct Change * 1.28) + 128
3000                             					;
3001                             					;------------------------------------------------------
3002 c61d 80                     LC61D: 	FCB 128 	;O% O RPM
3003 c61e 80                     		FCB 128 	; 400
3004 c61f 80                     		FCB 128 	; 800
3005 c620 80                     		FCB 128 	; 1200
3006 c621 80                     		FCB 128 	; 1600
3007 c622 80                     		FCB 128 	; 2000
3008 c623 80                     		FCB 128 	; 2400
3009 c624 80                     		FCB 128 	; 2800
3010 c625 80                     		FCB 128 	; 3200
3011 c626 80                     		FCB 128 	; 3600
3012 c627 80                     		FCB 128 	; 4000
3013 c628 80                     		FCB 128 	; 4400
3014 c629 80                     		FCB 128 	; 4800
3015 c62a 80                     		FCB 128 	; 5200
3016 c62b 80                     		FCB 128 	; 5600
3017 c62c 80                     		FCB 128 	; 6000
3018 c62d 80                     		FCB 128 	; 6400 RPM
3019                             					;------------------------------------------------------
3020                             		;*******************************************************
3021                             		;*******************************************************
3022                             		;* >>> IAC Tables & Params <<<
3023                             		;*
3024                             		;*******************************************************
3025 c62e 80                     LC62E: 	FCB 128 	; RPM 12.5 Msec Filter Coef, (0.5)
3026                             					; CALIB = Arg * 256
3027 c62f 90                     LC62F: 	FCB 144 	; Idle Spd Start up park posit.
3028                             					; CALIB = Arg
3029 c630 20                     LC630: 	FCB 32 		; Steps Added to Warm Park posit if
3030                             					; hot restart spark retard is active.
3031 c631 0a                     LC631: 	FCB 10 		; Steps Added to Warm Park down if
3032                             					; A/C on during start up.
3033 c632 05                     LC632: 	FCB 5 		; Add Steps for Fan Anticipate
3034                             					; CALIB = Arg/2
3035 c633 05                     LC633: 	FCB 5 		;Add Offset for Cold Engine
3036                             					;when cold spark has expired
3037                             					;
3038                             					; Cmd Speed Definitions
3039                             					;
3040 c634 04                     LC634: 	FCB 4 		; IAC offset added for pk/neut
3041                             					; CALIB = Arg/12.5, (50 RPM)
3042 c635 a0                     LC635: 	FCB 160 	; Idle Speed Strt up Dly Time
3043                             					; CALIB = Arg/6.25, (1000 Sec)
3044 c636 00                     LC636: 	FCB 0 		; IAC Offset Cmd Spd Added
3045                             					; CALIB = Num/12.5, (RPM)
3046                             					;--------------------------------------------------
3047                             					; IAC TARGET RPM vs coolant Temp.
3048                             					;
3049                             					; Dissassemby of BUA, LINES = 17
3050                             					; 09-23-1994, 10:07:16
3051                             					;
3052                             					; TBL = .08 * RPM/12.5
3053                             					;--------------------------------------------------
3054 c637                        		ORG $C637
3055                             					;--------------------------------------------------
3056                             					;
3057                             					; RPM/12.5 Deg c COOL
3058                             					;--------------------------------------------------
3059 c637 54                     LC637: 	FCB 84 		; 1050 -40
3060 c638 54                     LC638: 	FCB 84 		; 1050 -28
3061 c639 54                     LC639: 	FCB 84 		; 1050 -16
3062 c63a 54                     LC63A: 	FCB 84 		; 1050 -4
3063 c63b 54                     LC63B: 	FCB 84 		; 1050 8
3064 c63c 4c                     LC63C: 	FCB 76 		; 950 20
3065 c63d 48                     LC63D: 	FCB 72 		; 900 32
3066 c63e 3c                     LC63E: 	FCB 60 		; 750 44
3067 c63f 30                     LC63F: 	FCB 48 		; 600 56
3068 c640 30                     LC640: 	FCB 48 		; 600 68
3069 c641 2c                     LC641: 	FCB 44 		; 550 80
3070 c642 2c                     LC642: 	FCB 44 		; 550 92
3071 c643 2c                     LC643: 	FCB 44 		; 550 104
3072 c644 2c                     LC644: 	FCB 44 		; 550 116
3073 c645 2c                     LC645: 	FCB 44 		; 550 128
3074 c646 2c                     LC646: 	FCB 44 		; 550 140
3075 c647 2c                     LC647: 	FCB 44 		; 550 152
3076                             					;--------------------------------------------------
3077                             					;--------------------------
3078                             					; CMD Speed Cnt'l Deadband
3079                             					;--------------------------
3080 c648 06                     LC648: 	FCB 6 		; Max RPM Error for deadband in Pk/Neut
3081                             					; CALIB = Arg/12.5, (75 RPM)
3082 c649 04                     LC649: 	FCB 4 		; Max RPM Error for deadband in drive
3083                             					; CALIB = Arg/12.5, (50 RPM)
3084 c64a 02                     LC64A: 	FCB 2 		; Max RPM error for A/C & Min Motor Posit.
3085                             					; Learning Dead Band, CALIB = Arg * 12.5
3086                             					; (2.5 RPM)
3087                             		;**********************************
3088                             		;* PID ENABLE CONDITIONS
3089                             		;**********************************
3090 c64b 03                     LC64B: 	FCB 3 		; Enab T/F if TPS% >
3091                             					; CALIB = Arg * 2.56, (1.17%)
3092 c64c 00                     LC64C: 	FCB 0 		; No store of new TPS if Diif
3093                             					; fm old is <
3094 c64d 08                     LC64D: 	FCB 8 		; No Decay till TPS >=
3095                             					; CALIB = Arg * 2.56, (3.125%)
3096 c64e 06                     LC64E: 	FCB 6 		; Enab C/L PID if MPH <=
3097                             					; CALIB = Arg * 16/5, (1.8 MPH)
3098 c64f 04                     LC64F: 	FCB 4 		; 50 RPM, Min under spd error to enab PID
3099                             					; Durring Xsission dly, CALIB = Arg/12.5
3100                             					;-------------------------
3101                             					; Proportional Gains
3102                             					;
3103                             					; ORG $C650
3104                             					;-------------------------
3105 c650 20                     LC650: 	FCB 32 		; Undr Spd Error Proprt Gain
3106                             					; CALIB = Arg * 256 * 12.5
3107 c651 20                     LC651: 	FCB 32 		; Over spd Error Proport Gain
3108 c652 ff                     LC652: 	FCB 255 	; Min Under spd err to enab
3109                             					; High Prop gain addition
3110 c653 00                     LC653: 	FCB 0 		; High undr spd error prop gain add.
3111                             					;----------------------
3112                             					; Derivitve Gains
3113                             					;
3114                             					; ORG $C654
3115                             					;----------------------
3116 c654 10                     LC654: 	FCB 16 		; Low gain for deriv term when RPM
3117                             					; rate inc
3118                             					; CALIB =(steps/rpm/sec) * 256 * 15.625
3119 c655 40                     LC655: 	FCB 64 		; Steps Gain deric term when RPM Rate inc
3120                             					; CALIB =(steps/rpm/sec) * 256 * 15.625
3121 c656 16                     LC656: 	FCB 22 		; 343 RPM/Sec Min dec RPM rate to enable
3122                             					; hi gain for direv term,
3123                             					; CALIB = (rpm/sec)/15.625
3124 c657 ff                     LC657: 	FCB 255 	; Steps
3125                             					; CALIB =(steps/rpm/sec) * 256 * 15.625
3126 c658 04                     LC658: 	FCB 4 		; 50 RPM min umderspd error to enab hi
3127                             					; proportional & hi deriv gain additions
3128                             					;------------------------
3129                             					; Integral Gains
3130                             					;
3131                             					; ORG $C659
3132                             					;-----------------------
3133 c659 28                     LC659: 	FCB 40 		; PK/NEUT intigrator gain if RPM
3134                             					; error& rate out of dead bamds
3135                             					; CALIB =(steps/rpm/sec) * 256 * 15.625
3136 c65a 28                     LC65A: 	FCB 40 		;
3137                             					; CALIB =(steps/rpm/sec) * 256 * 15.625
3138 c65b 0c                     LC65B: 	FCB 12 		; Pk/Neut, max RPM rate to intigrate w/KISITGN
3139                             					; CALIB = (RPM/SEC)/15.625, (187.5 RPM/SEC)
3140 c65c 0c                     LC65C: 	FCB 12 		; Drive, max RPM rate to intigrate w/KISITGD
3141                             					; CALIB = (RPM/SEC)/15.625, (187.5 RPM/SEC)
3142                             					;------------------------------
3143                             					; Pk/Neut Scalling Gain
3144                             					;
3145                             					; ORG $C65D
3146                             					;-------------------------------
3147 c65d ff                     LC65D: 	FCB 255 	; Pk/Neut, Mult for prop & deriv terms.
3148                             					; CALIB = arg * 256
3149                             					;------------------------------
3150                             					; TPS Follower gain's
3151                             					;
3152                             					; ORG $C65E
3153                             					;------------------------------
3154 c65e 05                     LC65E: 	FCB 5 		; 31.25 msec between T/F steps in PK/NUET
3155                             					; CALIB =msec/6.25
3156 c65f 04                     LC65F: 	FCB 4 		; 25 msec between T/F steps in drive
3157                             					; CALIB =msec/6.25
3158 c660 0a                     LC660: 	FCB 10 		; 1.953 msec/RPM addition vs MPH between T/F steps
3159                             					; in Drive
3160                             					; CALIB =msec * (32/6.25)
3161 c661 10                     LC661: 	FCB 16 		; 100 msec addition to time between T/F steps
3162                             					; if in open loop IAC.
3163                             					; CALIB =msec/6.25
3164 c662 c0                     LC662: 	FCB 192 	; 1.5 steps/% TPS throt follower slope gain
3165 c663 4b                     LC663: 	FCB 75 		; 75 Steps T.F. max steps in drive.
3166 c664 ff                     LC664: 	FCB 255 	;Pk/Neut T.F. mult to T.F. steps
3167                             					; (NEUT STEPS)/(DRIVE STEPS)
3168                             					;----------------------------
3169                             					;----------------------------
3170                             					; A/C Learning Gain
3171                             					;
3172                             					;-----------------------------
3173 c665 14                     LC665: 	FCB 20 		; STEPS, A/C DEFAULT
3174 c666 20                     LC666: 	FCB 32 		; STEPS, MAX A/C LEARN STEPS
3175 c667 01                     LC667: 	FCB 1 		; STEPS, MIN A/C LEARN STEPS
3176 c668 05                     LC668: 	FCB 5 		; STEPS, MAX PLUS A/C LEARN PWER OFF/ON CYCLE
3177 c669 14                     LC669: 	FCB 20 		; 400 MSEC MIN RPM ERR DEAD BAND TIME BEFORE
3178                             					; LEARN ENABLE/DISABLE
3179 c66a 80                     LC66A: 	FCB 128 	; STEPS, P/N NEUT GAIN FOR A/C LEARNED VAL
3180                             					; (DRIVE STEPS)/(NEUT STEPS)
3181                             					;-----------------------------
3182                             					;
3183                             					; STEPPER MOTOR PARAMS'S
3184                             					;
3185 c66b 20                     LC66B: 	FCB 32 		; QUANTIZER GAIN TO CONVERT ALGO OUT FROM LINEAR
3186                             					; MOTOR GAINS TO STEPS
3187                             					; CALIB = GAIN * 256
3188                             					;
3189 c66c 08                     LC66C: 	FCB 8 		; IDLE SPD INVERSE QUANT GAIN TO MAKE
3190                             					; FARCTIONAL STPS
3191                             					;----------------------------------------------
3192                             					; A/C Clutch Tables & Param's
3193                             					;
3194                             					;
3195                             					;----------------------------------------------
3196 c66d ff                     LC66D: 	FCB 255 	; IF TPS GT 99% DISABLE A/C
3197                             					; (MUST BE 99-16 TO RE-ENABLE)
3198                             					;
3199 c66e ff                     LC66E: 	FCB 255 	; IF PLUS DIFF TPS GT 99%DISABLE A/C
3200 c66f 00                     LC66F: 	FCB 0 		; DISABLE A/C CLUTCH 0 SEC AFTER IF DIFF TPS
3201 c670 01                     LC670: 	FCB 1 		; 1 SEC DELAY FOR CLUTCH ENGAGE
3202 c671 01                     LC671: 	FCB 1 		; 1 SEC DELAY FOR CLUTCH DIS-ENGAGE
3203 c672 ff                     LC672: 	FCB 255 	; IF COOL GT 150 Deg c, DIS-ENGAGE CLUTCH
3204                             					;-------------------------------
3205                             					; Transitional Delays
3206                             					;
3207                             					;--------------------------------
3208 c673 28                     LC673: 	FCB 40 		; DISABLE CLSD LP PID FOR 800 Msec
3209                             					; AFTER OPN LP DISABLE
3210                             					;
3211 c674 1e                     LC674: 	FCB 30 		; DISABLE CLSD LP PID FOR 600 Msec
3212                             					; AFTER TPS FOLLOWER DISABLE
3213                             					;
3214 c675 10                     LC675: 	FCB 16 		; DISABLE CLSD LP PID FOR 320 Msec
3215                             					; AFTER NEUT DRIVE SHIFT
3216                             					;
3217 c676 14                     LC676: 	FCB 20 		; DISABLE CLSD LP PID FOR 400 Msec
3218                             					; AFTER FAN ON
3219                             					;
3220 c677 14                     LC677: 	FCB 20 		; DISABLE CLSD LP PID FOR 1000 Msec
3221                             					; AFTER EXPIRATION OF COLD ENGINE SPARK
3222                             					;------------------------------
3223                             					; Low Integrator Gains
3224                             					;
3225                             					;------------------------------
3226 c678 28                     LC678: 	FCB 40 		; 40 STEPS PK/NEUT LO INT GAIN IF
3227                             					; RPM ERR IN DEADBAND
3228                             					; CALB = (NUM * 128 * 12.5/.05)
3229                             					;
3230 c679 08                     LC679: 	FCB 8 		; 40 STEPS, DRIVE LO INT GAIN IF
3231                             					; RPM ERR IN DEADBAND
3232                             					; CALB = (NUM * 128 * 12.5/.05)
3233                             					;
3234 c67a 00                     LC67A: 	FCB 0 		; IF RPM ERROR LT 0 DISABLE & CLR INTEGRAL
3235                             					; CALIB = RPM/12.5
3236                             					;
3237                             					;---------------------------
3238                             					; Motor Reset Param's
3239                             					;
3240                             					; ORG $C67B
3241                             					;---------------------------
3242 c67b 91                     LC67B: 	FCB 145 	; MAX IAC STEPS POSSIBLE
3243                             					;
3244                             					; RPM Rate Deadband
3245                             					;
3246 c67c 10                     LC67C: 	FCB 16 		;__ RPM/SEC MIN DIRVITIVE RATE
3247                             					; CALIB = RPM/SEC/15.625
3248                             					;
3249                             					; Clutch Anticipate
3250                             					;
3251                             					;
3252                             					; SKIP Pwr Steer Press Sw READ
3253                             					; HYST PAIR
3254                             					;
3255 c67d ff                     LC67D: 	FCB 255 	; SKIP PS SW READ IF 100% TPS, UPPER VAL
3256 c67e ff                     LC67E: 	FCB 255 	; SKIP PS SW READ IF 100% TPS, LOWER VAL
3257 c67f 08                     LC67F: 	FCB 8 		; SKIP PWR STEER PRESS SW READ IF => 8 MPH
3258                             					;
3259                             					; Pwr Steering Anticipate
3260                             					;
3261 c680 00                     LC680: 	FCB 0 		; PWR STEER ANTIC STEPS
3262 c681 00                     LC681: 	FCB 0 		; PWR STEER ANTIC STEPS if A/C on
3263                             					;
3264                             					; MANUAL PARAM'S
3265                             					;
3266 c682 00                     LC682: 	FCB 0 		; FLAG, '1' IF MANUAL VECH SELECTED ELSE '0'
3267 c683 05                     LC683: 	FCB 5 		; 5 STEPS ADDED TO T/F IN DRIVE &
3268                             					; VECH IS MOVING (MPH>
3269                             					;
3270                             					; PID HOT SPARK RETARD PARAM'S
3271                             					;
3272 c684 19                     LC684: 	FCB 25 		;
3273 c685 18                     LC685: 	FCB 24 		; ADD 300 RPM SPEED OFFSET IF HOT SPARK
3274                             					; RETARD IS ACTIVE
3275                             					;------------------------------------------------------
3276                             					; IAC Mult (0-1) vs Coolant temp
3277                             					;
3278                             					;
3279                             					; TABLE VALUE = MULT * 256
3280                             					;------------------------------------------------------
3281 c686 08                     LC686: 	FCB 8 		; 9 Lines in Tbl.
3282                             					;------------------------------------------------------
3283                             					;
3284                             					; MULT DEG c COOL
3285                             					;------------------------------------------------------
3286 c687 cc                     		FCB 204 	; 0.80 -40
3287 c688 cc                     		FCB 204 	; 0.80 -16
3288 c689 e6                     		FCB 230 	; 0.90 8
3289 c68a ff                     		FCB 255 	; 1.00 32
3290 c68b ff                     		FCB 255 	; 1.00 56
3291 c68c ff                     		FCB 255 	; 1.00 80
3292 c68d ff                     		FCB 255 	; 1.00 104
3293 c68e ff                     		FCB 255 	; 1.00 128
3294 c68f ff                     		FCB 255 	; 1.00 152
3295                             					;------------------------------------------------------
3296                             					;------------------------------------------------------
3297                             					; Warm Park Posit vs Coolant Temp
3298                             					;
3299                             					; TABLE = STEPS
3300                             					;
3301                             					;
3302                             					;------------------------------------------------------
3303 c690                        		ORG $C690
3304 c690 08                     LC690: 	FCB 8 		; 9 Lines in Tbl
3305                             					;------------------------------------------------------
3306                             					;
3307                             					; DEG c COOL
3308                             					;------------------------------------------------------
3309 c691 91                     		FCB 145 	; -40
3310 c692 91                     		FCB 145 	; -16
3311 c693 71                     		FCB 113 	; 8
3312 c694 5a                     		FCB 90 		; 32
3313 c695 50                     		FCB 80 		; 56
3314 c696 41                     		FCB 65 		; 80
3315 c697 32                     		FCB 50 		; 104
3316 c698 32                     		FCB 50 		; 128
3317 c699 32                     		FCB 50 		; 152
3318                             					;------------------------------------------------------
3319                             		;*******************************************************
3320                             		;******************************************************
3321                             		;* Mass Air Flow Tables & Param's
3322                             		;*
3323                             		;* DIGITAL MASS FLOW SENSOR
3324                             		;*
3325                             		;* Freq range 34 - 150 hZ
3326                             		;* Period 927 - 437 counts
3327                             		;* Range 1490 counts
3328                             		;*
3329                             		;* table 1 0 - 511 counts, 0 - 22 gms/sec
3330                             		;* table 2 512 - 767 counts, 22 - 48
3331                             		;* table 3 768 - 1023 counts, 48 - 82
3332                             		;* table 4 1024 - 1279 counts, 82 - 135
3333                             		;* table 5 1280 - 1535 counts, 135 - 206
3334                             		;* table 6 1536 - 1791 counts, 206 - 255
3335                             		;*
3336                             		;*
3337                             		;*******************************************************
3338 c69a                        		ORG $C69A
3339 c69a 50                     LC69A: 	FCB 80 		; Ld VAR FOR SCALING LV8 SCALE FACTORS
3340                             					; CAL = arg + 64, (16)
3341 c69b 0a                     LC69B: 	FCB 10 		; 1 Sec MAF BURN OFF TIME.
3342 c69c 32                     LC69C: 	FCB 50 		; 5 SEC MAF BURNOFF DELAY TIME FROM IGN OFF
3343 c69d                        		ORG $C69D
3344                             					;----------------------------------------
3345                             					; Mass Air Flow TABLE 1
3346                             					;
3347                             					; TBL = gms/Sec * 11.1
3348                             					;
3349                             					;----------------------------------------
3350 c69d 17                     LC69D: 	FCB 23 		; TABLE SCALAR
3351 c69e 08                     LC69E: 	FCB 8 		; 9 LINE TBL
3352                             					;----------------------------------------
3353                             					; gms/SeC BIN VDC #/HR
3354                             					;----------------------------------------
3355 c69f 00                     		FCB 0 		; 0.0 0 0.00 0
3356 c6a0 24                     		FCB 36 		; 3.2 64 0.18 25
3357 c6a1 32                     		FCB 50 		; 4.5 128 0.37 35
3358 c6a2 45                     		FCB 69 		; 6.2 192 0.55 48
3359 c6a3 5d                     		FCB 93 		; 8.4 256 0.73 65
3360 c6a4 79                     		FCB 121 	; 10.9 320 0.91 84
3361 c6a5 9b                     		FCB 155 	; 14.0 384 1.10 108
3362 c6a6 c5                     		FCB 197 	; 17.7 448 1.28 137
3363 c6a7 f8                     		FCB 248 	; 22.3 512 1.46 172
3364                             					;----------------------------------------
3365                             					;----------------------------------------
3366                             					; Mass Air Flow TABLE 2
3367                             					;
3368                             					; TBL = gms/Sec * 5.33
3369                             					;
3370                             					;----------------------------------------
3371 c6a8 30                     LC6A8: 	FCB 48 		; TABLE SCALAR
3372 c6a9 08                     LC6A9: 	FCB 8 		; LINE TBL
3373                             					;----------------------------------------
3374                             					; gms/SeC BIN VDC #/HR
3375                             					;----------------------------------------
3376 c6aa 77                     		FCB 119 	; 22.3 512 1.46 172
3377 c6ab 85                     		FCB 133 	; 25.0 544 1.55 193
3378 c6ac 93                     		FCB 147 	; 27.6 576 1.65 213
3379 c6ad a3                     		FCB 163 	; 30.6 608 1.74 236
3380 c6ae b6                     		FCB 182 	; 34.1 640 1.83 264					<<<<<<<<<< This is different in BUA 86 vette ($84 or 132).  This value seems correct
3381 c6af c6                     		FCB 198 	; 37.1 672 1.92 287
3382 c6b0 d9                     		FCB 217 	; 40.7 704 2.01 314
3383 c6b1 ed                     		FCB 237 	; 44.5 736 2.10 343
3384 c6b2 fe                     		FCB 254 	; 47.7 768 2.19 368
3385                             					;----------------------------------------
3386                             					;----------------------------------------
3387                             					; Mass Air Flow TABLE 3
3388                             					;
3389                             					; TBL = gms/Sec * 3.08
3390                             					;----------------------------------------
3391 c6b3 53                     LC6B3: 	FCB 83 		; TABLE SCALAR
3392 c6b4 08                     LC6B4: 	FCB 8 		; 9 LINE TBL
3393                             					;----------------------------------------
3394                             					; gms/SeC BIN VDC #/HR
3395                             					;----------------------------------------
3396 c6b5 93                     		FCB 147 	; 47.7 768 2.19 368
3397 c6b6 9e                     		FCB 158 	; 51.2 800 2.29 395
3398 c6b7 aa                     		FCB 170 	; 55.1 832 2.38 425
3399 c6b8 b6                     		FCB 182 	; 59.0 864 2.47 455
3400 c6b9 c3                     		FCB 195 	; 63.2 896 2.56 488
3401 c6ba d1                     		FCB 209 	; 67.8 928 2.65 523
3402 c6bb df                     		FCB 223 	; 72.3 960 2.74 558
3403 c6bc ee                     		FCB 238 	; 77.2 992 2.83 596
3404 c6bd fd                     		FCB 253 	; 82.0 1024 2.93 633
3405                             					;----------------------------------------
3406                             					;----------------------------------------
3407                             					; Mass Air Flow TABLE 4
3408                             					;
3409                             					;
3410                             					; TBL = 1.90 * gms/Sec
3411                             					;----------------------------------------
3412 c6be 87                     LC6BE: 	FCB 135 	; TABLE SCALAR
3413 c6bf 08                     LC6BF: 	FCB 8 		; 9 LINE TBL
3414                             					;----------------------------------------
3415                             					; gms/SeC BIN VDC #/HR
3416                             					;----------------------------------------
3417 c6c0 9c                     		FCB 156 	; 82.3 1024 2.93 635
3418 c6c1 a6                     		FCB 166 	; 87.5 1056 3.02 676
3419 c6c2 b0                     		FCB 176 	; 92.8 1088 3.11 716
3420 c6c3 bb                     		FCB 187 	; 98.6 1120 3.20 761
3421 c6c4 c6                     		FCB 198 	; 104.4 1152 3.29 806
3422 c6c5 d2                     		FCB 210 	; 110.7 1184 3.38 855
3423 c6c6 de                     		FCB 222 	; 117.1 1216 3.47 903
3424 c6c7 ed                     		FCB 237 	; 125.0 1248 3.57 965
3425 c6c8 ff                     		FCB 255 	; 134.5 1280 3.66 1038
3426                             					;----------------------------------------
3427                             					;----------------------------------------
3428                             					; Mass Air Flow TABLE 5
3429                             					;
3430                             					;
3431                             					; TBL = 1.24 * gms/Sec
3432                             					;----------------------------------------
3433 c6c9 cf                     LC6C9: 	FCB 207 	; TABLE SCALAR
3434 c6ca 08                     LC6CA: 	FCB 8 		; 9 LINE TBL
3435                             					;----------------------------------------
3436                             					; gms/SeC BIN VDC #/HR
3437                             					;----------------------------------------
3438 c6cb a6                     		FCB 166 	; 134.2 1280 3.66 1036
3439 c6cc b0                     		FCB 176 	; 142.3 1312 3.75 1098
3440 c6cd ba                     		FCB 186 	; 150.4 1344 3.84 1161
3441 c6ce c4                     		FCB 196 	; 158.5 1376 3.93 1223
3442 c6cf cf                     		FCB 207 	; 167.4 1408 4.02 1292
3443 c6d0 db                     		FCB 219 	; 177.1 1440 4.11 1367
3444 c6d1 e6                     		FCB 230 	; 186.0 1472 4.21 1435
3445 c6d2 f2                     		FCB 242 	; 195.7 1504 4.30 1510
3446 c6d3 ff                     		FCB 255 	; 206.2 1536 4.39 1591
3447                             					;----------------------------------------
3448                             					;----------------------------------------
3449                             					; Mass Air Flow TABLE 6
3450                             					;
3451                             					; TBL = 1.00 * gms/SEC
3452                             					;
3453                             					;----------------------------------------
3454 c6d4 ff                     LC6D4: 	FCB 255 	; TBL SCALAR
3455 c6d5 10                     LC6D5: 	FCB 16 		; 16 LINE TBL
3456                             					;----------------------------------------
3457                             					; gms/SeC BIN VDC #/HR
3458                             					;----------------------------------------
3459 c6d6 cf                     		FCB 207 	; 206.2 1536 4.39 1591
3460 c6d7 d5                     		FCB 213 	; 212.2 1552 4.43 1637
3461 c6d8 db                     		FCB 219 	; 218.1 1568 4.48 1684
3462 c6d9 e2                     		FCB 226 	; 225.1 1584 4.53 1737
3463 c6da e9                     		FCB 233 	; 232.1 1600 4.57 1791
3464 c6db f0                     		FCB 240 	; 239.1 1616 4.62 1845
3465 c6dc f8                     		FCB 248 	; 247.0 1632 4.66 1906
3466 c6dd ff                     		FCB 255 	; 254.0 1648 4.71 1960
3467 c6de ff                     		FCB 255 	; 254.0 1664 4.75 1960
3468 c6df ff                     		FCB 255 	; 254.0 1680 4.80 1960
3469 c6e0 ff                     		FCB 255 	; 254.0 1696 4.85 1960
3470 c6e1 ff                     		FCB 255 	; 254.0 1712 4.89 1960
3471 c6e2 ff                     		FCB 255 	; 254.0 1728 4.94 1960
3472 c6e3 ff                     		FCB 255 	; 254.0 1744 4.98 1960
3473 c6e4 ff                     		FCB 255 	; 254.0 1760 5.03 1960
3474 c6e5 ff                     		FCB 255 	; 254.0 1776 5.07 1960
3475 c6e6 ff                     		FCB 255 	; 254.0 1792 5.12 1960
3476                             					;----------------------------------------
3477                             					;-------------------------------------------------------
3478                             					; Mass Flow Filter & Limits
3479                             					;
3480                             					;
3481                             					;-------------------------------------------------------
3482 c6e7                        		ORG $C6E7
3483 c6e7 20                     LC6E7: 	FCB 32 		; Mult for sliding filter
3484 c6e8 08 00                  LC6E8: 	FDB 2048 	; Min Out of MAF, (32 Hz)
3485                             					; CALIB = 65536/hZ
3486 c6ea 03 00                  LC6EA: 	FDB 0768 	; Min Allowable Flow, (3 gms/Sec)
3487                             					; CALIB = (gm/sec) * 256
3488                             					;--------------------------------------------------
3489                             					; Max Air Flow vs RPM
3490                             					;
3491                             					; 17 LINE, 0 -> 6400 RPM
3492                             					;
3493                             					; TBL = Grams/Sec
3494                             					;---------------------------------------------------
3495 c6ec                        		ORG $C6EC
3496                             					; gms/sec RPM
3497                             					;---------------------------
3498 c6ec 17                     LC6EC: 	FCB 23 		; 23 0
3499 c6ed 17                     		FCB 23 		; 23 400
3500 c6ee 1e                     		FCB 30 		; 30 800
3501 c6ef 30                     		FCB 48 		; 48 1200
3502 c6f0 44                     		FCB 68 		; 68 1600
3503 c6f1 59                     		FCB 89 		; 89 2000
3504 c6f2 6f                     		FCB 111 	; 111 2400
3505 c6f3 8d                     		FCB 141 	; 141 2800
3506 c6f4 aa                     		FCB 170 	; 170 3200
3507 c6f5 c8                     		FCB 200 	; 200 3600
3508 c6f6 dc                     		FCB 220 	; 220 4000
3509 c6f7 ec                     		FCB 236 	; 236 4400
3510 c6f8 f5                     		FCB 245 	; 245 4800
3511 c6f9 f7                     		FCB 247 	; 247 5200
3512 c6fa f7                     		FCB 247 	; 247 5600
3513 c6fb f7                     		FCB 247 	; 247 6000
3514 c6fc ff                     		FCB 255 	; 255 6400
3515                             					;---------------------------------------------------
3516                             		;**************************************************
3517                             		;* >>> Serial Data Tables & Params <<<
3518                             		;*
3519                             		;* MY 86 TYPE $32, ECM P/N 1227165
3520                             		;***************************************************
3521 c6fd                        		ORG $C6FD
3522 c6fd 04                     LC6FD: 	FCB 4 		; Dis String length, (Bytes)
3523                             					;--------------------------------------------------
3524                             					; DIS Addresses, Xmit
3525                             					;
3526                             					;--------------------------------------------------
3527 c6fe c0 09                  LC6FE: 	FDB $C009 	; Num O cyl Addr
3528 c700 01 1a                  		FDB $011A 	; Running total of fuel supplied Addr
3529 c702 01 1e                  		FDB $011E 	; Running total of Dist. Traveled Addr
3530 c704 c7 0c                  		FDB $C70C 	; Gal's/Sec Scale Factor Addr
3531 c706 00 00                  		FDB $0000 	;
3532 c708 00 00                  		FDB $0000 	;
3533 c70a 00 00                  		FDB $0000 	;
3534                             					;------------------------------------------------------
3535                             					;------------------------------------------------------
3536                             					; DISPLAY Fuel Rate Scale Factors
3537                             					;
3538                             					;------------------------------------------------------
3539 c70c 7a                     LC70C: 	FCB 122 	; Gals/Hr Inj flow rate
3540                             					; CALIB = Arg * 32, (3.8125 G/Hr)
3541                             		;*******************************************************
3542                             		;* 160 BAUD DIAGNOSTICS
3543                             		;* Table Of Addr's vs DATA
3544                             		;*
3545                             		;*******************************************************
3546 c70d                        		ORG $C70D
3547 c70d c0 00                  LC70D: 	FDB $C000 	; LOC 2, PROM ID (16 bits)
3548 c70f c0 01                  		FDB $C001 	; LOC 3, MSB
3549 c711 00 2c                  		FDB $002C 	; LOC 4, IAC Present Posit.
3550 c713 00 5d                  		FDB $005D 	; LOC 5, Coolant temp, (A/D)
3551 c715 00 65                  		FDB $0065 	; LOC 6, Filtered MPH
3552 c717 01 12                  		FDB $0112 	; LOC 7, EGR D/C
3553 c719 00 57                  		FDB $0057 	; LOC 8, RPM
3554 c71b 00 81                  		FDB $0081 	; LOC 9, TPS (A/D)
3555 c71d 00 c6                  		FDB $00C6 	; LOC 10, Base FI Pulse Width
3556 c71f 00 6f                  		FDB $006F 	; LOC 11, Filtered o2 Sig
3557 c721 00 05                  		FDB $0005 	; LOC 12, Err Flg #1, (Sensors0
3558                             					;---------------------------------
3559                             					; Bit 0 = ERR 23 MAT SENSOR LOW
3560                             					; 1 = ERR 22 TPS LOW
3561                             					; 2 = ERR 21 TPS HIGH
3562                             					; 3 = ERR 16 NOT USED
3563                             					;
3564                             					; 4 = ERR 15 COOL SENSOR LOW TEMP.
3565                             					; 5 = ERR 14 COOL SENSOR HIGH TEMP.
3566                             					; 6 = ERR 13 O2 SENSOR
3567                             					; 7 = ERR 12 NO REF PULSES
3568                             					;---------------------------------
3569                             					;
3570 c723 00 06                  		FDB $0006 	; LOC 13, Err Flg #2
3571                             					;
3572                             					; Bit 0 = ERR 35 NOT USED
3573                             					; 1 = ERR 34 MAF SENSOR LOW
3574                             					; 2 = ERR 33 MAF SENSOR HIGH
3575                             					; 3 = ERR 32 EGR DIAG.
3576                             					;
3577                             					; 4 = ERR 31 NOT USED
3578                             					; 5 = ERR 26 NOT USED
3579                             					; 6 = ERR 25 MAT SENSOR HIGH
3580                             					; 7 = ERR 24 VSS
3581                             					;---------------------------------
3582 c725 00 07                  		FDB $0007 	; LOC 14, Err Flg #3
3583                             					;
3584                             					; Bit 0 = ERR 51 PROM ERROR
3585                             					; 1 = ERR 46 VATS FAILED
3586                             					; 2 = ERR 45 O2 SENSOR RICH
3587                             					; 3 = ERR 44 O2 SENSOR LEAN
3588                             					;
3589                             					; 4 = ERR 43 ESC FAILURE
3590                             					; 5 = ERR 42 EST ERROR
3591                             					; 6 = ERR 41 CYL SELECT ERROR
3592                             					; 7 = ERR 36 BURNOFF DIAG.
3593                             					;---------------------------------
3594 c727 00 08                  		FDB $0008 	; L0C 15, Err Flg #4
3595                             					;
3596                             					; Bit 0 = ERR 63 NOT USED
3597                             					; 1 = ERR 62 NOT USED
3598                             					; 2 = ERR 61 NOT USED
3599                             					; 3 = ERR 56 NOT USED
3600                             					;
3601                             					; 4 = ERR 55 NOT USED
3602                             					; 5 = ERR 54 FUEL PUMP VOLTAGE
3603                             					; 6 = ERR 53 OVER VOLTAGE
3604                             					; 7 = ERR 52 CAL PAC MISSING
3605                             					;---------------------------------
3606 c729 00 44                  		FDB $0044 	; 16, MAF Flow
3607 c72b 00 60                  		FDB $0060 	; 17, MAT
3608 c72d 00 37                  		FDB $0037 	; 18, MCU Stat Flf, (Xmission etc)
3609 c72f 00 a1                  		FDB $00A1 	; 19, ECU PA3 Counter
3610 c731 00 c0                  		FDB $00C0 	; 20, BLM Mult.
3611 c733 00 f1                  		FDB $00F1 	; 21, Rich/Lean Counter
3612 c735 00 ea                  		FDB $00EA 	; 22, Decell Fuel Gms/Sec
3613 c737 00 eb                  		FDB $00EB 	; 23, LSB
3614 c739 00 d5                  		FDB $00D5 	; 24, Base PW (Last Inj), 16 bits
3615 c73b 00 d6                  		FDB $00D6 	; 25, LSB
3616                             		;*******************************************************
3617                             		;*******************************************************
3618                             		;* MODE 0, REVERT TO NORMAL MODE.
3619                             		;*
3620                             		;* ALDL DEVICE MUST REQUEST MODE 0 BY
3621                             		;* XMITING THE FOLLOWING MSG TO
3622                             		;* THE ECM:
3623                             		;*
3624                             		;* MSG ID = $80
3625                             		;* MSG LEN 1+85 = $56
3626                             		;* MODE = $00
3627                             		;* CKSUM = $29
3628                             		;*
3629                             		;* THE ECM WILL RESPOND WITH:
3630                             		;*
3631                             		;* MSG ID = $80
3632                             		;* MSG LEN 64+85 = $95
3633                             		;* MODE = $00
3634                             		;* CKSUM = $cc
3635                             		;*
3636                             		;*******************************************************
3637 c73d                        		ORG $C73D
3638 c73d 00 00                  LC73D: 	FDB $0000 	; Next Msg entry address
3639                             					;
3640 c73f 80                     		FCB $80 	; DEVICE ID Code
3641                             					;
3642 c740 00                     		FCB $00 	; Option Flag Word
3643                             					;
3644 c741 01                     		FCB 1 		; Output Msg Length
3645 c742 01                     		FCB 1 		; Input Msg Length
3646                             					;
3647 c743 01 6f                  		FDB $016F 	; Addr of output cnt'l block, (1 Byte long)
3648 c745 01 33                  		FDB $0133 	; Addr of input cnt'l block, (29 bytes long)
3649                             					;------------------------------------------------------
3650                             					; ADDR'S OF DIFFERENT MODE BLOCKS
3651                             					;
3652                             					; Table Of Addr's vs DATA
3653                             					;
3654                             					;------------------------------------------------------
3655 c747                        		ORG $C747
3656 c747 c7 3d                  LC747: 	FDB $C73D 	; MSG CODE $80 Mode 0 Entries
3657 c749 c7 51                  		FDB $C751 	; MSG CODE $80 Mode 1 Entries
3658 c74b c7 d9                  		FDB $C7D9 	; Msg Code $80 Mode 2 Entries
3659 c74d c7 e3                  		FDB $C7E3 	; Msg Code $80 Mode 3 Entries
3660 c74f c7 ed                  		FDB $C7ED 	; Msg Code $80 Mode 4 Entries
3661                             					;------------------------------------------------------
3662                             		;*******************************************************
3663                             		;* MODE 1 FIXED DATA DATA STREAM
3664                             		;* ALDL DEV MUST REQUEST MODE 1 BY
3665                             		;* XMITING THE FOLLOWING MSG TO
3666                             		;* THE ECM:
3667                             		;*
3668                             		;* MSG ID = $80
3669                             		;* MSG LEN 1+85 = $56
3670                             		;* MODE = $01
3671                             		;* CKSUM = $29
3672                             		;*
3673                             		;* THE ECM WILL RESPOND WITH:
3674                             		;*
3675                             		;* MSG ID = $80
3676                             		;* MSG LEN 64+85 = $95
3677                             		;* MODE = $01
3678                             		;* DATA BYTE 1 = $XX
3679                             		;* .
3680                             		;* .
3681                             		;* BATA BYTE 63 = $XX
3682                             		;* CKSUM = $cc
3683                             		;*
3684                             		;*******************************************************
3685 c751 00 00                  LC751: 	FDB $0000 	; Nxt Msg Entry Addr
3686                             					;
3687 c753 80                     		FCB $80 	; DEVICE ID Code
3688                             					;
3689 c754 80                     		FCB $80 	; RAM/ROM FLAG
3690                             					;
3691 c755 40                     		FCB 64 		; Output Msg Lenght
3692 c756 01                     		FCB 1 		; Input Msg Length
3693                             					;
3694 c757 01 6f                  		FDB $016F 	; Addr of Output Cnt'l Block
3695 c759 01 33                  		FDB $0133 	; Addr of Input Cnt'l Block
3696                             					;
3697 c75b c0 00                  LC75B: 	FDB $C000 	;1, PROM ID MSB
3698 c75d c0 01                  		FDB $C001 	;2, PROM ID LSB
3699                             					;
3700 c75f 00 05                  		FDB $0005 	;3, Err Flg #1
3701                             					;
3702                             					; Bit 0 = ERR 23 MAT SENSOR LOW
3703                             					; 1 = ERR 22 TPS LOW
3704                             					; 2 = ERR 21 TPS HIGH
3705                             					; 3 = ERR 16 NOT USED
3706                             					;
3707                             					; 4 = ERR 15 COOL SENSOR LOW TEMP.
3708                             					; 5 = ERR 14 COOL SENSOR HIGH TEMP.
3709                             					; 6 = ERR 13 O2 SENSOR
3710                             					; 7 = ERR 12 NO REF PULSES
3711                             					;---------------------------------
3712 c761 00 06                  		FDB $0006 	;4, Err Flg #2
3713                             					;
3714                             					; Bit 0 = ERR 35 NOT USED
3715                             					; 1 = ERR 34 MAF SENSOR LOW
3716                             					; 2 = ERR 33 MAF SENSOR HIGH
3717                             					; 3 = ERR 32 EGR DIAG.
3718                             					;
3719                             					; 4 = ERR 31 NOT USED
3720                             					; 5 = ERR 26 NOT USED
3721                             					; 6 = ERR 25 MAT SENSOR HIGH
3722                             					; 7 = ERR 24 VSS
3723                             					;---------------------------------
3724 c763 00 07                  		FDB $0007 	;5, Err Flg #3
3725                             					;
3726                             					; Bit 0 = ERR 51 PROM ERROR
3727                             					; 1 = ERR 46 VATS FAILED
3728                             					; 2 = ERR 45 O2 SENSOR RICH
3729                             					; 3 = ERR 44 O2 SENSOR LEAN
3730                             					;
3731                             					; 4 = ERR 43 ESC FAILURE
3732                             					; 5 = ERR 42 EST ERROR
3733                             					; 6 = ERR 41 CYL SELECT ERROR
3734                             					; 7 = ERR 36 BURNOFF DIAG.
3735                             					;---------------------------------
3736 c765 00 08                  		FDB $0008 	;6, Err Flg #4
3737                             					;
3738                             					; Bit 0 = ERR 63 NOT USED
3739                             					; 1 = ERR 62 NOT USED
3740                             					; 2 = ERR 61 NOT USED
3741                             					; 3 = ERR 56 NOT USED
3742                             					;
3743                             					; 4 = ERR 55 NOT USED
3744                             					; 5 = ERR 54 FUEL PUMP VOLTAGE
3745                             					; 6 = ERR 53 OVER VOLTAGE
3746                             					; 7 = ERR 52 CAL PAC MISSING
3747                             					;---------------------------------
3748 c767 00 09                  		FDB $0009 	;7, Err Flg #5
3749                             					;
3750                             					; Bit 0 = NOT USED
3751                             					; 1 = NOT USED
3752                             					; 2 = NOT USED
3753                             					; 3 = NOT USED
3754                             					;
3755                             					; 4 = NOT USED
3756                             					; 5 = ERR 66 NOT USED
3757                             					; 6 = ERR 65 NOT USED
3758                             					; 7 = ERR 64 NOT USED
3759                             					;---------------------------------
3760                             					;
3761 c769 00 5d                  		FDB $005D 	;8, Coolant, A/D
3762 c76b 00 5f                  		FDB $005F 	;9, Strt up Coolant, Deg C
3763 c76d 00 81                  		FDB $0081 	;10, TPS, A/D
3764 c76f 00 57                  		FDB $0057 	;11, RPM, Var
3765                             					;
3766 c771 00 95                  		FDB $0095 	;12, Ref Period
3767 c773 00 96                  		FDB $0096 	;13, LSB
3768                             					;
3769 c775 00 65                  		FDB $0065 	;14, MPH Var for Disp.
3770 c777 00 66                  		FDB $0066 	;15, LSB
3771                             					;
3772 c779 00 8f                  		FDB $008F 	;16, N/V Ratio
3773 c77b 00 6f                  		FDB $006F 	;17, o2 Filtered
3774 c77d 00 f1                  		FDB $00F1 	;18, ALDL Rich/Lean Counter
3775 c77f 00 c6                  		FDB $00C6 	;19, Base PW Correction
3776 c781 00 c0                  		FDB $00C0 	;20, Blk Learn, Scaled
3777 c783 00 bf                  		FDB $00BF 	;21, Blk Learn
3778 c785 00 c9                  		FDB $00C9 	;22, Clsd/Lp Int.
3779 c787 00 2c                  		FDB $002C 	;23, IAC Present Posit.
3780 c789 01 01                  		FDB $0101 	;24, IAC Step Dir Cmd
3781 c78b 01 02                  		FDB $0102 	;25, Requested Idle Spd.
3782 c78d 00 63                  		FDB $0063 	;26, Filtered Ld Val
3783 c78f 00 64                  		FDB $0064 	;27, LSB
3784 c791 00 61                  		FDB $0061 	;28, Raw Ld Val
3785 c793 00 60                  		FDB $0060 	;29, MAT Val
3786 c795 01 2b                  		FDB $012B 	;30, MAT Val, A/D
3787 c797 01 12                  		FDB $0112 	;31, EGR D.C.
3788 c799 01 13                  		FDB $0113 	;32, Can Prg D.C.
3789 c79b 00 f4                  		FDB $00F4 	;33, Fan D.C.
3790 c79d 00 7e                  		FDB $007E 	;34, Batt Vlts, A/D
3791 c79f 00 7f                  		FDB $007F 	;35, Pump VDC
3792                             					;
3793 c7a1 00 ea                  		FDB $00EA 	;36, Fuel Gms/Sec, 16 bits
3794 c7a3 00 eb                  		FDB $00EB 	;37, LSB
3795                             					;
3796 c7a5 00 b6                  		FDB $00B6 	;38, UNLIMITED AIRFLOW, (MAF Diag)
3797                             					;
3798 c7a7 01 15                  		FDB $0115 	;39, Tot Sprk Adv rel to TDC
3799 c7a9 01 16                  		FDB $0116 	;40, LSB
3800                             					;
3801 c7ab 00 9d                  		FDB $009D 	;41, Sprk Adv rel to TDC
3802 c7ad 00 9e                  		FDB $009E 	;42, LSB
3803                             					;
3804 c7af 00 a1                  		FDB $00A1 	;43, ECU Cnt'r
3805 c7b1 00 a5                  		FDB $00A5 	;44, Knock Retard
3806                             					;
3807 c7b3 00 d5                  		FDB $00D5 	;45, Base PW, Last Inject
3808 c7b5 00 d6                  		FDB $00D6 	;46, LSB
3809                             					;
3810 c7b7 00 ce                  		FDB $00CE 	;47, Total Air/Fuel Val
3811 c7b9 00 cf                  		FDB $00CF 	;48, LSB
3812                             					;
3813 c7bb 01 1a                  		FDB $011A 	;49, Run tot Fuel Consumed
3814 c7bd 01 1b                  		FDB $011B 	;50, LSB
3815                             					;
3816 c7bf 01 1e                  		FDB $011E 	;51, Run tot Dist Run, (.005mi/bit)
3817                             					;
3818 c7c1 00 1a                  		FDB $001A 	;52, Eng Run Time, Sec
3819 c7c3 00 1b                  		FDB $001B 	;53, LSB
3820                             					;
3821                             					;---------------------------------
3822 c7c5 00 35                  		FDB $0035 	;54, Minor Lp mode word #2
3823                             					;
3824                             					; Bit 0 = 1= OVERDRIVE ON
3825                             					; 0= OVERDRIVE OFF
3826                             					; 1 = ERR 14 or 15 THIS STARTUP
3827                             					; 2 = REF PULSES OCCURRED (6.25 MSEC CHECK)
3828                             					; 3 = 1= ALDL MODE, 8192 LOCKED IN, & MODE 4
3829                             					;
3830                             					; 4 = DIAGNOSTIC SWITCH IN DIAGNOSTIC POSITION
3831                             					; 5 = DIAGNOSTIC SWITCH IN ALDL POSITION
3832                             					; 6 = HIGH BAT. VOLT. , DISABLE SOLENOID DISCRETS
3833                             					; 7 = SHIFT LIGHT (1= ON, 0= OFF)
3834                             					;---------------------------------
3835 c7c7 00 37                  		FDB $0037 	;55, MPU Status wd, (Fan, P.S. etc)
3836                             					;
3837                             					; Bit 0 = PARK/NEUTRAL MODE
3838                             					; 1 = NOT IN THIRD GEAR
3839                             					; 2 = OVERDRIVE REQUEST
3840                             					; 3 = EXCESSIVE POWER STEER PRES.
3841                             					; , CLUTCH ANTICIPTE
3842                             					;
3843                             					; 4 = EGR DIAGNOSTIC SWITCH CLOSED
3844                             					; 5 = TCC LOCKED
3845                             					; 6 = FAN REQUEST BIT
3846                             					; 7 = 0 = A/C REQUEST
3847                             					;---------------------------------
3848 c7c9 00 2e                  		FDB $002E 	;56, Mode wd
3849                             					;
3850                             					; Bit 0 = PARK/NEUTRAL (0 = DRIVE)
3851                             					; 1 = 3rd GEAR
3852                             					; 2 = 4th GEAR
3853                             					; 3 = POWER STEERING ( 1 = CRAMP)
3854                             					;
3855                             					; 4 = READ BUT NOT USED
3856                             					; 5 = EGR DIAGNOSTIC
3857                             					; 6 = FAN REQUEST <=> ACHP (A/C HI PRESSURE)
3858                             					; 7 =AIR CONDITIONER ( 0 = A/CREQUESTED)
3859                             					;---------------------------------
3860 c7cb 00 34                  		FDB $0034 	;57, Minor Lp wd #1
3861                             					;
3862                             					; Bit 0 = ADVANCE FLAG ( 0= ADV. , 1= RTD)
3863                             					; 1 = CHK ENGINE LIGHT DELAY FLAG
3864                             					; 2 = INTERRUPT SERVICE EXECUTION EXCEED 6.25 MSEC
3865                             					; 3 = FAN ON DISABLED BY PID
3866                             					;
3867                             					; 4 = TCC ROAD SPEED 1st PULSE FLAG
3868                             					; 5 = A/C CLUTCH FLAG ( 0= A/C CLUTCH ON)
3869                             					; 6 = BYPASS CHECK ENABLE
3870                             					; 7 = ENGINE RUNNING FLAG ( 1= RUNNING)
3871                             					;
3872                             					;---------------------------------
3873 c7cd 00 01                  		FDB $0001 	;58, Non Vol Mem Mode wd
3874                             					;
3875                             					; Bit 0 = O2 SENSOR READY
3876                             					; 1 = CLOSED LOOP TIMER TIMED OUT
3877                             					; 2 = NOT USED
3878                             					; 3 = IMPROPER SHUTDOWN
3879                             					;
3880                             					; 4 = NOT USED
3881                             					; 5 = IAC KICKDOWN ENABLED
3882                             					; 6 = KWARM KICKDOWN ENABLED
3883                             					; 7 = ERR 42 FAILED
3884                             					;
3885                             					;---------------------------------
3886 c7cf 00 04                  		FDB $0004 	;59, MANUAL Xmission Mode wd
3887                             					;
3888                             					; Bit 0 = OVERDRIVE ON
3889                             					; 1 = 1st GEAR DIRECT
3890                             					; 2 = 1st GEAR LOOK-AHEAD OK
3891                             					; 3 = 4th GEAR
3892                             					;
3893                             					; 4 = 1st GEAR OVERDRIVE
3894                             					; 5 = DOWNSHIFT/OFF REQUEST
3895                             					; 6 = UPSHIFT/ON REQUEST
3896                             					; 7 = OVERDRIVE ACTIVE
3897                             					;
3898                             					;---------------------------------
3899 c7d1 00 3c                  		FDB $003C 	;60, ALCL Mode Wd.
3900                             					;
3901                             					; Bit 0 = ALDL RESET
3902                             					; 1 = NOT USED
3903                             					; 2 = FIELD SERVICE MODE
3904                             					; 3 = FIRST C/L PASS THRU FIELD SERVICE MODE DONE
3905                             					; (1= DONE)
3906                             					;
3907                             					; 4 = FIELD SERVICE. O2 TRANSITION
3908                             					; 5 = ONE SECOND FLAG (SYMMETRICAL)
3909                             					; 6 = 200 MSEC TOGGLE BIT FOR 2.5 HZ FSM FLASH RATE
3910                             					; 7 = PULLUP RESISTOR FOR COOL
3911                             					;---------------------------------
3912 c7d3 00 3e                  		FDB $003E 	;61, Mjr Lp mode wd
3913                             					;
3914                             					; Bit 0 = 100 MSEC, OLD CCP PURGE ON FLAG (0= OFF)
3915                             					; 1 = AIR CONTROLLED, 0= AIR DIVERTED
3916                             					; 2 = AIR SWITCHED TO PORT
3917                             					; 3 = NOT USED
3918                             					;
3919                             					; 4 = SKIP BURNOFF DUE TO > 17 VOLTS THIS STARTUP
3920                             					; 5 = D.E. QSEC
3921                             					; 6 = BURN OFF AIR METER
3922                             					; 7 = DECEL ENLEANMENT
3923                             					;
3924                             					;---------------------------------
3925 c7d5 00 46                  		FDB $0046 	;62, Serial Data Mode Word
3926                             					;
3927                             					; Bit 0 = EXPECTING FIRST 160 BAUD INTERRUPT
3928                             					; 1 = EXPECTING SECOND 160 BAUD INTERRUPT
3929                             					; 2 = IN 8192 MODE
3930                             					; 3 = LOCKED IN 8192 MODE
3931                             					;
3932                             					; 4 = NOT USED
3933                             					; 5 = NOT USED
3934                             					; 6 = NOT USED
3935                             					; 7 = NOT USED
3936                             					;
3937                             					;---------------------------------
3938 c7d7 00 44                  		FDB $0044 	;63, Flg Word Fuel/Air Mode word
3939                             					;
3940                             					; Bit 0 = NOT USED
3941                             					; 1 = LEARN CONTROL FLAG
3942                             					; (1= ENABLE STORE, 0= DISABLE)
3943                             					; 2 = NOT USED
3944                             					; 3 = NOT USED
3945                             					;
3946                             					; 4 = VSS FAILURE
3947                             					; 5 = EECC SLOW O2 RICH/LEAN FLAG
3948                             					; 6 = RICH/LEAN FLAG (1= RICH , 0= LEAN)
3949                             					; 7 = CLOSED LOOP FLAG (1= C/L , 0= O/L)
3950                             					;---------------------------------
3951                             					;-----------------------------------------------------
3952                             		;*******************************************************
3953                             		;* MODE 2 SELECTABLE MEMORY DUMP
3954                             		;*
3955                             		;* ALDL DEV MUST REQUEST MODE 2 BY
3956                             		;* XMITING THE FOLLOWING MSG TO
3957                             		;* THE ECM:
3958                             		;*
3959                             		;* MSG ID = $80
3960                             		;* MSG LEN 3+85 = $58
3961                             		;* MODE = $02
3962                             		;* START ADD MSB = $aa
3963                             		;* START ADD LSB = $aa
3964                             		;* CKSUM = $cc
3965                             		;*
3966                             		;* THE ECM WILL RESPOND WITH:
3967                             		;*
3968                             		;* MSG ID = $80
3969                             		;* MSG LEN 65+85 = $96
3970                             		;* MODE = $03
3971                             		;* ADD CONT = $dd
3972                             		;* .
3973                             		;* .
3974                             		;* ADD (+63) CONT = $dd
3975                             		;* CKSUM = $cc
3976                             		;*
3977                             		;*******************************************************
3978 c7d9                        		ORG $C7D9
3979 c7d9 00 00                  LC7D9: 	FDB $0000 	; Nxt Msg Entry Addr
3980 c7db 80                     		FCB $80 	; DEVICE Code
3981 c7dc 40                     		FCB $40 	; Option Flag Word
3982 c7dd 40                     		FCB $40 	; ????
3983 c7de 03                     		FCB 3 		; Input Msg Length
3984 c7df 01 50                  		FDB $0150 	; Addr of Output Cnt'l Block
3985 c7e1 01 33                  		FDB $0133 	; Addr of Input Cnt'l Block
3986                             					;------------------------------------------------------
3987                             		;*******************************************************
3988                             		;* MODE 3 RAM DUMP 0 to 8 ADDRESSES
3989                             		;*
3990                             		;* ALDL DEV MUST REQUEST MODE 3 BY
3991                             		;* XMITING THE FOLLOWING MSG TO
3992                             		;* THE ECM:
3993                             		;*
3994                             		;* MSG ID = $80
3995                             		;* MSG LEN 2n+85 = $58
3996                             		;* MODE = $03
3997                             		;* ADD MSB = $aa
3998                             		;* ADD LSB = $aa
3999                             		;* .
4000                             		;* .
4001                             		;* ADD MSB = $aa
4002                             		;* ADD LSB = $aa
4003                             		;* CKSUM = $cc
4004                             		;*
4005                             		;* THE ECM WILL RESPOND WITH:
4006                             		;*
4007                             		;* MSG ID = $80
4008                             		;* MSG LEN n+1+85 = $nn
4009                             		;* MODE = $03
4010                             		;* ADD CONT = $dd
4011                             		;* ADD CONT = $dd
4012                             		;* .
4013                             		;* .
4014                             		;* ADD CONT = $dd
4015                             		;* ADD CONT = $dd
4016                             		;* CKSUM = $cc
4017                             		;*
4018                             		;*
4019                             		;*******************************************************
4020 c7e3                        		ORG $C7E3
4021 c7e3 00 00                  LC7E3: 	FDB $0000 	; Nxt Msg Entry Addr
4022                             					;
4023 c7e5 80                     		FCB $80 	; DEVICE ID Code
4024                             					;
4025 c7e6 40                     		FCB $40 	; RAM/ROM Flag Word
4026                             					;
4027 c7e7 09                     		FCB 9 		; Output Msg Length
4028 c7e8 11                     		FCB 17 		; Input Msg Length
4029 c7e9 01 50                  		FDB $0150 	; Addr of Output Cnt'l Bock
4030 c7eb 01 33                  		FDB $0133 	; Addr of Input Cnt'l Block
4031                             					;------------------------------------------------------
4032                             		;*******************************************************
4033                             		;* MODE 4 MODIFIER OP'S
4034                             		;*
4035                             		;* MODE 4 WILL MODIFY ECM OPERATION
4036                             		;* & XMIT THE CONTENTS OF RAM,
4037                             		;* (0 -> 8 LOC'S) AS REQUESTED
4038                             		;*
4039                             		;* ALDL DEV MUST REQUEST MODE 4 BY
4040                             		;* XMITING THE FOLLOWING MSG TO
4041                             		;* THE ECM:
4042                             		;*
4043                             		;* MSG ID = $80
4044                             		;* MSG LEN 2n+1+10+85 = $nn
4045                             		;* MODE = $04
4046                             		;* CNTL WD 1 = $cc
4047                             		;* .
4048                             		;* .
4049                             		;* CNTL WD 10 = $cc
4050                             		;* ADD 1 MSB = $aa
4051                             		;* ADD 1 LSB = $aa
4052                             		;* .
4053                             		;* .
4054                             		;* ADD N MSB = $aa
4055                             		;* ADD N LSB = $aa
4056                             		;* CKSUM = $cc
4057                             		;*
4058                             		;* THE ECM WILL RESPOND WITH:
4059                             		;*
4060                             		;* MSG ID = $80
4061                             		;* MSG LEN n+1+85 = $nn
4062                             		;* MODE = $04
4063                             		;* ADD CONT = $dd
4064                             		;* .
4065                             		;* .
4066                             		;* ADD CONT = $dd
4067                             		;* CKSUM = $cc
4068                             		;*
4069                             		;*
4070                             		;*
4071                             		;*******************************************************
4072 c7ed                        		ORG $C7ED
4073 c7ed 00 00                  LC7ED: 	FDB $0000 	; Nxt Msg Entry Addr
4074                             					;
4075 c7ef 80                     		FCB $80 	; DEVICE IDCode
4076                             					;
4077 c7f0 40                     		FCB $40 	; RAM/ROM Flag Word
4078                             					;
4079 c7f1 09                     		FCB 9 		; Output Msg Length
4080 c7f2 1b                     		FCB 27 		; Input Msg Length
4081                             					;
4082 c7f3 01 50                  		FDB $0150 	; Addr of Output Cnt'l Bock
4083 c7f5 01 33                  		FDB $0133 	; Addr of Input Cnt'l Block
4084                             					;--------------------------------------------------
4085 c7f7                        		ORG $C7F7
4086 c7f7 1e                     LC7F7: 	FCB 30 		; If no Comm >= 30 Sec Force mode 0
4087                             					; CALIB = SEC'S
4088 c7f8 00                     L07F8: 	FCB $0 		;
4089 c7f9 00                     L07F9: 	FCB $0 		;
4090 c7fa 00                     L07FA: 	FCB $0 		;
4091 c7fb 00                     L07FB: 	FCB $0 		;
4092 c7fc 00                     L07FC: 	FCB $0 		;
4093 c7fd 00                     L07FD: 	FCB $0 		;
4094 c7fe 00                     L07FE: 	FCB $0 		;
4095 c7ff 00                     L07FF: 	FCB $0 		;
4096                             		;*******************************************************
4097                             		;* END OF CALIB TABLES
4098                             		;*******************************************************
4099                             		;***************************************************
4100                             		;* BUA/9340 P/N 16059335 8/1/85 P
4101                             		;* SS BY BUA/1728 P/N 1227165
4102                             		;* REV 8/1/95, WS
4103                             		;*
4104                             		;* ECM P/N 1227165
4105                             		;*
4106                             		;* MY86 YB L98 MD8 NM8 VE1 G44
4107                             		;*
4108                             		;* GM P4 computer system
4109                             		;*
4110                             		;* RAM Locations $0000 - $00FF
4111                             		;* NON VOL RAM Locations
4112                             		;*
4113                             		;* MPU Status Reg's $3FFA
4114                             		;* MPU Control Reg's $3FFC
4115                             		;*
4116                             		;***************************************************
4117 c800                        		ORG $C800
4118 c800 8e 01 ff               LC800: 	LDS #$01FF 				; Set Up Stack
4119 c803 bd f3 b5               		JSR LF3B5 				; 11 Usec Delay
4120 c806 86 08                  		LDAA #$08 				; 0000 1000, Bit 3
4121 c808 b7 50 00               		STAA $5000 				; Set Log RAM to MPU
4122 c80b ce 00 0a               		LDX #$0A 				;
4123 c80e 13 03 08 03            		BRCLR $03 $08 LC815 	; Mode Wd3, ERR 51
4124                             								; ... else
4125 c812 ce 00 02               		LDX #$02 				; 0000 0010
4126 c815 ff 3f fc               LC815: 	STX $3FFC 				; MCU CSR
4127                             								;
4128                             								; Int RAM 3FC0 - 3FFA, 58 BYTES ?
4129                             								;
4130 c818 ce 3f c0               		LDX #$3FC0 				;
4131 c81b 4f                     		CLRA 					; Clr D Reg
4132 c81c 5f                     		CLRB 					;
4133 c81d ed 00                  LC81D: 	STD 0,X 				; CLR RAM
4134 c81f 08                     		INX 					;
4135 c820 08                     		INX 					;
4136 c821 8c 3f fa               		CPX #$3FFA 				; Done ?
4137 c824 26 f7                  		BNE LC81D 				; Loop if not
4138                             								; ... else
4139                             		;***************************************************
4140                             		;* Set up MPU Devices
4141                             		;*
4142                             		;***************************************************
4143                             								;--------------------------------------------------
4144                             								; BIT 0 = SFO
4145                             								; BIT 1 = SF1
4146                             								; SFO SF1 Frq Hz
4147                             								; 0 0 542,288
4148                             								; 1 0 262,144
4149                             								; 0 1 131,072
4150                             								; 1 1 65,536
4151                             								;
4152                             								; BIT 2 = SPO
4153                             								; BIT 3 = SP1
4154                             								; SPO SP1 Frq Hz
4155                             								; 0 0 542,288
4156                             								; 1 0 1,048,576
4157                             								; 0 1 1,572,864
4158                             								; 1 1 2,097,152
4159                             								; BIT 4 =
4160                             								; BIT 5 =
4161                             								;
4162                             								; BIT 6 = 0 = SI,
4163                             								; 1 = PRP for Serial Input
4164                             								;
4165                             								; BIT 7 = Ready Bit
4166                             								; 0 = Init TX/Rx Bits
4167                             								; 1 = Xmiter Ready For Next Byte
4168                             								; Serial Cnt'l set this to 1
4169                             								;
4170 c826 86 8c                  		LDAA #$8C 				; 1000 1100
4171 c828 b7 40 01               		STAA $4001 				; Set Prescaler Serial Port Val
4172                             								;----------------------------------------------------------
4173                             								;----------------------------------------------------------
4174                             								; DDR REGESTER
4175                             								;
4176                             								; 1 = INPUT
4177                             								; 0 = OUTPUT
4178                             								;
4179 c82b 86 8f                  		LDAA #$8F 				; 1000 1111,
4180 c82d b7 40 03               		STAA $4003 				; Set DDR Direction
4181                             								;----------------------------------------------------------
4182                             								;----------------------------------------------------------
4183                             								; BIT 0 = Input is Sync fm RX
4184                             								; BIT 1 = Output to DO 1 or Tmr Cnt'l PW mod
4185                             								; BIT 2 = Output to DO 2
4186                             								; BIT 3 = Output to DO 3
4187                             								;
4188                             								; BIT 4 = SSO
4189                             								; BIT 5 = SS1
4190                             								; SSO SS1 BAUD RATE
4191                             								; 1 0 8192
4192                             								; 0 1 1024
4193                             								; 1 1 256
4194                             								;
4195                             								; BIT 6 = Match enab Bit
4196                             								; BIT 7 = Not Used
4197                             								;
4198 c830 86 90                  		LDAA #$90 				;1001 0000
4199 c832 b7 40 04               		STAA $4004 				;Set Baud = 8192
4200                             								;----------------------------------------------------------
4201                             								;
4202                             								; Test A/D Operation
4203                             								;
4204 c835 86 b0                  		LDAA #$B0 				; A/D Ch TST Ch.
4205 c837 bd f1 c3               		JSR LF1C3 				; To A/D routine
4206                             								;
4207                             								; Clr RAM ?
4208                             								; RAM $01B2 - $002D, 185 BYTES
4209                             								;
4210 c83a ce 01 b2               		LDX #$01B2 				; Last Used RAM Loc
4211 c83d 6f 00                  LC83D: 	CLR 0,X 				; Clear RAM
4212 c83f 09                     		DEX 					; Bump Addr Down
4213 c840 8c 00 2d               		CPX #$002D 				; Done ?
4214 c843 26 f8                  		BNE LC83D 				; If Not Loop
4215                             								;
4216                             								; Enable SXR Chip
4217                             								; Par I/O
4218                             								;
4219 c845 b6 40 04               		LDAA $4004 				; Get CSR
4220 c848 8a 08                  		ORAA #$08 				; Set b3
4221 c84a b7 40 04               		STAA $4004 				; Wr Back
4222                             								;
4223                             								; Serial I/O (SPI) Init
4224                             								;
4225 c84d ce 40 02               		LDX #$4002 				; Output Data Latch
4226 c850 1c 00 04               		BSET 0,X 04	 			; SELECT FMD
4227 c853 86 04                  		LDAA #$04 				; b2, EST ENABLE
4228 c855 97 30                  		STAA $30 				; Save Status to NON VOL RAM
4229 c857 bd f1 f9               		JSR LF1F9 				; Xmit to Serial Data
4230 c85a 1d 00 04               		BCLR 0,X 04 				; De-select SPI
4231 c85d 97 49                  		STAA $49 				; FACTORY TST FMD BYTE 1
4232                             								;-------------------------------------
4233                             								;
4234                             								; Check Socketed device
4235                             								;
4236 c85f ce c0 08               		LDX #$C008 				;
4237 c862 cc 3f f8               		LDD #$3FF8 				; B Cnt'r Last H.U LF32E 	; To Ck SUM
4238 c865 bd f3 2e               		JSR LF32E				; To CHKSUM
4239 c868 b6 c0 08               		LDAA LC008 				; Get Stored CK SUM
4240 c86b 81 aa                  		CMPA #$AA 				; IF its AN $AA Bypass
4241 c86d 27 0a                  		BEQ LC879 				; Xit & Clr ER #51 Flg
4242                             								; ... else
4243 c86f 81 32                  		CMPA #$32 				; Ck for correct EPROM
4244 c871 26 0b                  		BNE LC87E 				; If Not exit w/error
4245                             								; ... else
4246 c873 18 bc c0 06            		CPY LC006 				; CK CK SUM VAL
4247 c877 26 05                  		BNE LC87E 				; Bad Ck Sum, Xit w/Error
4248                             								; ... else
4249 c879 15 47 10               LC879: 	BCLR $47 $10 			; Clr Er #51 Flg
4250 c87c 20 03                  		BRA LC881 				; Exit Ck Sum test
4251 c87e 14 47 10               LC87E: 	BSET $47 $10 			; Set Err, (#51)
4252 c881 ce fb 1a               LC881: 	LDX #$FB1A 				; Init MPU
4253 c884 13 03 08 03            		BRCLR $03 $08 LC88B 	; Mode Wd3, ERR 51
4254                             								; ... else
4255 c888 ce fb 12               		LDX #$FB12 				; 64,274
4256 c88b ff 3f fc               LC88B: 	STX $3FFC 				; MCU CSR
4257                             								;
4258                             								; A/D BATTERY VOLTAGE
4259                             								;
4260 c88e 86 10                  		LDAA #$10 				; Set Up For Batt Volts, A/D CH1
4261 c890 bd f1 be               		JSR LF1BE 				; To A/D
4262 c893 97 7e                  		STAA $7E 				; Batt Volts, (A/D)
4263 c895 81 64                  		CMPA #100 				; 10 VDC
4264 c897 24 49                  		BCC LC8E2 				; IF LT 10 VDC, EXIT via HU CHECK
4265                             								; ... else
4266 c899 14 40 20               		BSET $40 $20 			; set B5, ERR 54A
4267                             								; ... Force Default for Pump Volts
4268                             								;
4269                             								; CK FUEL PUMP VOLTAGE
4270                             								;
4271 c89c bd e8 16               		JSR LE816 				; To Pump Subroutine
4272 c89f 96 7f                  		LDAA $7F 				; Pump VDC, (A/D)
4273 c8a1 81 a0                  		CMPA #160 				; 16.0 VDC
4274 c8a3 25 3d                  		BCS LC8E2 				; IF GT 16 VDC. EXIT via HU CHECK
4275                             								; ... else
4276                             								;
4277                             								; CK DIAG MODE STATUS
4278                             								; (IF DIAG V gt 0.8V & lt 2V, SET FACT TEST)
4279                             								;
4280 c8a5 86 70                  		LDAA #$70 				; A/D Ch 7 DIAG SW STATUS
4281 c8a7 bd f1 be               		JSR LF1BE 				; To A/D Subroutine
4282 c8aa 81 64                  		CMPA #100 				; 2.0 VDC
4283 c8ac 24 34                  		BCC LC8E2 				; IF GT 2.0 VDC, EXIT via HU CHECK
4284                             								; ... se
4285 c8ae 81 28                  		CMPA #40 				; 800 Mvdc
4286 c8b0 25 30                  		BCS LC8E2 				; IF LT 800 mvdc, EXIT via HU CHECK
4287                             								; ... else
4288 c8b2 14 47 80               		BSET $47 $80  			; Set b7, FACTORY Tst MODE. <---***
4289 c8b5 14 31 04               		BSET $31 $04  			; Enable SPK
4290                             								;--------------------------------------------------
4291                             								;
4292                             								; DO GM IEEE SUM, $C000 --> $FFFF
4293                             								; $4000 IN LENGTH
4294                             								;
4295 c8b8 ce c0 00               		LDX #$C000 				; START OF EPROM
4296 c8bb cc 40 00               		LDD #$4000 				; LENGTH OF EPROM
4297 c8be bd f3 2e               		JSR LF32E 				; To Ck Sum Subroutine
4298 c8c1 18 ff 01 73            		STY $0173 				; IEEE CK SUM
4299                             								;
4300                             								; INIT IAC & IGN OFF TIMER
4301                             								;
4302 c8c5 86 cc                  		LDAA #204 				;
4303 c8c7 b7 01 79               		STAA $0179 				; IAC MOT
4304 c8ca 97 32                  		STAA $32 				; IGN TIMER
4305                             								;
4306                             								;
4307                             								;
4308 c8cc 96 49                  		LDAA $49 				; FACTORY TST FMD BYTE 1
4309 c8ce 84 03                  		ANDA #$03 				; b1 & b0,
4310 c8d0 26 0d                  		BNE LC8DF 				; BR IF NOT b0 & b1
4311                             								; ... else
4312 c8d2 ce 00 00               		LDX #$0000 				;
4313 c8d5 86 aa                  		LDAA #$AA 				;
4314 c8d7 a7 00                  LC8D7: 	STAA 0,X 				;
4315 c8d9 08                     		INX 					;
4316 c8da 8c 00 2e               		CPX #$002E 				;
4317 c8dd 26 f8                  		BNE LC8D7 				;
4318                             								; ... else
4319 c8df 7e c9 e3               LC8DF: 	JMP LC9E3 				;
4320                             								;--------------------------------------------------
4321                             								;--------------------------------------------------
4322                             								; CK IF HEADS UP PRESENT
4323                             								;
4324                             								;--------------------------------------------------
4325 c8e2 fe 58 00               LC8E2: 	LDX $5800 				; H.U. ROM Addr
4326 c8e5 8c 7e 58               		CPX #$7E58 				; HU ID CODE
4327 c8e8 26 03                  		BNE LC8ED 				; BR IF NO HEADS UP
4328                             								; ... else
4329 c8ea bd 58 12               		JSR $5812 				; H.U. ROM Addr
4330                             								;--------------------------------------------------
4331 c8ed bd f3 a7               LC8ED: 	JSR LF3A7 				; Call RAM ERR Wd's Ck Sum
4332 c8f0 1a 93 18               		CPD $18 				; Ck Sum OF Err Words
4333 c8f3 27 19                  		BEQ LC90E 				; BR IF Z
4334                             								; ... else
4335                             								;--------------------------------------------------
4336                             								; Init RAM (Non Vol)
4337                             								;
4338                             								;--------------------------------------------------
4339                             								;
4340                             								; CLR RAM, $002D -> $0000
4341                             								;
4342 c8f5 ce 00 2d               		LDX #$002D 				; POINT TO TOP ADDRESS
4343 c8f8 6f 00                  LC8F8: 	CLR 0,X 				; CLEAR MEM LOCATION
4344 c8fa 09                     		DEX 					; DECR ADDRESS POINTER
4345 c8fb 26 fb                  		BNE LC8F8 				; TILL DONE
4346                             								; ... else
4347                             								;
4348                             								; DO ERR WD CKSUM
4349                             								;
4350 c8fd bd f3 a7               		JSR LF3A7 				; Call NON VOL RAM ERR Wd's Ck Sum
4351 c900 dd 18                  		STD $18 				; Save Ck Sum OF Err Words
4352                             								;
4353                             								; INIT BLM CELLS
4354                             								;
4355 c902 bd f4 34               		JSR LF434 				; To INIT BLM Init.
4356                             								;
4357                             								; INIT IAC
4358                             								;
4359 c905 b6 c6 2f               		LDAA LC62F 				; 144 IAC Idle Spd Start up park posit.
4360 c908 97 2c                  		STAA $2C 				; Save Strt up IAC Posit
4361 c90a 86 40                  		LDAA #$40 				; b6
4362 c90c 97 3d                  		STAA $3D 				; Set NV RAM Bad Flg
4363                             								;--------------------------------------------------
4364                             								;--------------------------------------------------
4365                             								;
4366                             								;
4367                             								;--------------------------------------------------
4368 c90e 96 47                  LC90E: 	LDAA $47 				; MD WD
4369 c910 85 10                  		BITA #$10 				; b4
4370 c912 27 27                  		BEQ LC93B 				; BR IF NOT b4,
4371 c914 96 03                  		LDAA $03 				; Get MD WD3
4372 c916 8a 08                  		ORAA #$08 				; Set Err b3, ERR 51
4373 c918 97 03                  		STAA $03 				;
4374 c91a bd f4 98               		JSR LF498 				; Else Lite Ck Eng Lamp
4375 c91d 14 07 01               		BSET $07 $01 			; Err #3 Flg word
4376 c920 96 47                  		LDAA $47 				;
4377 c922 8a 10                  		ORAA #$10 				; Set b4
4378 c924 97 47                  		STAA $47 				;
4379 c926 bd f3 a7               		JSR LF3A7 				; ERR Wd's Ck Sum
4380 c929 dd 18                  		STD $18 				; Save Ck Sum OF Err Words
4381 c92b 96 47                  		LDAA $47 				;
4382 c92d 2b 0c                  		BMI LC93B 				; BR IF
4383                             								;
4384                             								; CK DIAG SW STATUS
4385                             								;
4386 c92f 86 70                  		LDAA #$70 				; A/D Ch 7 DIAG SW STATUS
4387 c931 bd f1 be               		JSR LF1BE 				; To A/D Subroutine
4388 c934 81 28                  		CMPA #40 				;
4389 c936 25 03                  		BCS LC93B 				; BR IF A/D RESULT L.T. 88 MVDC
4390                             		;*******************************************************
4391                             		;* WAIT HERE FOR INTERUPT
4392                             		;*
4393                             		;*******************************************************
4394 c938 3f                     LC938: 	SWI 					;
4395 c939 20 fd                  		BRA LC938 				;
4396                             		;*******************************************************
4397 c93b 14 3c 80               LC93B: 	BSET $3C $80 			; SET b7
4398 c93e bd f3 b6               		JSR LF3B6 				; TO SEG 6, Log RAM to MCU, Cool A/D
4399 c941 12 01 08 25            		BRSET $01 $08 LC96A 	; BR IF b3,
4400                             								; ... else
4401                             								;--------------------------------------------------
4402                             								; LK UP Start up Enrich vs Cool Temp
4403                             								;
4404                             								;
4405                             								; Tbl Val = Pct Chg * (256/100)
4406                             								;--------------------------------------------------
4407 c945 96 5b                  		LDAA $5B 				; COOLANT
4408 c947 81 d0                  		CMPA #208 				; 115c
4409 c949 23 02                  		BLS LC94D 				; BR IF COOL GT 115c
4410                             								; ... else
4411 c94b 86 d0                  		LDAA #208 				; USE 115c MAX FOR LK UP
4412 c94d 36                     LC94D: 	PSHA 					;			
4413 c94e ce c3 e4               		LDX #$C3E4 				; INDEX START UP ENRICH Tbl
4414 c951 bd f2 c6               		JSR LF2C6 				; Call 2d Lk Up, (No Offset)
4415 c954 5f                     		CLRB 					;
4416 c955 dd 0e                  		STD $0E 				; SAVE START UP ENRICH %CHG
4417                             								;--------------------------------------------------
4418                             								;--------------------------------------------------
4419                             								; LK UP Opn Lp AFR % Chg vs Cool Temp.
4420                             								;
4421                             								; Tbl = Pct Chg * 2.56 + AF BIAS
4422                             								;--------------------------------------------------
4423 c957 32                     		PULA 					; GET COOL VAL FM STX
4424 c958 36                     		PSHA 					;
4425 c959 ce c4 1f               		LDX #$C41F 				; INDEX UP Opn Lp AFR % Chg Tbl
4426 c95c bd f2 c6               		JSR LF2C6 				; 2d Lk Up, (No Offset)
4427 c95f 97 cd                  		STAA $CD 				; Cool Temp, AFR Ratio
4428                             								;--------------------------------------------------
4429                             								;--------------------------------------------------
4430                             								; LK UP Strt Up Spark Adv vs Cool Temp.
4431                             								;
4432                             								; TBL = SA deg * (256/90)
4433                             								;--------------------------------------------------
4434 c961 32                     		PULA 					; GET COOL VAL FM STX
4435 c962 ce c1 7a               		LDX #$C17A 				; Strt Up Spark Adv Tbl
4436 c965 bd f2 c6               		JSR LF2C6 				; 2d Lk Up, (No Offset)
4437 c968 97 13                  		STAA $13 				; Spark Adv (START UP)
4438                             								;--------------------------------------------------
4439                             								;--------------------------------------------------
4440                             								;
4441                             								;
4442                             								;
4443                             								;--------------------------------------------------
4444 c96a 96 5d                  LC96A: 	LDAA $5D 				; RESTART COOLANT
4445 c96c 15 3b 10               		BCLR $3B $10 			; CLR b4
4446 c96f b1 c0 2c               		CMPA LC02C 				; Hot Restart Hi Lmt, (54c)
4447 c972 25 06                  		BCS LC97A 				; BR IF RESTART COOL LT 54c
4448                             								; ... else
4449 c974 d6 01                  		LDAB $01 				;
4450 c976 ca 40                  		ORAB #$40 				; SET b6
4451 c978 d7 01                  		STAB $01 				;
4452 c97a b1 c1 fa               LC97A: 	CMPA LC1FA 				; ERR # 32 Params, 31c QUAL
4453 c97d 24 11                  		BCC LC990 				; BR IF COOL G.T. 31c
4454                             								; ... else
4455 c97f de 1a                  		LDX $1A 				; Eng Run Time (sec)
4456 c981 26 0d                  		BNE LC990 				; BR IF N/Z
4457                             								; ... else
4458 c983 bd f1 e0               		JSR LF1E0 				;
4459 c986 85 20                  		BITA #$20 				;
4460 c988 26 06                  		BNE LC990 				; BR IF b5
4461                             								; ... else
4462 c98a 96 41                  		LDAA $41 				; DIAGNOSTIC MODE WD 3
4463 c98c 8a 20                  		ORAA #$20 				; SET b5, EGR DIAG SW BAS AT START UP,
4464                             								; ... ERR 32
4465 c98e 97 41                  		STAA $41 				; DIAGNOSTIC MODE WD 3
4466 c990 b6 c3 a0               LC990: 	LDAA LC3A0 				; o2 filter init val
4467 c993 97 6f                  		STAA $6F 				; FILT o2 VDC
4468 c995 97 71                  		STAA $71 				; FILT o2 VDC
4469 c997 97 73                  		STAA $73 				; FILT o2 VDC
4470                             								;-------------------------------------------------
4471                             								;
4472                             								; GET TPS A/D & PROCESS
4473                             								;
4474 c999 86 50                  		LDAA #$50 				; A/D Ch 5, (TPS Voltage)
4475 c99b bd f1 be               		JSR LF1BE 				; To A/D Subroutine
4476 c99e 97 81                  		STAA $81 				; TPS, (A/D)
4477 c9a0 b6 c3 9b               		LDAA LC39B 				; Min TPS Posit
4478 c9a3 97 86                  		STAA $86 				; Fltered low TPS, (A/D)
4479 c9a5 bd f3 5a               		JSR LF35A 				; To TPS Load Subroutine
4480 c9a8 96 7e                  		LDAA $7E 				; Batt Volts Value, (A/D)
4481 c9aa bd de 72               		JSR LDE72 				; TO MAJOR LOOP SUNBOUTINE, Seg E
4482                             								; W/BATTERY A/D VALUE
4483 c9ad fc 3f c8               		LDD $3FC8 				; SPK Period
4484 c9b0 dd b2                  		STD $B2 				; OLD PA2 CNT'R
4485 c9b2 fc c3 cb               		LDD LC3CB 				; 445d, Get Stoch ratio
4486 c9b5 dd ce                  		STD $CE 				; AFR
4487 c9b7 86 08                  		LDAA #08 				;
4488 c9b9 95 01                  		BITA 01 				; b0
4489 c9bb 26 03                  		BNE LC9C0 				; BR IF b0
4490                             								; ... else
4491 c9bd 4a                     		DECA 					;
4492 c9be 97 04                  		STAA $04 				; Xmish Mode word
4493 c9c0 bd fa 58               LC9C0: 	JSR LFA58 				;
4494 c9c3 86 04                  		LDAA #$04 				;
4495 c9c5 bd f4 a8               		JSR LF4A8 				;
4496 c9c8 86 0e                  		LDAA #$0E 				;
4497 c9ca 97 00                  		STAA $00 				;
4498 c9cc 86 80                  		LDAA #128 				;
4499 c9ce 97 c0                  		STAA $C0 				; Blk Lrn Mult, Scaled 1
4500 c9d0 97 c6                  		STAA $C6 				; Base PW Cls Lp Corr <----- *****
4501 c9d2 97 c9                  		STAA $C9 				; Cls/Lp Int, Add Fuel if > 128
4502 c9d4 86 19                  		LDAA #$19 				;
4503 c9d6 b7 01 8a               		STAA $018A 				; LOCATION OF NEXT ENTRY IN EPROM TBL
4504 c9d9 86 a0                  		LDAA #160 				;
4505 c9db 97 68                  		STAA $68 				;
4506 c9dd b6 c6 2f               		LDAA LC62F 				; 144, IDLE SPD START UP PARK POSIT.
4507 c9e0 b7 01 0c               		STAA $010C 				;
4508                             								;
4509                             								;
4510                             								;
4511 c9e3 b6 40 05               LC9E3: 	LDAA $4005 				; Free run Up Cnt'r
4512 c9e6 8b 02                  		ADDA #$02 				; ADD 2 CNT'S
4513 c9e8 b7 40 06               		STAA $4006 				; Match Reg
4514 c9eb ce 40 07               		LDX #$4007 				; index TX/Rx CSR
4515 c9ee 1c 00 01               		BSET 0,X 01 			; SET b0
4516 c9f1 7e cc c6               		JMP LCCC6 				;
4517                             		;*******************************************************
4518                             		;*******************************************************
4519                             		;* IRQ1 SERVICE ROUTINE, CALLED FROM INT AT LFF2
4520                             		;* TYPE $32, ECM P/N
4521                             		;*
4522                             		;* Executed every IRQ1
4523                             		;* All Minor Loop done here:
4524                             		;*
4525                             		;* Air/Fuel
4526                             		;* SPK
4527                             		;* IAC
4528                             		;* Etc.
4529                             		;*******************************************************
4530 c9f4 ce 40 07               LC9F4: 	LDX #$4007 				; index TX/Rx CSR
4531                             								;
4532                             								; CK SCI RX STATUS, (8192 BAUD)
4533                             								;
4534 c9f7 1e 01 01 6c            		BRSET 1,X $01 LCA67 	; BR IF b0
4535                             								; ... else
4536 c9fb 1f 00 20 0b            		BRCLR 0,X $20 LCA0A 	; BR IF b5, If RX Int Not enab
4537                             								; ... else
4538 c9ff 1f 01 20 28            		BRCLR 1,X $20 LCA2B 	; BR IF NOT b5, If not RX Int
4539                             								; ... else
4540 ca03 14 46 08               		BSET $46 $08 			; Set 8192 Baud
4541 ca06 bd fa 91               		JSR LFA91 				; SCI RX SUBROUTINE
4542 ca09 3b                     		RTI
4543                             								;
4544                             								; CK SCI XMIT STATUS, (8192 BAUD)
4545                             								;
4546 ca0a 1f 00 80 08            LCA0A: 	BRCLR 0,X $80 LCA16 	; If Xmit not enab.
4547                             								; ... else
4548 ca0e 1f 01 80 19            		BRCLR 1,X $80 LCA2B 	; IF not Xmit Int.
4549                             								; ... else
4550 ca12 bd fb bb               		JSR LFBBB 				; Xmit Handler
4551 ca15 3b                     		RTI 					;
4552 ca16 1f 00 40 11            LCA16: 	BRCLR 0,X $40 LCA2B 	; If SCI Xmit Complete not Enab
4553                             								; ... else
4554 ca1a 1f 01 40 0d            		BRCLR 1,X $40 LCA2B 	; If SCI Xmit not Complete
4555                             								;
4556                             								; Disable SCI Xmit Via SXR
4557                             								;
4558 ca1e b6 40 04               		LDAA $4004 				; Par I/O CSR
4559 ca21 84 f7                  		ANDA #$F7 				; Disable Xmit Via SXR
4560 ca23 b7 40 04               		STAA $4004 				; Par I/O CSR
4561                             								;
4562                             								; Enab RX Int's
4563                             								;
4564 ca26 86 27                  		LDAA #$27 				; Enab RX Int's
4565 ca28 b7 40 07               		STAA $4007 				; TX/Rx CSR
4566 ca2b 3b                     LCA2B: 	RTI			
4567                             								;-------------------------------------------------
4568                             								;-------------------------------------------------
4569 ca2c b6 01 8c               LCA2C: 	LDAA $018C 				; UP CNTS VAL WHEN 6.25 MSEC INT
4570 ca2f 8b 8f                  		ADDA #143 				;
4571 ca31 b7 40 06               		STAA $4006 				;
4572 ca34 15 46 01               		BCLR $46 $01 			; Clr 1st Int Expected Flg
4573 ca37 bd f8 80               		JSR LF880 				; TO 160 BAUD SERIAL
4574 ca3a 3b                     		RTI
4575                             								;-------------------------------------------------
4576                             								;-------------------------------------------------
4577 ca3b b6 01 8c               LCA3B: 	LDAA $018C 				; UP CNTS VAL WHEN 6.25 MSEC INT
4578 ca3e 8b cd                  		ADDA #205
4579 ca40 b7 40 06               		STAA $4006 				;
4580 ca43 15 46 02               		BCLR $46 $02 			; Clr 2nd Expected Int Flg
4581 ca46 86 04                  		LDAA #$04 				; Set Ser Data Line Hi
4582 ca48 bd f4 a8               		JSR LF4A8 				;
4583 ca4b 13 35 20 17            		BRCLR $35 $20 LCA66 	; BR IF NOT b5, (SW IN DIAG MODE)
4584                             								; ... else
4585 ca4f b6 01 8a               		LDAA $018A 				; LOCATION OF NEXT ENTRY IN EPROM TBL
4586 ca52 81 19                  		CMPA #25 				;
4587 ca54 26 10                  		BNE LCA66 				;
4588                             								; ... else
4589 ca56 b6 01 89               		LDAA $0189 				; ALCL NUM OF BITS TO TX
4590 ca59 26 0b                  		BNE LCA66 				; BR IF NZ
4591                             								; ... else
4592 ca5b 86 09                  		LDAA #$09 				; 450 Msec
4593 ca5d b7 01 2e               		STAA $012E 				; 50 Msec TIMER TO LOOK FOR 8192 BAUD
4594                             								;
4595 ca60 14 46 04               		BSET $46 4 				; SET b2
4596 ca63 bd fa 7a               		JSR LFA7A 				; Init 8192 Baud Ser Reg's
4597 ca66 3b                     LCA66: 	RTI 					;
4598                             								;--------------------------------------------------
4599                             								;---------------------------------------------
4600                             								; 6.25 Msec Int Logic
4601                             								;
4602                             								;---------------------------------------------
4603 ca67 12 46 01 c1            LCA67: 	BRSET $46 $01 LCA2C 	; BR IF b0, 1st Serial Data Input
4604                             								; ... else
4605 ca6b 12 46 02 cc            		BRSET $46 $02 LCA3B 	; BR IF b1, 2nd Serial Data Input
4606                             								; ... else
4607 ca6f 13 47 80 03            		BRCLR $47 $80 LCA76 	; BR IF b3,
4608                             								; ... else
4609 ca73 7e fc a2               		JMP LFCA2 				; To Factory test routine		<<<<<<<<<< This is FCA2 in BUA-1728 dld (table before it is bigger)
4610                             								;-------------------------------------------------
4611 ca76 12 34 04 0c            LCA76: 	BRSET $34 $04 LCA86 	; If tmg error already flaged
4612                             								; ... else
4613 ca7a 13 36 04 08            		BRCLR $36 $04 LCA86 	; IF NOT b2, (TMG ERROR CK FLG)
4614                             								; ... else
4615 ca7e 96 00                  		LDAA $00 				; Fm NON VOL RAM
4616 ca80 b7 01 19               		STAA $0119 				; Save Counter
4617                             								;
4618 ca83 14 34 04               		BSET $34 $04 			; SET b2, Tmg error
4619 ca86 14 36 04               LCA86: 	BSET $36 $04 			; SET b2, (FLG FOR TMG ERR CHK)
4620                             								;
4621 ca89 f6 40 06               		LDAB $4006 				; <----- ????
4622 ca8c f7 01 8c               		STAB $018C 				; UP CNTS VAL WHEN 6.25 MSEC INT
4623                             								;
4624 ca8f 13 46 04 11            		BRCLR $46 4 LCAA4 		; If Not in 8192 Baud mode
4625                             								; ... else
4626 ca93 cb cd                  		ADDB #205 				; Set Up for 6.25 Ms Int.
4627 ca95 12 46 08 1a            		BRSET $46 8 LCAB3 		; If locked in 8192 Baud Mode
4628                             								; ... else
4629 ca99 7a 01 2e               		DEC $012E 				; 50 Msec TIMER TI LOOK FOR 8192 BAUD
4630 ca9c 26 15                  		BNE LCAB3 				; BR IF Z
4631                             								; ... else
4632 ca9e 15 46 04               		BCLR $46 $04 			; Disable 8192 Baud mode
4633 caa1 f6 40 06               		LDAB $4006 				; <----- ????
4634 caa4 cb 0b                  LCAA4: 	ADDB #11 				; Set up for 160 Ms Int, (160 Baud)
4635 caa6 14 46 03               		BSET $46 $03 			; SET b0 & b1
4636 caa9 86 fb                  		LDAA #$FB 				;
4637 caab bd f4 9a               		JSR LF49A 				; Set Serial line Low
4638 caae 86 01                  		LDAA #$01 				;
4639 cab0 b7 40 07               		STAA $4007 				; Disable 8192 Baud Int's
4640 cab3 f7 40 06               LCAB3: 	STAB $4006 				; Save 160 Int time
4641 cab6 0e                     		CLI 					; CLR & RESTORE INTERUPTS
4642                             								;
4643                             								; TEST FOR VALID STX
4644                             								;
4645 cab7 30                     		TSX 					; Save STX pointer
4646 cab8 8e 01 ff               		LDS #$01FF 				; RE-SET USR STX
4647 cabb 8c 01 f7               		CPX #$01F7 				; Ck STX ptr VS Home Addr
4648 cabe 27 03                  		BEQ LCAC3 				; BR IF STX AT $01F7
4649                             								; ... else
4650 cac0 14 33 01               		BSET $33 $01 			; SET b0, STACK FAIL
4651 cac3 bd de a4               LCAC3: 	JSR LDEA4 				; Ck Vss Every 6.25 Ms
4652 cac6 fc 3f fa               		LDD $3FFA 				; Get MCU Status Reg.
4653 cac9 97 a0                  		STAA $A0 				; Old MPU status reg
4654                             								;
4655                             								; Set Ref Pulse, If it Happened in this Int period
4656                             								;
4657 cacb d6 35                  		LDAB $35 				; MNR LOOP MD WD 2
4658 cacd 85 08                  		BITA #$08 				; b3, (DRP DURRING LAST 6.25 msec)
4659 cacf 27 44                  		BEQ LCB15 				; BR IF NOT b3
4660                             								; ... else
4661 cad1 ca 04                  		ORAB #$04 				; SET b2
4662 cad3 37                     		PSHB 					; SAVE MD WD TO STX
4663                             								;---------------------------------------
4664                             								; Cold Start Inj Elimination
4665                             								;
4666                             								;---------------------------------------
4667 cad4 de 1a                  		LDX $1A 				; Eng Run Time (sec) Fm NON VOL RAM
4668 cad6 bc c3 7c               		CPX LC37C 				; 32 Sec Min eng run time to reset
4669 cad9 22 0f                  		BHI LCAEA 				; BR IF GT 32 Sec THRESH
4670                             								; ... else
4671 cadb d6 82                  		LDAB $82 				; TPS Ld Axis Var
4672 cadd f1 c3 7e               		CMPB LC37E 				; 77%, TPS Value
4673 cae0 22 08                  		BHI LCAEA 				; BR IF TPS LT 77%, (If Yes clear)
4674                             								; ... else
4675 cae2 f6 01 18               		LDAB $0118 				; GET the REF COUNTER
4676 cae5 5c                     		INCB 					; INCR REF COUNT
4677 cae6 2a 03                  		BPL LCAEB 				; BR
4678                             								; ... else
4679 cae8 20 04                  		BRA LCAEE 				;
4680 caea 5f                     LCAEA: 	CLRB 					; RESET COUNTER
4681 caeb f7 01 18               LCAEB: 	STAB $0118 				; SAVE NEW REF COUNTER
4682 caee 33                     LCAEE: 	PULB 					; Restore Mode Word
4683 caef 13 30 04 14            		BRCLR $30 $04 LCB07 	; BR IF NOT b2
4684                             								; ... else
4685 caf3 12 9d 80 10            		BRSET $9D $80 LCB07 	; BR IF b7
4686                             								; ... else
4687 caf7 b6 01 2a               		LDAA $012A 				;
4688 cafa bb c0 29               		ADDA LC029 				; 2, SPK BLEND, Add to ????
4689 cafd 24 05                  		BCC LCB04 				; BR IF NO OVERFLOW
4690                             								; ... else
4691 caff 86 ff                  		LDAA #255 				; USE MAX LMT
4692 cb01 15 36 20               		BCLR $36 $20 			; CLR b5, BLEND SPARK
4693 cb04 b7 01 2a               LCB04: 	STAA $012A 				;
4694 cb07 12 3b 02 0a            LCB07: 	BRSET $3B $02 LCB15 	; BR IF b1
4695                             								; ... else
4696 cb0b 12 34 80 06            		BRSET $34 $80 LCB15 	; BR IF b7, ENG RUNNING
4697                             								; ... else
4698 cb0f 14 3b 02               		BSET $3B $02 			; SET b1
4699 cb12 7f 04 72               		CLR $0472 				; CLR TMR
4700 cb15 96 33                  LCB15: 	LDAA $33 				;
4701 cb17 85 10                  		BITA #$10 				; b4, 1 = IGN OFF
4702 cb19 27 02                  		BEQ LCB1D 				; BR IF NOT b4, Ign OFF
4703                             								; ... else
4704 cb1b c4 fb                  		ANDB #$FB 				; CLR b2, (DRP LAST 6.25 Msec)
4705 cb1d d7 35                  LCB1D: 	STAB $35 				; Reset Ref Pulse Indicator
4706                             								;--------------------------------------------------
4707                             								; CHECK VATS
4708                             								;
4709                             								; TYPE #32 ECM P/N 1227165
4710                             								;--------------------------------------------------
4711 cb1f 12 03 20 37            		BRSET $03 $20 LCB5A 	; BR IF b5, VATS AREADY PASSED
4712                             								; ... else
4713                             								;
4714                             								; CK IF VATS ENABLED
4715                             								;
4716 cb23 b6 c0 14               		LDAA LC014 				; A/F OPTION WD #1
4717 cb26 85 10                  		BITA #$10 				; b4, VATS ON
4718 cb28 27 25                  		BEQ LCB4F 				; BR If NOT VATS ENABLED, (ERR 46)
4719                             								; ... else
4720 cb2a 14 07 02               		BSET $07 $02 			; Set b1, Err 3 Flg word, (VATS Fail)
4721 cb2d bd f3 a7               		JSR LF3A7 				; UPDATE ERR Wd's Ck Sum
4722 cb30 dd 18                  		STD $18 				; Save Ck Sum OF Err Words
4723                             								;--------------------------------------------------
4724                             								;
4725                             								; CK VATS FREQ, (PERIOD) WINDOW (33 -> 66Hz)
4726                             								; BUA, (MY 86 TYPE 32 ECM)
4727                             								;
4728 cb32 fc 3f f8               		LDD $3FF8 				; PA1
4729 cb35 0a                     		CLV 					; DELAY, (clr over flow flg)
4730 cb36 b3 01 21               		SUBD $0121 				; Old VATS PERIOD
4731 cb39 27 1f                  		BEQ LCB5A 				; If No PULSE
4732                             								; ... else
4733 cb3b fe 3f f8               		LDX $3FF8 				; PA1
4734 cb3e ff 01 21               		STX $0121 				; Old VATS
4735 cb41 37                     		PSHB 					;
4736 cb42 36                     		PSHA 					;
4737                             								;
4738                             								; CK VATS FREQUENCY LIMITS
4739                             								;
4740 cb43 b3 c0 0e               		SUBD LC00E 				; 3277d, VATS Max Limit, 66Hz
4741 cb46 32                     		PULA 					;
4742 cb47 33                     		PULB 					;
4743 cb48 22 10                  		BHI LCB5A 				; BR IF CNT'R LT VATS Max Limit
4744                             								; ... else
4745 cb4a b3 c0 10               		SUBD LC010 				; 1638d, VATS Min Value, 33hz
4746 cb4d 25 0b                  		BCS LCB5A 				; BR IF CNT'R GT VATS Max Limit
4747                             								; ... else
4748 cb4f 14 03 20               LCB4F: 	BSET $03 $20 			; SET b5, Mode Wd3, VATS OK
4749 cb52 15 07 02               		BCLR $07 $02 			; CLR b1, Err #3 Flg word< (VATS OK)
4750 cb55 bd f3 a7               		JSR LF3A7 				; UPDATE ERR Wd's Ck Sum
4751 cb58 dd 18                  		STD $18 				; Save Ck Sum OF Err Words
4752                             								;------------------------------------------------------
4753 cb5a fe 3f c0               LCB5A: 	LDX $3FC0 				; Last 2 Ref Periods
4754 cb5d df 95                  		STX $95 				; Current Minor LP Ref Period
4755                             								;--------------------------------------------------
4756                             		;***************************************************
4757                             		;* CK ALDL
4758                             		;*
4759                             		;* BUA, TYPE $32, ECM P/N 1227165
4760                             		;***************************************************
4761 cb5f                        		ORG $CB5F
4762 cb5f 12 46 08 04            		BRSET $46 $08 LCB67 	; BR If 8192 Mode in locked Mode
4763                             								; ... else
4764 cb63 13 35 20 4d            		BRCLR $35 $20 LCBB4 	; BR If Not b5, DIAG SW IN in ALDL Mode
4765                             								; ... else
4766                             								;------------------------------
4767                             								; LOOK FOR ALDL MODE 4
4768                             								; (USE SERIAL DATA+1 ICB)
4769                             								;
4770                             								; (BUA TYPE 32)
4771                             								;
4772                             								;------------------------------
4773 cb67 b6 01 51               LCB67: 	LDAA $0151 				; SERIAL DATA+1 ICB,
4774 cb6a 81 04                  		CMPA #$04 				; CHK FOR Mode 4
4775 cb6c 26 36                  		BNE LCBA4 				; NOT IN Mode 4
4776                             								; ... else
4777 cb6e 12 35 08 42            		BRSET $35 $08 LCBB4 	; BR IF b3, exit (PRIOR MODE 4)
4778                             								; ... else
4779 cb72 14 35 08               		BSET $35 $08 			; Set Mode 4 Flg <----****
4780                             								;------------------------------
4781                             								; b6, RESET SYSTEM ERRORS
4782                             								; (USE ALDL CWD 1, ICB+4)
4783                             								; WD 3, b6
4784                             								;------------------------------
4785 cb75 b6 01 54               		LDAA $0154 				; SERIAL DATA+4 ICB, ND 4 CNT'L WD 3, b6
4786 cb78 85 40                  		BITA #$40 				; b6
4787 cb7a 27 14                  		BEQ LCB90 				; BR IF NOT b6 (CK IAC)
4788                             								; ... else
4789                             								;
4790                             								; Clear Error Flag words
4791                             								;
4792 cb7c 7f 00 05               		CLR $05 				; Err #1 Flg word
4793 cb7f 7f 00 06               		CLR $06 				; Err #2 Flg word
4794 cb82 7f 00 07               		CLR $07 				; Err #3 Flg word
4795 cb85 7f 00 08               		CLR $08 				; Err #4 Flg word
4796 cb88 7f 00 09               		CLR $09 				; Err #5 Flg Word
4797 cb8b bd f3 a7               		JSR LF3A7 				; ERR Wd's Ck Sum
4798 cb8e dd 18                  		STD $18 				; Save Ck Sum OF Err Words
4799                             								;-------------------------------
4800                             								;-------------------------------
4801                             								; b5, RESET IAC TO MAX (255)
4802                             								; WD 3, b5
4803                             								;-------------------------------
4804 cb90 85 20                  LCB90: 	BITA #$20 				; b5, MD 4 CNT'L WD 3, b5
4805 cb92 27 07                  		BEQ LCB9B 				; BR IF NOT b5,
4806                             								; ... else
4807 cb94 14 f3 04               		BSET $F3 $04 			; SET b2,
4808 cb97 c6 ff                  		LDAB #255 				; MAX VALUE
4809 cb99 d7 2c                  		STAB $2C 				; IAC Present Posit
4810                             								;-------------------------------
4811                             								; b4, RESET BLM'S
4812                             								; WD 3, b4
4813                             								;-------------------------------
4814 cb9b 85 10                  LCB9B: 	BITA #$10 				; b4, MD 4 CNT'L WD 3, b4
4815 cb9d 27 15                  		BEQ LCBB4 				; BR IF NOT b3, EXIT
4816                             								; ... else
4817 cb9f bd f4 34               		JSR LF434 				; Go INIT BLM Init.
4818 cba2 20 10                  		BRA LCBB4 				; EXIT
4819                             								;--------------------------------------------------
4820                             								; CK IF IN ALDL MODE 4
4821                             								; IF NOT IN MODE 4, CLR FLAGS
4822                             								;
4823                             								;
4824                             								;--------------------------------------------------
4825 cba4 13 35 08 0c            LCBA4: 	BRCLR $35 $08 LCBB4 	; BR IF NOT b3, ALDL MODE 4, EXIT
4826                             								; ... else
4827 cba8 15 35 08               		BCLR $35 $08 			; CLR b3, (MODE 4 FLG)
4828 cbab 15 36 01               		BCLR $36 $01 			; CLR b0, (SKP ERR 42 FOR STALL SVR BYPASS)
4829 cbae 15 3f 01               		BCLR $3F $01 			; CLR b0
4830 cbb1 7f 00 b4               		CLR $B4 				; SPK Fd Bk counter, (Err #42)
4831                             								;--------------------------------------------------
4832 cbb4 96 00                  LCBB4: 	LDAA $00 				; Minor Lp Counter
4833 cbb6 4c                     		INCA 					; Inc Minor Lp Counter
4834 cbb7 81 a0                  		CMPA #160 				; If Loop Cnt 160 (16)
4835 cbb9 26 1f                  		BNE LCBDA 				; If not 160, (16)
4836                             								; ... else
4837 cbbb d6 3c                  		LDAB $3C 				; ALCL MOD WD
4838 cbbd c8 20                  		EORB #$20 				; b5, Toggle 1 Sec Flg
4839 cbbf d7 3c                  		STAB $3C 				; ALCL MOD WD
4840                             								;--------------------------------------------------
4841                             								; ENG RUN TIME COUNTER
4842                             								;
4843                             								; Do not Inc time if eng not running
4844                             								; Time in Sec's = 80 x .0125
4845                             								;--------------------------------------------------
4846 cbc1 d6 34                  		LDAB $34 				; Get Mode wd 1
4847 cbc3 2a 05                  		BPL LCBCA 				; BR IF ENG NOT RUNNING
4848                             								; ... else
4849 cbc5 de 1a                  		LDX $1A 				; Eng Run Time (sec)
4850 cbc7 08                     		INX 					; INC RUN TIME
4851 cbc8 df 1a                  		STX $1A 				; Save Eng Run Time (sec)
4852                             								;---------------------------------------------
4853                             								;---------------------------------------------
4854                             								; If no Comm >= 30 Sec Force mode 0
4855                             								; (TM'R VAL AT C7F7)
4856                             								;---------------------------------------------
4857 cbca b6 01 71               LCBCA: 	LDAA $0171 				; SERIAL DATA TIME TO FORCE MODE 0
4858 cbcd 4c                     		INCA 					; Incr Ser Data time out timer
4859 cbce b7 01 71               		STAA $0171 				; NEW Ser DATA TIME VAL
4860 cbd1 b1 c7 f7               		CMPA LC7F7 				; 30 SEC,
4861 cbd4 23 03                  		BLS LCBD9 				; BR TIME GT 30 SEC
4862                             								; ... else
4863 cbd6 7f 01 51               		CLR $0151 				; SERIAL DATA+1 ICB, (STATUS)
4864                             								;
4865                             								; FORCE MODE 0
4866                             								;
4867 cbd9 4f                     LCBD9: 	CLRA 					; Clr Minor loop counter
4868 cbda 97 00                  LCBDA: 	STAA $00 				; Save Minor Lp Count
4869 cbdc 0f                     		SEI 					; TURN OFF INTERUPTS
4870 cbdd bd f1 e0               		JSR LF1E0 				; Reset the FMD chip
4871 cbe0 97 2e                  		STAA $2E 				; Save Results
4872 cbe2 bd f1 e5               		JSR LF1E5 				; Read other, (Byte 2)
4873 cbe5 97 2f                  		STAA $2F 				; Save 2nd FMD Byte
4874 cbe7 0e                     		CLI 					; CLEAR & RESTORE INTERUPTS
4875 cbe8 ce d0 00               		LDX #$D000 				; Set PW word to zero D.C.
4876 cbeb 96 2e                  		LDAA $2E 				; Get results
4877 cbed 43                     		COMA 					; Comp FMD bytes
4878 cbee 84 df                  		ANDA #$DF 				; CLR b6
4879 cbf0 d6 37                  		LDAB $37 				; Get prior Value, MCU INPUT STATUS WD
4880 cbf2 c4 20                  		ANDB #$20 				; CLR ALL EXCEPT b5, (TCC LOCKED)
4881 cbf4 1b                     		ABA 					; Result to A reg
4882                             								;----------------------
4883                             								; CK AFR MODE WD 4
4884                             								; Norm Open Fan set
4885                             								;----------------------
4886 cbf5 f6 c0 17               		LDAB LC017 				; Get Fuel/Air Mode Wd 4
4887 cbf8 c5 20                  		BITB #$20 				; b5, Norm Open Fan Req ?
4888 cbfa 27 02                  		BEQ LCBFE 				; BR IF not b5,
4889                             								; ... else
4890 cbfc 88 40                  		EORA #$40 				; If so Invert Bit 6
4891 cbfe 59                     LCBFE: 	ROLB 					;
4892 cbff 2b 02                  		BMI LCC03 				; If PWR STEER SEL
4893                             								; ... else
4894 cc01 84 f7                  		ANDA #$F7 				; CLR b3, EXCESS PWR STEER ACTIVITY
4895 cc03 97 37                  LCC03: 	STAA $37 				; SAVE TO MCU INPUT STATUS WD
4896                             								;
4897                             								; CK A/C QUALS
4898                             								;
4899 cc05 96 82                  		LDAA $82 				; TPS Ld Axis Var
4900 cc07 b1 c6 7d               		CMPA LC67D 				; 100% TPS,
4901 cc0a 25 15                  		BCS LCC21 				; BR IF TPS LT THRESH
4902                             								; ... else
4903 cc0c b1 c6 7e               		CMPA LC67E 				; 100% TPS
4904 cc0f 24 10                  		BCC LCC21 				; BR IF TPS GT THRESH, (TO IAC LOOP)
4905                             								; ... else
4906 cc11 96 65                  		LDAA $65 				; Vss
4907 cc13 b1 c6 7f               		CMPA LC67F 				; 8 MPH
4908 cc16 22 09                  		BHI LCC21 				; SKIP PS SW READ IF > 8 MPH
4909                             								;
4910                             								; PWR STEER SW
4911                             								;
4912 cc18 96 2e                  		LDAA $2E 				;
4913 cc1a 43                     		COMA 					; INVER
4914 cc1b 84 08                  		ANDA #$08 				; MASK, FOR b3, PWR STEER
4915 cc1d 9a 37                  		ORAA $37 				; MCU INPUT STATUS WD
4916 cc1f 97 37                  		STAA $37 				; MCU INPUT STATUS WD
4917                             								;------------------------------------------------------
4918                             								; Status Word $37, (RAM)
4919                             								; Bit
4920                             								; 0 1 = in Pk or Nuet
4921                             								; 1 1 = Not in 3rd Gear or O.D.
4922                             								; 3 1 = Pwr Steering Pw Sw, (Hi Load)
4923                             								;
4924                             								; 4 1 = EGR Diag closed
4925                             								; 5 1 = TCC
4926                             								; 6 1 = Cooling Fan Request
4927                             								; 7 1 = A/C Compressor not On
4928                             								;-------------------------------------------------------
4929 cc21 bd f4 df               LCC21: 	JSR LF4DF 				; Do IAC 6.25 Ms Loop
4930 cc24 86 50                  		LDAA #$50 				; A/D Ch 5, TPS Voltage)
4931 cc26 bd f1 be               		JSR LF1BE 				; To A/D subroutine
4932 cc29 97 81                  		STAA $81 				; Save TPS, (A/D)
4933 cc2b bd f3 5a               		JSR LF35A 				; To TPS Load Subroutine
4934                             								;
4935                             								; Transient TPS Filter
4936                             								;
4937 cc2e de dd                  		LDX $DD 				; Transient TPS
4938 cc30 96 82                  		LDAA $82 				; TPS Ld Axis Var
4939 cc32 f6 c3 0d               		LDAB LC30D 				; 0.125, Trans TPS filter coef.
4940 cc35 bd f2 50               		JSR LF250 				; FILTER ROUTINE
4941 cc38 dd dd                  		STD $DD 				; Transient TPS
4942                             								;
4943                             								; KEEP TRACK of SERIAL DATA & AIRFLOW HERE
4944                             								;
4945 cc3a d6 b0                  		LDAB $B0 				; MAF Hi TMR (100Ms)
4946 cc3c 96 34                  		LDAA $34 				; Get mode wd 1
4947 cc3e 2b 25                  		BMI LCC65 				; IRQ ?
4948 cc40 12 33 10 1e            		BRSET $33 $10 LCC62 	; BR IF b4, IGN OFF
4949                             								; ... else
4950 cc44 96 7f                  		LDAA $7F 				; Pump Volts, (A/D)
4951 cc46 b1 c2 08               		CMPA LC208 				; 10 vdc, MIN FOR ERR 34
4952 cc49 23 17                  		BLS LCC62 				; BR IF VOLTAGE GT 10 V
4953                             								; ... else
4954 cc4b f1 c2 05               		CMPB LC205 				; 600 Msec MIN QUAL TO SET HI MAF ERR 33
4955 cc4e 23 08                  		BLS LCC58 				; BR IF MAF HI TIME G.T. 600 Msec
4956                             								; ... else
4957 cc50 96 3f                  		LDAA $3F 				;
4958 cc52 8a 80                  		ORAA #$80 				; SET b7, (MAF HI ERROR)
4959 cc54 97 3f                  		STAA $3F 				;
4960 cc56 20 0d                  		BRA LCC65 				;
4961 cc58 96 b6                  LCC58: 	LDAA $B6 				; Get Air Flow value
4962 cc5a b1 c2 04               		CMPA LC204 				; If Air Flow <= 45 gms/sec disable ERR 33
4963 cc5d 23 03                  		BLS LCC62 				; BR IF AIR FLOW G.T. 45 gms/S
4964                             								; ... else
4965 cc5f 5c                     		INCB 					; INCR HI MAF TMR
4966 cc60 20 01                  		BRA LCC63 				;
4967 cc62 5f                     LCC62: 	CLRB 					; CLR ERR 33, MAF HI TMR
4968 cc63 d7 b0                  LCC63: 	STAB $B0 				; ERR 33, MAP Hi TMR, (100Ms)
4969                             								;
4970                             								; CK EPROM ID BYTE
4971                             								;
4972 cc65 f6 c1 aa               LCC65: 	LDAB LC1AA 				; Get EPROM ID
4973 cc68 c1 55                  		CMPB #$55 				; Is it $55
4974 cc6a 26 29                  		BNE LCC95 				; If not do BAD EPROM err
4975 cc6c f6 c5 55               		LDAB LC555 				;
4976 cc6f c1 aa                  		CMPB #$AA 				; Is It $AA ?
4977 cc71 26 22                  		BNE LCC95 				; If not do BAD EPROM err
4978                             								; ... else
4979                             								;-------------------------------------
4980                             								;On Even minor Loops Do:
4981                             								; 1. Spark
4982                             								; 2. O2 Sensor read
4983                             								; 3. Road Speed, Vss
4984                             								;--------------------------------------
4985 cc73 96 00                  		LDAA $00 				; Get Minor Lp counter
4986 cc75 46                     		RORA 					;
4987 cc76 24 03                  		BCC LCC7B 				;
4988                             								; ... else
4989 cc78 7e d6 d1               LCC78: 	JMP LD6D1 				; Do Air Fuel On Odd Loops
4990 cc7b 15 3b 08               LCC7B: 	BCLR $3B $08 			; CLR b3, MODE 4 BYPASS FUEL
4991                             								;--------------------------------------------------
4992                             								; CK IF IN MODE 4 <----****
4993                             								;
4994                             								;
4995                             								;--------------------------------------------------
4996 cc7e 13 35 08 05            		BRCLR $35 $08 LCC87 	; BR IF NOT b3, MODE 4
4997                             								; ... else
4998 cc82 b6 01 54               		LDAA $0154 				; MD 4 CNTL WD 1
4999 cc85 2b 05                  		BMI LCC8C 				;
5000                             								; ... else
5001                             								;-------------
5002                             								; TOGGLE COP
5003                             								;-------------
5004 cc87 bd f2 1a               LCC87: 	JSR LF21A 				; Toggle COP 2 Each 6.25 Ms
5005                             								; SPK Edge Constrant
5006 cc8a 20 06                  		BRA LCC92 				;
5007                             								;--------------------------------------------------
5008 cc8c 14 3b 08               LCC8C: 	BSET $3B $08 			; SET b3
5009 cc8f 14 36 01               		BSET $36 $01 			; SET b0, SKP ERR 42 FPR STALL ..
5010                             								; SVR SPK BYPASS
5011 cc92 7e cd 05               LCC92: 	JMP LCD05 				; Minor Lp
5012                             								;
5013                             								; Bad EPROM Set Error Routine
5014                             								;
5015                             								;
5016 cc95 14 4e 01               LCC95: 	BSET $4E 1 				; Err #51, NEW ERR 2
5017 cc98 96 34                  		LDAA $34 				;
5018 cc9a 84 7f                  		ANDA #$7F 				; CLR b7, Eng Run Flg
5019 cc9c 97 34                  		STAA $34 				;
5020 cc9e 96 3c                  		LDAA $3C 				; Get COP 2 Flag
5021 cca0 8a 80                  		ORAA #$80 				; SET b8
5022 cca2 97 3c                  		STAA $3C 				;
5023                             								;-------------------------------------------
5024                             								;If Bad EPROM Disable SPK, (even Loops)
5025                             								; Don't tog COP 2, (Odd Loops)
5026                             								;--------------------------------------------
5027 cca4 96 00                  		LDAA $00 				; Cont if EPROM bad
5028 cca6 46                     		RORA 					;
5029 cca7 25 cf                  		BCS LCC78 				;
5030                             								; ... else
5031 cca9 7e d3 06               		JMP LD306 				; Go Disable SPK
5032                             		;***************************************************
5033                             		;***************************************************
5034                             		;* MAJOR LOOP SUBROUTINE
5035                             		;*
5036                             		;* Execute on 100 Msec
5037                             		;*
5038                             		;*
5039                             		;*
5040                             		;***************************************************
5041 ccac 96 00                  LCCAC: 	LDAA $00 		; Get Loop Cnt
5042 ccae 46                     		RORA 			;
5043 ccaf 24 05                  		BCC LCCB6 		; EXEC MJR LOOP , SKIP COP
5044                             						; ... else
5045 ccb1 86 ff                  		LDAA #$FF 		; Set COP hi
5046 ccb3 b7 40 0b               		STAA $400B 		; Arm COP1
5047 ccb6 d6 00                  LCCB6: 	LDAB $00 		; Get Loop Cnt
5048 ccb8 c4 0f                  		ANDB #$0F 		; 0000 1111
5049 ccba ce cc e4               		LDX #$CCE4 		; Point to Seg Addr Table
5050 ccbd 58                     		ASLB 			;
5051 ccbe 3a                     		ABX 			; ADJ ADDRESS POINTER FOR PROPER SUB ADDR
5052 ccbf ee 00                  		LDX 0,X 		; Get SEG ADDR
5053 ccc1 ad 00                  		JSR 0,X 		; Jump to SEG Addr pointed
5054 ccc3 15 36 04               		BCLR $36 $04 	; CLR b2, TIMIMG ERR CK FLG
5055                             						;-------------------------------------------------
5056 ccc6 0e                     LCCC6: 	CLI 			; CLEAR & RESTORE INTERUPTS
5057 ccc7 fe 01 10               		LDX $0110 		;
5058 ccca 20 03                  		BRA LCCCF 		;
5059                             						;--------------------------
5060                             						; Refill RAM
5061                             						;--------------------------
5062 cccc fe 01 10               LCCCC: 	LDX $0110 		; Get RAM Addr.
5063 cccf 0f                     LCCCF: 	SEI 			; TURN OFF INTERUPTS
5064 ccd0 ec 00                  		LDD 0,X 		;
5065 ccd2 ed 00                  		STD 0,X 		; REFILL HERE
5066 ccd4 0e                     		CLI 			; CLEAR & RESTORE INTERUPTS
5067 ccd5 09                     		DEX 			; DECR ADDR POINTER
5068 ccd6 09                     		DEX 			; (TEWICE)
5069 ccd7 ff 01 10               		STX $0110 		; Save At RAM Addr
5070 ccda 2a f0                  		BPL LCCCC 		; TILL DONE
5071                             						; ...
5072 ccdc ce 01 fe               		LDX #$01FE 		; Top Of RAM ?
5073 ccdf ff 01 10               		STX $0110 		; Save RAM Addr here
5074 cce2 20 e8                  		BRA LCCCC 		; Loop till Done
5075                             						;-----------------------------------
5076                             						; MAJOR LOOP SEGMENT TABLE
5077                             						; TYPE $8D, 122
5078                             						;-----------------------------------
5079 cce4 cd 04                  LCCE4: 	FDB $CD04 		; SEG 0, Do nothing, exit w/RTS
5080 cce6 ed a3                  		FDB $EDA3 		; SEG 1, Output Bit Sig', (TCC, CCP etc)
5081 cce8 e0 7f                  		FDB $E07F 		; SEG 2, Vss Calc
5082 ccea ea 28                  		FDB $EA28 		; SEG 3, Misc 100 Msec
5083 ccec f8 f9                  		FDB $F8F9 		; SEG 4, Log RAM to H.U.
5084 ccee ec ea                  		FDB $ECEA 		; SEG 5, A/C, Clsd Lp & Cool FAN
5085 ccf0 f3 b6                  		FDB $F3B6 		; SEG 6, Log RAM to MCU, Cool A/D
5086 ccf2 ea 95                  		FDB $EA95 		; SEG 7, L.U. Coolant var's
5087 ccf4 cd 04                  		FDB $CD04 		; SEG 8, Do Nothing, exit w/RTS
5088 ccf6 e3 4e                  		FDB $E34E 		; SEG 9, Inj Air Managment
5089 ccf8 eb 3a                  		FDB $EB3A 		; SEG A, Lk UP Man Air temp Var's
5090 ccfa de e5                  		FDB $DEE5 		; SEG B, EGR
5091 ccfc e7 5d                  		FDB $E75D 		; SEG C, Can Purge
5092 ccfe ef 04                  		FDB $EF04 		; SEG D, Diagnostics
5093 cd00 de 6d                  		FDB $DE6D 		; SEG E, TCC (A/D voltage convert)
5094 cd02 ec 23                  		FDB $EC23 		; SEG F, Fuel/Air Major Lp
5095 cd04 39                     LCD04: 	RTS
5096                             		;*******************************************************
5097                             		;*******************************************************
5098                             		;* KNOCK (A Minor loop routne)
5099                             		;*
5100                             		;* EXECUTED EVERY OTHER IRQ1
5101                             		;*
5102                             		;* All Ninor Lp functions Related to SPK & Rd Spd
5103                             		;*******************************************************
5104 cd05 96 35                  LCD05: 	LDAA $35 				; MD WD 2
5105 cd07 84 04                  		ANDA #$04 				; CLR b2, (DIAG SW IN DIAG MODE)
5106 cd09 9a 40                  		ORAA $40 				; DIAGNOSTIC MODE WD 2
5107 cd0b 97 40                  		STAA $40 				; DIAGNOSTIC MODE WD 2
5108                             								;-------------------------------------------
5109                             								; LK UP Slow o2 Filter Coef Vs Air flow
5110                             								;
5111                             								; TBL = Mult * 256
5112                             								;-------------------------------------------
5113 cd0d 96 d2                  		LDAA $D2 				; Ld Val Limited AIR FLOW for Lk Up
5114 cd0f ce c5 8b               		LDX #$C58B 				; TBL
5115 cd12 bd f2 c6               		JSR LF2C6 				; 2d Lk Up, (No Offset)
5116 cd15 36                     		PSHA 					; FILT COEF TO STX
5117 cd16 96 5b                  		LDAA $5B 				; COOLANT
5118 cd18 f6 c5 65               		LDAB LC565 				; Get cold o2 filter coef
5119 cd1b 3d                     		MUL 					;
5120 cd1c 9b 5b                  		ADDA $5B 				; COOLANT
5121 cd1e 24 02                  		BCC LCD22 				; IF NO OVERFLOW
5122                             								; ... else
5123 cd20 86 ff                  		LDAA #255 				; MAX VAL
5124 cd22 33                     LCD22: 	PULB 					; GET SLOW o2 vs FLOW RESULT FM STX
5125 cd23 3d                     		MUL 					;
5126 cd24 16                     		TAB 					;
5127 cd25 96 6f                  		LDAA $6F 				; FILT o2 VDC
5128 cd27 de 71                  		LDX $71 				; Mnr lp slo flt
5129 cd29 bd f2 50               		JSR LF250 				; LAG FILTER ROUTINE
5130 cd2c dd 71                  		STD $71 				; SAVE FILTERED A/D o2 RESULT
5131                             								;
5132                             								; SPK 12.5 Msec Logic
5133                             								;
5134 cd2e 13 35 04 19            		BRCLR $35 $04 LCD4B 	; Skp to LCD54 if no ref
5135                             								; - in last 12.5 msec
5136 cd32 fc 3f c8               		LDD $3FC8 				; Get SPK Period
5137 cd35 93 b2                  		SUBD $B2 				; OLD PA2 CNT'R, Sub Value after
5138                             								; Lst SPK Period
5139 cd37 4d                     		TSTA 					;
5140 cd38 26 05                  		BNE LCD3F 				;
5141                             								; ... else
5142 cd3a f1 c2 28               		CMPB LC228 				;
5143 cd3d 23 08                  		BLS LCD47 				;
5144                             								; ... else
5145 cd3f 7c 00 b4               LCD3F: 	INC $B4 				; SPK Fd Bk counter, (Err #42)
5146 cd42 26 03                  		BNE LCD47 				; BR IF NZ
5147                             								; ... else
5148 cd44 7a 00 b4               		DEC $B4 				; SPK Fd Bk counter, (Err #42)
5149 cd47 d3 b2                  LCD47: 	ADDD $B2 				; OLD PA2 CNT'R, SPK Period
5150 cd49 dd b2                  		STD $B2 				; OLD PA2 CNT'R, SPK Period
5151 cd4b 96 35                  LCD4B: 	LDAA $35 				; MINOR LP MD WD 2
5152 cd4d d6 34                  		LDAB $34 				;
5153 cd4f 2b 0e                  		BMI LCD5F 				;
5154                             								; ... else
5155 cd51 de 95                  		LDX $95 				; Current Minor LP Ref PERIOD
5156 cd53 bc c0 18               		CPX LC018 				; Ck Start up RPM Lmt
5157 cd56 25 07                  		BCS LCD5F 				;
5158                             								; ... else
5159 cd58 84 fb                  		ANDA #$FB 				; CLEAR b2, (DRP LAST 6.25 Msec)
5160 cd5a 97 35                  		STAA $35 				;
5161 cd5c 4f                     		CLRA 					;
5162 cd5d 20 2c                  		BRA LCD8B 				;
5163 cd5f 85 04                  LCD5F: 	BITA #$04 				; b2
5164 cd61 27 5e                  		BEQ LCDC1 				; BR IF NOT b2
5165                             								; ... else
5166 cd63 84 fb                  		ANDA #$FB 				; CLR b2, (DRP LAST 6.25 Msec)
5167 cd65 97 35                  		STAA $35 				;
5168                             								; ... and
5169                             								;-------------------------
5170                             								; CALC DYNAMIC DWELL
5171                             								; = (DYNAMIC DWELL/8) +1
5172                             								;-------------------------
5173 cd67 dc 99                  		LDD $99 				; DYNAMIC DWELL
5174 cd69 04                     		LSRD 					; Div by 8
5175 cd6a 04                     		LSRD 					;
5176 cd6b 04                     		LSRD 					;
5177 cd6c 43                     		COMA 					;
5178 cd6d 53                     		COMB 					;
5179 cd6e d3 99                  		ADDD $99 				; Dynamic Dwell
5180 cd70 2a 02                  		BPL LCD74 				;
5181                             								; .... else
5182 cd72 4f                     		CLRA 					; USE ZERO
5183 cd73 5f                     		CLRB 					;
5184 cd74 dd 99                  LCD74: 	STD $99 				; Dynamic Dwell
5185                             								;-------------------------
5186 cd76 7f 00 9f               		CLR $9F 				; Num Of Minor Loops between Ref Pulse
5187 cd79 96 34                  		LDAA $34 				;
5188 cd7b 2b 60                  		BMI LCDDD 				; BR IF
5189                             								; ... else
5190 cd7d d6 33                  		LDAB $33 				;
5191 cd7f c5 08                  		BITB #$08 				; b3, 2nd DRP (PERIOD VALID)
5192 cd81 27 4d                  		BEQ LCDD0 				; BR IF NOT b3
5193                             								; .... else
5194 cd83 96 93                  		LDAA $93 				; Cont'r for Eng Strt Up
5195 cd85 b1 c0 1a               		CMPA LC01A 				; Num OF 12.5 Ms lps reguired
5196                             								; for RPM to be abover limit
5197 cd88 24 05                  		BCC LCD8F 				; BR IF
5198                             								; else
5199 cd8a 4c                     		INCA 					;
5200 cd8b 97 93                  LCD8B: 	STAA $93 				; Cntr for Eng Strt Up
5201 cd8d 20 45                  		BRA LCDD4 				;
5202 cd8f 96 34                  LCD8F: 	LDAA $34 				;
5203 cd91 8a 80                  		ORAA #$80 				; SET b7, ENGINE RUNNING FLAG
5204 cd93 97 34                  		STAA $34 				;
5205 cd95 15 3b 02               		BCLR $3B $02 			; CLR b1
5206                             								;
5207                             								; CK IF SINGLE FIRE MODE SEL
5208                             								;
5209 cd98 b6 c0 14               		LDAA LC014 				; AFR MD WD 1, 1011 0100
5210 cd9b 85 02                  		BITA #$02 				; b1, SINGLE FIRE MODE SEL
5211 cd9d 27 06                  		BEQ LCDA5 				; BR IF NOT b1. If MAF in use
5212                             								; .... else
5213 cd9f 14 39 80               		BSET $39 $80 			; SET b7, (IN SINGLE FIRE)
5214 cda2 15 39 50               		BCLR $39 $50 			; CLR b4 & b6, (TGL SF & PW = 0)
5215                             								;---------------------------
5216                             								; MAF, (Hot Wire) Routines
5217                             								;
5218                             								;---------------------------
5219 cda5 7f 00 b0               LCDA5: 	CLR $B0 				; MAP Hi Cnt'r, (100 Ms)
5220 cda8 12 33 10 0d            		BRSET $33 $10 LCDB9 	; BR IF b4, (1 = IGN OFF)
5221                             								; ... else
5222                             								;
5223 cdac de ef                  		LDX $EF 				; Diff Val to calc Air Flow
5224 cdae bc c2 11               		CPX LC211 				; IF Analog VALS * 7 or
5225                             								; PP2DLT < 85, enab ERR #34
5226 cdb1 24 06                  		BCC LCDB9 				;
5227                             								; ... else
5228 cdb3 96 3f                  		LDAA $3F 				;
5229 cdb5 8a 40                  		ORAA #$40 				; SET b6, ERR #34
5230 cdb7 97 3f                  		STAA $3F 				;
5231 cdb9 96 01                  LCDB9: 	LDAA $01 				;
5232 cdbb 8a 08                  		ORAA #$08 				; SET b3
5233 cdbd 97 01                  		STAA $01 				;
5234 cdbf 20 1c                  		BRA LCDDD 				;
5235 cdc1 96 9f                  LCDC1: 	LDAA $9F 				; Num Of Minor Lp's between DRP'S
5236 cdc3 81 17                  		CMPA #23 				; 23 DRP'S ?
5237 cdc5 25 10                  		BCS LCDD7 				; BR IF L.T. 23 DRP'S
5238                             								; else
5239 cdc7 ce ff ff               		LDX #$FFFF 				;
5240 cdca ff 3f c0               		STX $3FC0 				; Ref period Cnt'r,
5241                             								;
5242                             								; WAIT FOR INTERUPT
5243                             								;
5244 cdcd 3f                     LCDCD: 	SWI 					; LOOP HERE TILL INTERUPT
5245 cdce 20 fd                  		BRA LCDCD 				;
5246                             								;--------------------------------------------------
5247                             								;
5248                             								;
5249                             								;--------------------------------------------------
5250 cdd0 ca 08                  LCDD0: 	ORAB #$08 				; SET b3, 2nd DRP, (PERIOD VALID)
5251 cdd2 d7 33                  		STAB $33 				; MINOR LP MD WD 1
5252                             								;
5253 cdd4 7e d3 06               LCDD4: 	JMP LD306 				;
5254 cdd7 5d                     LCDD7: 	TSTB 					;
5255 cdd8 2a fa                  		BPL LCDD4 				;
5256 cdda 4c                     		INCA 					; BUMP UP COUNTER
5257 cddb 97 9f                  		STAA $9F 				; NUM Of MINOR LOOPS BETWEEN DRP'S
5258 cddd 86 00                  LCDDD: 	LDAA #0 				;
5259 cddf b7 40 0c               		STAA $400C 				;
5260 cde2 8d 02                  		BSR LCDE6 				;
5261 cde4 20 10                  		BRA LCDF6 				;
5262                             								;
5263                             								; CALC RPM VAL
5264                             								;
5265 cde6 ce 00 95               LCDE6: 	LDX #0149 				;
5266 cde9 b6 c0 09               		LDAA LC009 				; Get Num of Cyl's, (0 = 8 CYL)
5267 cdec 26 04                  		BNE LCDF2 				; BR IF NZ
5268                             								; ... else
5269 cdee dc 95                  		LDD $95 				; Current Minor LP Ref Period fm MPU
5270 cdf0 20 03                  		BRA LCDF5 				;
5271 cdf2 bd f2 66               LCDF2: 	JSR LF266 				; MUL 8 X 16 SUROUTINE
5272 cdf5 39                     LCDF5: 	RTS 					;
5273                             								;---------------------------------------------------
5274 cdf6 fd 04 68               LCDF6: 	STD $0468 				; IM RAM, NUM OF 65.5Khz cnts between DRPs
5275                             								; between DRPs
5276                             								;-------------------------------------
5277                             								; RPM, RPM P, RPM/25 & RPM/12.5
5278                             								;
5279                             								; Q = (153.6/RPM RER) * 2 ^8
5280                             								;
5281                             								; PER = 1/65.5 Khz per bit
5282                             								;--------------------------------------
5283 cdf9 37                     		PSHB 					;
5284 cdfa 36                     		PSHA 					;
5285 cdfb 05                     		ASLD 					; SET DIVIDE OPER (x2)
5286 cdfc 37                     		PSHB 					;
5287 cdfd 36                     		PSHA			
5288                             								;
5289 cdfe 38                     		PULX 					;
5290 cdff cc 01 33               		LDD #0307 				; 15 * (512/25) or 153.6 * 2
5291 ce02 bd f2 15               		JSR LF215 				; TO F DIV SUBTOUTINE
5292 ce05 37                     		PSHB 					;
5293 ce06 36                     		PSHA 					;
5294 ce07 81 60                  		CMPA #96 				; 2400 RPM
5295 ce09 23 09                  		BLS LCE14 				;
5296                             								; ... else
5297                             								;
5298                             								; ROUND Q & ADJ to HI RANGE (2400-4800)
5299                             								;
5300 ce0b c3 40 80               		ADDD #16512 			;
5301 ce0e 24 0b                  		BCC LCE1B 				; IF IN HI RANGE RPM/25
5302                             								; ... else
5303 ce10 86 ff                  		LDAA #255 				; If > 4800 RPM limit to 4800, (255d)
5304 ce12 20 07                  		BRA LCE1B 				;
5305 ce14 05                     LCE14: 	ASLD 					; x2, (RPM.12.5)
5306 ce15 83 1f 80               		SUBD #8064 				;
5307 ce18 24 01                  		BCC LCE1B 				;
5308                             								; ... else
5309 ce1a 4f                     		CLRA 					; Else clear RPM
5310                             								;--------------------------------
5311                             								; (-400 RPM ($20) + 128 to round)
5312                             								; 0 CTS = 400 RPM
5313                             								;--------------------------------
5314 ce1b 97 56                  LCE1B: 	STAA $56 				; RPM/25
5315 ce1d 32                     		PULA 					;
5316 ce1e 33                     		PULB					;
5317                             								;
5318 ce1f 37                     		PSHB 					;
5319 ce20 36                     		PSHA 					;
5320 ce21 c3 00 80               		ADDD #128 				; Round off
5321 ce24 24 02                  		BCC LCE28 				; if no overflow
5322                             								; ... else
5323 ce26 86 ff                  		LDAA #255 				; limit to 255
5324 ce28 97 57                  LCE28: 	STAA $57 				; RPM/25
5325                             								;-----------------------
5326                             								; MAKE UN-FILT RPM/12.5
5327                             								;-----------------------
5328 ce2a 32                     		PULA 					;
5329 ce2b 33                     		PULB 					;
5330 ce2c 05                     		ASLD 					; x2
5331 ce2d 25 05                  		BCS LCE34 				;IF OVERFLOW LIMIT TO 255, (3187 RPM)
5332                             								; ... else
5333 ce2f c3 00 80               		ADDD #128 				;
5334 ce32 24 02                  		BCC LCE36 				;
5335                             								; ... else
5336 ce34 86 ff                  LCE34: 	LDAA #255 				; USE MAX VAL, 3187 RPM
5337 ce36 5f                     LCE36: 	CLRB 					;
5338 ce37 de 58                  		LDX $58 				; RPM/12.5, (UN-FILT)
5339 ce39 27 06                  		BEQ LCE41 				; IF 0, EXIT
5340                             								; ... else
5341 ce3b f6 c6 2e               		LDAB LC62E 				; RPM 12.5 Msec IAC Filter Coef, (0.5)
5342 ce3e bd f2 50               		JSR LF250 				; FILTER ROUTINE
5343 ce41 dd 58                  LCE41: 	STD $58 				; FILT RPM/12.5
5344                             								;-------------------------
5345                             								;
5346 ce43 13 01 80 05            		BRCLR $01 $80 LCE4C 	; BR IF NOT b7
5347                             								; ... else
5348 ce47 15 36 03               		BCLR $36 $03 			; b0 & b1, SKIP ERR 43.. & IN STALL SVR
5349 ce4a 20 67                  		BRA LCEB3
5350 ce4c b1 c0 25               LCE4C: 	CMPA LC025 				; Stall Svr Lmt, (400 RPM)
5351 ce4f 25 0c                  		BCS LCE5D 				;
5352                             								; ... else
5353 ce51 b1 c0 26               		CMPA LC026 				; Stall Svr Lmt, (450 RPM)
5354 ce54 24 2b                  		BCC LCE81 				;
5355                             								; ... else
5356 ce56 d6 5a                  		LDAB $5A 				;
5357 ce58 f1 c0 27               		CMPB LC027 				; Stall Svr Lmt, (550 RPM)
5358 ce5b 23 24                  		BLS LCE81 				;
5359                             								; ... else
5360 ce5d 12 36 02 1d            LCE5D: 	BRSET $36 $02 LCE7E 	; b1, IN STALL SVR BYPASS SPK
5361 ce61 7f 00 b4               		CLR $B4 				; SPK Fd Bk counter, (Err #42)
5362 ce64 fc 3f fc               		LDD $3FFC 				; CPU CR
5363 ce67 c4 ef                  		ANDB #$EF 				; CLR b4
5364 ce69 bd f3 b5               		JSR LF3B5 				; 11 Usec Delay
5365 ce6c fd 3f fc               		STD $3FFC 				; CPU CR
5366 ce6f 15 30 04               		BCLR $30 $04 			; CLR b2, EST ENABLE BIT, OFF
5367 ce72 0f                     		SEI 					; TURN OFF INTERUPTS
5368 ce73 bd f1 e5               		JSR LF1E5 				; FMD SERIAL BYTE READ
5369 ce76 0e                     		CLI 					; CLR & RESTORE INTERUPTS
5370 ce77 fc 3f c8               		LDD $3FC8 				; Get SPK Period, (PA2 CNT'R)
5371 ce7a dd b2                  		STD $B2 				; OLD PA2 CNT'R, SPK Period
5372 ce7c 96 58                  		LDAA $58 				; RPM/12.5
5373                             								;
5374 ce7e 14 36 03               LCE7E: 	BSET $36 $03 			; SET b1 & b0, STALL SAVER SPK FLAG
5375                             								;
5376                             								; NO STALL SAVER SA
5377                             								;
5378 ce81 13 36 02 2e            LCE81: 	BRCLR $36 $02 LCEB3 	; BR IF NOT b1, IN STALL SVR SPARK
5379                             								; ... else
5380                             								;
5381                             								; Disable Stall SVR Lmt, (550 RPM)
5382                             								;
5383 ce85 b1 c0 28               		CMPA LC028 				; STALL SVR RPM THRESH
5384 ce88 23 29                  		BLS LCEB3 				; BR IF RPM GT 550 RPM
5385                             								; ... else
5386 ce8a 15 36 03               		BCLR $36 $03 			; Clear Stall SVR SPARK FLAG, b0 & b1
5387 ce8d 7c 00 b4               		INC $B4 				; EST FB CNT'R, PREVENT ERR 42
5388                             								;
5389                             								; ZERO VAL'S
5390                             								; EST DWELL, EST PULSE WIDTH
5391                             								;
5392 ce90 4f                     		CLRA 					;
5393 ce91 5f                     		CLRB 					; ZERO VAL'S
5394 ce92 fd 3f dc               		STD $3FDC 				; TO SPK Dwell Cnt'r
5395 ce95 bd f3 b5               		JSR LF3B5 				; 11 Usec Delay
5396 ce98 fd 3f e6               		STD $3FE6 				; SPK Dwell Cnt'r
5397 ce9b bd f3 b5               		JSR LF3B5 				; 11 Usec Delay
5398 ce9e fd 3f e8               		STD $3FE8 				; CURRENT EST FALL - LAST EST FALL
5399 cea1 bd f3 b5               		JSR LF3B5 				; 11 Usec Delay
5400 cea4 fd 3f f6               		STD $3FF6 				; EST FALL CNT'R
5401                             								; (Time From Ref to Fire IGN Cnt'r)
5402 cea7 bd f3 b5               		JSR LF3B5 				; 11 Usec Delay
5403 ceaa fe 3f ec               		LDX $3FEC 				; B Cnt'r last ref
5404 cead bd f3 b5               		JSR LF3B5 				; 11 Usec Delay
5405 ceb0 ff 3f e4               		STX $3FE4 				; B Cnt'r Bgn nxt Dwell
5406                             		;*****************
5407                             		;* Compute Dwell
5408                             		;*****************
5409                             								;
5410                             								; IF LOAD CHANGE DURRING LAST
5411                             								; 25 msec > 10 Kpa SET DWELL
5412                             								; to $FFxx & Br to LCEC8 ...
5413                             								;
5414 ceb3 86 ff                  LCEB3: 	LDAA #255 				;
5415 ceb5 d6 63                  		LDAB $63 				; FILTERED LD VALUE
5416 ceb7 d0 62                  		SUBB $62 				; NORMILIZED LOAD, 25 Msec OLD
5417 ceb9 25 05                  		BCS LCEC0 				; BR IF OLD G.T. NEW
5418                             								; ... else
5419 cebb f1 c0 1b               		CMPB LC01B 				; Ld Val vs Dwell Limit
5420 cebe 24 0b                  		BCC LCECB 				; br if G.T.
5421                             								; ... else
5422                             								;----------------------------------------
5423                             								; IF DELTA RFPER > DYNAMIC DWELL
5424                             								; set DYNAMIC DWELL = -2 * DELTA REFPER
5425                             								;-----------------------------------------
5426 cec0 dc 97                  LCEC0: 	LDD $97 				; OLD REF PER
5427 cec2 93 95                  		SUBD $95 				; CURRENT MNR LOOP DRP PERIOD
5428 cec4 05                     		ASLD 					; DIV by 2
5429 cec5 93 99                  		SUBD $99 				; DYNAMIC DWELL
5430 cec7 2b 04                  		BMI LCECD 				;
5431                             								; ... else
5432 cec9 d3 99                  		ADDD $99 				; DYNAMIC DWELL
5433 cecb dd 99                  LCECB: 	STD $99 				; DYNAMIC DWELL
5434                             								;------------------------------
5435                             								; Limit DYNAMIC DWELL to
5436                             								; REF PERIOD/8, (11 DEG FOR V8)
5437                             								;------------------------------
5438 cecd dc 95                  LCECD: 	LDD $95 				; Current Minor LP Ref Period Fm MPU
5439 cecf 04                     		LSRD 					; 	DIV BY 8			
5440 ced0 04                     		LSRD 					;			
5441 ced1 04                     		LSRD 					;			
5442 ced2 93 99                  		SUBD $99 				; Dynamic Dwell
5443 ced4 24 04                  		BCC LCEDA 				; Br if DYNAMIC DWELL > REFPER/8
5444                             								; ... else
5445                             								;
5446                             								; IF DYNAMIC DWELL > REFPER/8 set DYNAMIC DWELL to REFPER/8
5447                             								;
5448 ced6 d3 99                  		ADDD $99 				; Dynamic Dwell
5449 ced8 dd 99                  		STD $99 				; SAVE NEW Dynamic Dwell
5450 ceda dc 95                  LCEDA: 	LDD $95 				; Current Minor LP Ref Period fm MPU
5451 cedc dd 97                  		STD $97 				; Last Minor LP Ref Period fm MPU
5452 cede 04                     		LSRD 					; /2
5453 cedf 83 00 e5               		SUBD #229 				; 3.49 Msec, (15.25 Msec/bit)
5454 cee2 24 05                  		BCC LCEE9 				; BR IF D G.T. 3.5 Msec,
5455                             								; ... else
5456 cee4 c3 01 34               		ADDD #0308 				; ADD 4.697 Msec
5457 cee7 20 10                  		BRA LCEF9 				; EXIT via BATTERY COMP
5458 cee9 04                     LCEE9: 	LSRD 					;			
5459 ceea 83 01 27               		SUBD #0295 				; 4.5 Msec
5460 ceed 25 05                  		BCS LCEF4 				; BR IF D L.T. 4.5 Msec
5461                             								; ... else
5462 ceef c3 01 7e               		ADDD #0382 				; ADD 5.825 Msec
5463 cef2 20 05                  		BRA LCEF9 				; EXIT via BATTERY COMP
5464                             								;---------------------------
5465                             								; D = 1/4 * (D + 23.3 msec)
5466                             								;---------------------------
5467 cef4 c3 05 f7               LCEF4: 	ADDD #1527 				; 23.3 Msec
5468 cef7 04                     		LSRD 					; /4
5469 cef8 04                     		LSRD 					;
5470                             		;********************************
5471                             		;* BATTERY VOLTAGE COMPENSATION
5472                             		;*
5473                             		;********************************
5474 cef9 37                     LCEF9: 	PSHB 					;
5475 cefa 36                     		PSHA 					;
5476 cefb 86 7c                  		LDAA #124 				; 12.4 VDC
5477 cefd 90 7e                  		SUBA $7E 				; Batt Volts Value, (A/D)
5478 ceff 24 01                  		BCC LCF02 				; BR IF BAT V L.T. 12.4
5479                             								; ... else
5480 cf01 4f                     		CLRA 					; NEGITIVE RESULT
5481                             								;
5482                             								; LOW BATTERY DWELL
5483                             								; If Batt < 12.4 VDC
5484                             								;
5485 cf02 c6 04                  LCF02: 	LDAB #04 				;
5486 cf04 3d                     		MUL 					; 630 usec/Volt
5487 cf05 30                     		TSX 					;
5488 cf06 e3 00                  		ADDD 0,X 				;
5489 cf08 38                     		PULX 					;
5490 cf09 d3 99                  		ADDD $99 				; Dynamic Dwell
5491 cf0b dd 9b                  		STD $9B 				; Dwell Cnts to MPU
5492 cf0d dc 95                  		LDD $95 				; Current Minor LP Ref Period fm MPU
5493 cf0f 83 00 27               		SUBD #39 				;
5494 cf12 93 9b                  		SUBD $9B 				; Dwell Cnts to MPU
5495 cf14 24 04                  		BCC LCF1A 				; BR IF NO UNDERFLOW
5496                             								; ... else
5497 cf16 d3 9b                  		ADDD $9B 				; Dwell Cnts to MPU, (15.25 Msec/BIT)
5498 cf18 dd 9b                  		STD $9B 				; Dwell Cnts to MPU, (15.25 Msec/BIT)
5499                             								;
5500                             								; CK PASSBY Lk Up QUALS
5501                             								;
5502                             								; (DISABELD BY QUAL VAL'S)
5503                             								;
5504 cf1a fe 01 25               LCF1A: 	LDX $0125 				; TCC LK UP PASS BY TMR, (SEC * 80)
5505 cf1d 26 3b                  		BNE LCF5A 				; BR IF NZ
5506                             								; ... else
5507 cf1f 96 82                  		LDAA $82 				; TPS Ld Axis Var
5508 cf21 b1 c2 98               		CMPA LC298 				; No PASSBY Lk Up if TPS < 99.6%
5509 cf24 25 1e                  		BCS LCF44 				; BR IF TPS L.T. 99.6%
5510                             								; ... else
5511 cf26 96 65                  		LDAA $65 				;
5512 cf28 b1 c2 99               		CMPA LC299 				; No PASS BY Lk Up if RPM < 6375
5513 cf2b 23 17                  		BLS LCF44 				; BR IF RPM G.T. 6375
5514                             								; ... else
5515 cf2d b1 c2 9a               		CMPA LC29A 				; No PASS BY Lk Up if > 800 RPM
5516 cf30 22 12                  		BHI LCF44 				; BR IF RPM L.T. 800
5517                             								; ... else
5518 cf32 96 57                  		LDAA $57 				; RPM/25
5519 cf34 b1 c2 9b               		CMPA LC29B 				; NO PASS BY LK UP IF RPM < 6375
5520 cf37 25 0b                  		BCS LCF44 				;
5521                             								; ... else
5522 cf39 fe 01 23               		LDX $0123 				; DLY TMR
5523 cf3c bc c2 9c               		CPX LC29C 				; 819 Sec DLY prior to PASBY LOCKUP
5524 cf3f 22 0b                  		BHI LCF4C 				;
5525                             								; ... else
5526 cf41 08                     		INX 					; INCR TCC LK UP PASS BY TMR
5527 cf42 20 03                  		BRA LCF47 				;
5528 cf44 ce 00 00               LCF44: 	LDX #0 					; CLR DLY TMR
5529 cf47 ff 01 23               LCF47: 	STX $0123 				; DLY TMR
5530 cf4a 20 39                  		BRA LCF85 				;
5531 cf4c fe c2 9e               LCF4C: 	LDX LC29E 				; KEEP TCC LK'ED UP FOR PASSBY 30 SEC
5532 cf4f ff 01 25               		STX $0125 				; TCC LK'ED UP TMR
5533 cf52 ce 00 00               		LDX #0 					; CLR DLY TMR
5534 cf55 ff 01 23               		STX $0123 				;
5535 cf58 20 06                  		BRA LCF60 				;
5536 cf5a 09                     LCF5A: 	DEX 					; DEC TMR
5537 cf5b ff 01 25               		STX $0125 				; TCC LK'ED UP TMR
5538 cf5e 27 1f                  		BEQ LCF7F 				;
5539 cf60 96 7e                  LCF60: 	LDAA $7E 				; Batt Volts Value, (A/D)
5540 cf62 81 ab                  		CMPA #171 				; 17.1 VDC
5541 cf64 24 1f                  		BCC LCF85 				; BR IF BATT GT 17.1 VDC
5542                             								; ... else
5543                             								;
5544                             								; CK AFR MD WD 1 & 4
5545                             								;
5546 cf66 ce c0 14               		LDX #$C014 				; AFR MODE WD POINTER
5547 cf69 1e 03 80 18            		BRSET 3,X $80 LCF85 	; BR IF USE TCC OUT FOR A/C CN'T, (C017)
5548                             								; ... else
5549 cf6d 1e 00 40 14            		BRSET 0,X $40 LCF85 	; BR IF USE PWR STEER SW SEL
5550                             								; ... else
5551                             								;
5552 cf71 ce df ff               		LDX #$DFFF 				; 57,343
5553 cf74 ff 3f d6               		STX $3FD6 				; TCC PW Cnt'r
5554 cf77 14 37 20               		BSET $37 $20 			; SET b5, MCU INPUT STATUS WD, TCC
5555 cf7a 14 36 08               		BSET $36 $08 			; SET b3, TCC LOCKED FOR PASS BY NOISE
5556 cf7d 20 06                  		BRA LCF85 				; EXIT TO UP MAIN SPK LK UP
5557 cf7f 14 04 81               LCF7F: 	BSET $04 $81 			; SET b7 & b0, Xmission Mode word
5558                             								; OD ACTIVE, OD ON
5559 cf82 15 36 08               		BCLR $36 $08 			; CLR b3, TCC LOCKED FOR PASS BY NOISE
5560                             		;***************************************************
5561                             		;* LK UP MAIN SPARK ADV vs LD vs RPM
5562                             		;*
5563                             		;* TBL = SPK * (256/90)
5564                             		;***************************************************
5565 cf85 ce c0 2e               LCF85: 	LDX #$C02E 				; POINT TO MIN SPK TBL
5566 cf88 96 01                  		LDAA $01 				;
5567 cf8a 48                     		ASLA 					;
5568 cf8b 2b 1a                  		BMI LCFA7 				; Br IF WARM Kickdown enabled
5569                             								; ... else
5570 cf8d d6 5b                  		LDAB $5B 				; GET FILT COOLANT
5571 cf8f f1 c0 2c               		CMPB LC02C 				; START UP COOLANT
5572 cf92 24 09                  		BCC LCF9D 				; BR IF COOLANT GT 26c
5573                             								; ... else
5574 cf94 d0 5f                  		SUBB $5F 				; START UP COOL
5575 cf96 25 0b                  		BCS LCFA3 				; BR IF COOL LT $5F
5576                             								; ... else
5577 cf98 f1 c0 2d               		CMPB LC02D 				; Cool Diff Lmt Fm Tbl, (20c)
5578 cf9b 25 06                  		BCS LCFA3 				;
5579                             								; ... else
5580 cf9d 96 3b                  LCF9D: 	LDAA $3B 				;
5581 cf9f 8a 40                  		ORAA #$40 				; SET b6, WARM KICK Dn REQ
5582 cfa1 97 3b                  		STAA $3B 				;
5583 cfa3 c6 d0                  LCFA3: 	LDAB #208 				; Max LOAD AXIS ON 1st WARM PASS
5584 cfa5 20 08                  		BRA LCFAF 				;
5585 cfa7 d6 63                  LCFA7: 	LDAB $63 				; filtered ld value
5586 cfa9 c1 d0                  		CMPB #208 				; 208 gms/SEC MAX FOR LK UP
5587 cfab 23 02                  		BLS LCFAF 				; BR IF LD VAL GT 208
5588                             								; ... else
5589 cfad c6 d0                  		LDAB #208 				; USE MAX LD VAL
5590 cfaf 96 56                  LCFAF: 	LDAA $56 				; RPM/25
5591 cfb1 bd f2 7c               		JSR LF27C 				; 3d Lk Up Routine
5592 cfb4 b7 04 5d               		STAA $045D 				; SAVE HU SPK VAL
5593 cfb7 36                     		PSHA 					; SAVE MAIN SPK TO STX
5594                             		;***************************************************
5595                             		;* LK UP COOL COMP SPK ADV vs LD vs COOL
5596                             		;*
5597                             		;***************************************************
5598 cfb8 96 5b                  		LDAA $5B 				; COOLANT
5599 cfba 81 d0                  		CMPA #208 				; Limit COOL DEG FL to 115c
5600 cfbc 23 02                  		BLS LCFC0 				; BR IF COOL LT 115c
5601                             								; ... else
5602 cfbe 86 d0                  		LDAA #208 				; USE 115c AS MAX LK UP VAL
5603 cfc0 ce c0 fe               LCFC0: 	LDX #$C0FE 				; POINT TO COOL COMP SPK LD SEL BYTE
5604 cfc3 d6 63                  		LDAB $63 				; FILTERED LD VALUE
5605 cfc5 6d 00                  		TST 0,X 				; CK LD SELECTOR BYTE (0 = LD VAL)
5606 cfc7 26 08                  		BNE LCFD1 				; BR IF NZ
5607                             								; ... else
5608 cfc9 c1 a0                  		CMPB #160 				; MAX LD VAL FOR LK UP
5609 cfcb 23 07                  		BLS LCFD4 				; IF LD LT 160
5610                             								; ... else
5611 cfcd c6 a0                  		LDAB #160 				; USE MAX LD VAL FOR LK UP
5612 cfcf 20 03                  		BRA LCFD4 				;
5613 cfd1 54                     LCFD1: 	LSRB 					; LD VAL/2
5614 cfd2 cb 20                  		ADDB #32 				; MIN LD VAL FOR LK UP
5615 cfd4 08                     LCFD4: 	INX 					; POINT TO TBL
5616 cfd5 bd f2 7c               		JSR LF27C 				; 3d Lk Up Routine
5617 cfd8 b7 04 5e               		STAA $045E 				; SAVE HU COOL COMP SPK RESULT
5618 cfdb 36                     		PSHA 					; SAVECOOL COMP SPK TO STX
5619                             		;***************************************************
5620                             								;
5621                             								; CK
5622                             								;
5623 cfdc f6 c0 17               		LDAB LC017 				; AFR MD WD 4
5624 cfdf 96 37                  		LDAA $37 				; MCU INPUT STATUS WD
5625 cfe1 c5 10                  		BITB #$10 				; b4, EGR DIAG CLOSED
5626 cfe3 27 04                  		BEQ LCFE9 				; BR IF NOT b4
5627                             								; ... else
5628 cfe5 85 20                  		BITA #$20 				; b5, N.O. Fan Req
5629 cfe7 27 2e                  		BEQ LD017 				; BR IF NOT b5
5630                             								; ... else
5631 cfe9 c5 04                  LCFE9: 	BITB #$04 				; b2, 4th gr Hwy Mode Sprk Adv on
5632 cfeb 27 07                  		BEQ LCFF4 				; BR IF NOT b2
5633                             								; ... else
5634 cfed 96 8f                  		LDAA $8F 				; N/V ratio
5635 cfef b1 c2 88               		CMPA LC288 				; Min 4th gr Val
5636 cff2 22 23                  		BHI LD017 				;
5637                             								; ... else
5638 cff4 96 63                  LCFF4: 	LDAA $63 				; FILTERED LD VALUE
5639 cff6 b1 c1 6f               		CMPA LC16F 				; If LV8 > 100 disable hi-way mode spark
5640 cff9 22 1c                  		BHI LD017 				; BE IF LD VAL LT 100
5641                             								; ... else
5642 cffb d6 5b                  		LDAB $5B 				; COOLANT
5643 cffd f1 c1 6e               		CMPB LC16E 				; If Coolant <= 59.8c, (139.5f), disable
5644 d000 23 15                  		BLS LD017 				; BR IF COOL GT THRESH
5645                             								; ... else
5646 d002 d6 56                  		LDAB $56 				; RPM/25
5647 d004 f1 c1 70               		CMPB LC170 				; If RPM is less than 6350 RPM, disable
5648 d007 25 0e                  		BCS LD017 				;
5649                             								; ... else
5650 d009 d6 a6                  		LDAB $A6 				; Hiway Mode Spk Tmr
5651 d00b f1 c1 71               		CMPB LC171 				; Enable hi-way mode spark if > 10 Sec
5652 d00e 22 0d                  		BHI LD01D 				; BR IF TMR LT 10 SEC
5653                             								; ... else
5654 d010 96 00                  		LDAA $00 				; GET MJR LOOP CNTR
5655 d012 26 04                  		BNE LD018 				;
5656                             								; ... else
5657 d014 5c                     		INCB 					; INCR TMR
5658 d015 20 01                  		BRA LD018 				;
5659 d017 5f                     LD017: 	CLRB 					; CLR TMR
5660 d018 d7 a6                  LD018: 	STAB $A6 				; Hiway Mode Spk Tmr
5661 d01a 4f                     		CLRA 					;
5662 d01b 20 0e                  		BRA LD02B 				;
5663                             								;--------------------------------------------------
5664                             								;--------------------------------------------------
5665                             								; LK UP HIGHWAY MODE SPARK ADVANCE vs LV8 (load)
5666                             								;
5667                             								; TABLE VALUE = SA * (256/90)
5668                             								;--------------------------------------------------
5669 d01d 81 90                  LD01D: 	CMPA #144 				; MAX LD VAL FOR LK UP
5670 d01f 23 02                  		BLS LD023 				; BR IF LD VAL LT 144
5671                             								; ... else
5672 d021 86 90                  		LDAA #144 				; MAX LD VAL FOR LK UP
5673 d023 c6 20                  LD023: 	LDAB #32 				; MIN LD VAL FOR LK UP
5674 d025 ce c1 72               		LDX #$C172 				; ADDR OF TBL
5675 d028 bd f2 b9               		JSR LF2B9 				; 2D Lk Up
5676 d02b d6 3a                  LD02B: 	LDAB $3A 				; HU DISPLAY MD WD
5677 d02d c4 ef                  		ANDB #$EF 				; CLR b4
5678 d02f b7 04 5f               		STAA $045F 				; SAVE HU HIGHWAY MODE SPARK ADVANCE
5679 d032 36                     		PSHA 					; SAVE HIGHWAY MODE SPARK ADVANCE TO STX
5680 d033 27 02                  		BEQ LD037 				; BR IF Z
5681                             								; ... else
5682 d035 ca 10                  		ORAB #$10 				; SET b4
5683 d037 d7 3a                  LD037: 	STAB $3A 				; HU DISPLAY MD WD
5684                             								;--------------------------------------------------
5685                             								;--------------------------------------------------
5686                             								; HOT RE-START RETARD
5687                             								;--------------------------------------------------
5688 d039 96 01                  		LDAA $01 				;
5689 d03b 85 20                  		BITA #$20 				; b5
5690 d03d 26 0e                  		BNE LD04D 				; BR IF b5, (if IAC kick dn enab)
5691                             								; ... else
5692 d03f d6 5f                  		LDAB $5F 				; START UP COOL THRESH
5693 d041 f1 c0 2a               		CMPB LC02A 				; Low Lmt for Hot Restart, (54c)
5694 d044 25 07                  		BCS LD04D 				;
5695                             								; ... else
5696 d046 d6 1b                  		LDAB $1B 				;
5697 d048 f0 c6 84               		SUBB LC684 				; 25d, Hot Sprk Retard
5698 d04b 25 07                  		BCS LD054 				;
5699                             								; ... else
5700 d04d 5f                     LD04D: 	CLRB 					;
5701 d04e 8a 20                  		ORAA #$20 				; SET b5, IAC KICK DN ENABLE FLG
5702 d050 97 01                  		STAA $01 				;
5703 d052 20 03                  		BRA LD057 				;
5704 d054 f6 c0 2b               LD054: 	LDAB LC02B 				; Hot Restard Lmt fm Tbl, (9.8 Deg)
5705 d057 96 3a                  LD057: 	LDAA $3A 				; HU DISPLAY MD WD
5706 d059 84 df                  		ANDA #$DF 				; CLEAR b5
5707 d05b f7 04 60               		STAB $0460 				;
5708 d05e 37                     		PSHB 					;
5709 d05f 27 02                  		BEQ LD063 				;
5710 d061 8a 20                  		ORAA #$20 				; SET b5
5711 d063 97 3a                  LD063: 	STAA $3A 				; HU DISPLAY MD WD
5712 d065 5f                     		CLRB 					;
5713 d066 96 35                  		LDAA $35 				; MNR LOOP MD WD 2
5714 d068 85 10                  		BITA #$10 				; b4, DIAG SW IN DIAG MODE
5715 d06a 26 1c                  		BNE LD088 				; BR IF b4
5716 d06c 13 30 04 18            		BRCLR $30 $04 LD088 	; BR IF NOT b2
5717                             								; ... else
5718 d070 30                     		TSX 					;
5719 d071 a6 00                  		LDAA 0,X			
5720 d073 26 13                  		BNE LD088 				;
5721 d075 96 02                  		LDAA $02 				; Mode Wd1
5722 d077 2b 0f                  		BMI LD088 				;
5723 d079 46                     		RORA 					;
5724 d07a 24 0f                  		BCC LD08B 				;
5725 d07c 96 5b                  		LDAA $5B 				; COOLANT
5726 d07e b1 c2 2c               		CMPA LC22C 				;
5727 d081 23 08                  		BLS LD08B 				;
5728 d083 f6 c2 2b               		LDAB LC22B 				;
5729 d086 20 03                  		BRA LD08B 				;
5730 d088 15 02 01               LD088: 	BCLR $02 $01 			; CLR b0, ERR 43B TEST IN WORK
5731 d08b 37                     LD08B: 	PSHB 					;
5732 d08c 5f                     		CLRB 					;
5733 d08d 96 35                  		LDAA $35 				; MNR LP MD WD 2
5734 d08f 85 20                  		BITA #$20 				; b4, DIAG SW IN DIAG MODE
5735 d091 27 03                  		BEQ LD096 				; BR IF NOT b5
5736                             								; ... else
5737                             		;***************************************************
5738                             		;* SUM THE SPARK ADVANCES
5739                             		;*
5740                             		;***************************************************
5741 d093 f6 c0 24               		LDAB LC024 				; Added S.A. for ALDL Mode
5742 d096 ce 00 00               LD096: 	LDX #0 					; ZERO OUT SPK ADV ACCUM
5743 d099 3a                     		ABX 					;
5744 d09a 33                     		PULB 					; GET ___ SPK
5745 d09b 3a                     		ABX 					; + KNOCK TEST SA
5746 d09c 32                     		PULA 					; GET ___ SPK
5747 d09d 33                     		PULB 					;
5748 d09e 3a                     		ABX 					;
5749 d09f 33                     		PULB 					; GET ___ SPK
5750 d0a0 3a                     		ABX 					;
5751 d0a1 33                     		PULB 					; GET ___ SPK
5752 d0a2 3a                     		ABX 					;
5753 d0a3 d6 13                  		LDAB $13 				; START UP SPARK ADVANCE
5754 d0a5 3a                     		ABX 					;
5755 d0a6 36                     		PSHA 					;
5756 d0a7 3c                     		PSHX 					; SAVE PARTIAL SUMMED SPK ADV TO STX
5757 d0a8 32                     		PULA 					;
5758 d0a9 33                     		PULB 					;
5759 d0aa 30                     		TSX 					;
5760 d0ab f0 c0 fd               		SUBB LC0FD 				; SUB OFF 20 DEG, COOL COMP SPK BIAS
5761 d0ae 82 00                  		SBCA #0 				;
5762 d0b0 e0 00                  		SUBB 0,X 				;
5763 d0b2 82 00                  		SBCA #$0000 			;
5764 d0b4 31                     		INS 					; RESET STX
5765 d0b5 fd 01 15               		STD $0115 				; FINAL SPK ADV VALUE
5766                             								;-------------------------------------------------
5767                             								; CK IF HEADS UP CONNECTED
5768                             								; MOD SPARK
5769                             								;-------------------------------------------------
5770 d0b8 de 33                  		LDX $33 				; MINOR LOOP MD WD 1
5771 d0ba 2a 03                  		BPL LD0BF 				; BR IF NO HEADS UP ON LINE
5772                             								; ... else
5773 d0bc bd 58 09               		JSR $5809 				; TO HEADS UP
5774                             								;
5775                             								;
5776                             								; GET INITAL LEAD FM CAL
5777                             								;
5778 d0bf f0 c0 1c               LD0BF: 	SUBB LC01C 				; IGN LEAD Value
5779 d0c2 82 00                  		SBCA #0			
5780 d0c4 dd 9d                  		STD $9D 				; SPK ADV REL TO REF, (Unlim)
5781 d0c6 fc c0 1e               		LDD LC01E 				; MAX S.A. Limit, Aprox 40 Deg
5782 d0c9 93 9d                  		SUBD $9D 				; SPK ADV REL TO REF, (Unlim)
5783 d0cb 2e 04                  		BGT LD0D1 				; BR IF SPK G.T SPK LMT
5784                             								; ... else
5785 d0cd d3 9d                  		ADDD $9D 				; SPK ADV REL TO REF, (Unlim)
5786 d0cf dd 9d                  		STD $9D 				; SPK ADV REL TO REF, (Unlim)
5787 d0d1 bd fa 1e               LD0D1: 	JSR LFA1E 				; TPS ACCEL ENR ??
5788 d0d4 fc 3f ca               		LDD $3FCA 				; Counter #3, 16.5 Khz
5789 d0d7 37                     		PSHB 					;
5790 d0d8 36                     		PSHA 					;
5791 d0d9 93 a1                  		SUBD $A1 				;
5792 d0db 4d                     		TSTA 					;
5793 d0dc 27 02                  		BEQ LD0E0 				;
5794                             								; ... else
5795 d0de c6 ff                  		LDAB #255 				; USE MAX VAL
5796 d0e0 38                     LD0E0: 	PULX 					;
5797 d0e1 37                     		PSHB 					;
5798 d0e2 df a1                  		STX $A1 				;
5799 d0e4 4f                     		CLRA 					;
5800 d0e5 12 03 80 1c            		BRSET $03 $80 LD105 	; BR IF b7, KNOCK ENBLED BY DIFF COOL
5801                             								; ... else
5802 d0e9 d6 5b                  		LDAB $5B 				; COOLANT
5803 d0eb d0 5f                  		SUBB $5F 				; START UP COOL
5804 d0ed 23 0a                  		BLS LD0F9 				; BR IF COOL G.T. START UP COOL
5805                             								; ... else
5806 d0ef f1 c1 bd               		CMPB LC1BD 				;
5807 d0f2 23 05                  		BLS LD0F9 				;
5808 d0f4 14 03 80               		BSET $03 $80 			; SET b7, KNOCK ENBLED BY DIFF COOL
5809 d0f7 20 0c                  		BRA LD105 				;
5810                             								;
5811                             								; CK KNOCK CONTROL QUAL'S
5812                             								;
5813 d0f9 d6 5b                  LD0F9: 	LDAB $5B 				; COOLANT
5814 d0fb f1 c1 bc               		CMPB LC1BC 				; If COOLANT < 67c, DISABLE KNOCK
5815 d0fe 24 05                  		BCC LD105 				; BR IF COOL GT 67c
5816                             								; ... else
5817 d100 15 40 80               		BCLR $40 $80 			; CLR b7, KNK ENABLED (BY COOLANT)
5818 d103 20 52                  		BRA LD157 				;
5819 d105 14 40 80               LD105: 	BSET $40 $80 			; SET b7, KNK ENABLED (BY COOLANT)
5820                             								;
5821 d108 d6 58                  		LDAB $58 				; FILT RPM/12/5
5822 d10a f1 c1 b9               		CMPB LC1B9 				; If RPM = > 650 RPM KNOCK is ENABLED
5823 d10d 24 07                  		BCC LD116 				; BR IF RPM G.T. 650
5824                             								; ... else
5825                             								;
5826                             								; CK ERR #43 STATUS
5827                             								;
5828 d10f d6 65                  		LDAB $65 				;
5829 d111 f1 c1 ba               		CMPB LC1BA 				; If ERR 43, then KNOCK retard 8 Deg
5830 d114 25 41                  		BCS LD157 				;
5831                             								; ... else
5832 d116 b6 c2 2a               LD116: 	LDAA LC22A 				; If ERR 43, then KNOCK retard 8 Deg
5833 d119 d6 02                  		LDAB $02 				; MD WD 2
5834 d11b 2b 3a                  		BMI LD157 				;
5835                             								; ... else
5836                             								;
5837                             								; CK BATTERY
5838                             								;
5839 d11d d6 7e                  		LDAB $7E 				; Batt Volts Value, (A/D)
5840 d11f c1 5d                  		CMPB #93 				; 9.3 VDC
5841 d121 25 34                  		BCS LD157 				; BR IF BATTERY L.T. 9.3 VDC
5842                             								; ... else
5843 d123 d6 3b                  		LDAB $3B 				;
5844 d125 c5 20                  		BITB #$20 				; b5
5845 d127 26 2e                  		BNE LD157 				; BR IF b5
5846                             								; ... else
5847                             								;--------------------------------------------------
5848                             								; KNOCK ATACK RATE vs RPM
5849                             								;
5850                             								; TBL = ATTACK RATE IN Deg/MSEC /0.0225,
5851                             								; 400 - 4800 RPM
5852                             								;-------------------------------------------------
5853 d129 96 56                  		LDAA $56 				; RPM/25
5854 d12b 44                     		LSRA 					; RPM/25/4			
5855 d12c 44                     		LSRA 					;			
5856 d12d ce c1 be               		LDX #$C1BE 				; Tbl Addr,
5857                             								; - Diff Cool Temp G.T. Enab KNOCK
5858 d130 bd f2 c6               		JSR LF2C6 				; 2d Lk Up, (No Offset)
5859 d133 33                     		PULB 					; GET KNOCK CNT FM STX
5860 d134 37                     		PSHB 					;
5861 d135 3d                     		MUL 					; KNOCK CNT * ATACK RATE
5862 d136 05                     		ASLD 					; MULT * 2
5863 d137 9b a5                  		ADDA $A5 				; SUM TO KNOCK RETARD
5864 d139 24 02                  		BCC LD13D 				; .... else
5865                             								; ... else
5866 d13b 86 ff                  		LDAA #255 				; USE MAX VALUE
5867 d13d 36                     LD13D: 	PSHA 					;
5868 d13e b6 c1 bb               		LDAA LC1BB 				; 25.3 deg Max KNOCK Retard, (not in WOT)
5869 d141 d6 43                  		LDAB $43 				; AF MODE WD
5870 d143 c5 20                  		BITB #$20 				; b5, PWR ENR IS ACTIVE
5871 d145 27 0b                  		BEQ LD152 				; BR IF NOT b5
5872                             								; .. else
5873                             								;---------------------------------------------
5874                             								; Lk Up MAX KNOCK RETARD WHEN IN WOT vs RPM
5875                             								; TBL = Deg * (256/45) 800 - 6400 RPM
5876                             								;--------------------------------------------
5877 d147 ce c1 c8               		LDX #$C1C8 				; Point to tbl
5878 d14a 96 57                  		LDAA $57 				; RPM/25
5879 d14c 44                     		LSRA 					; RPM * 2
5880 d14d c6 10                  		LDAB #16 				; Offset for Lk Up
5881 d14f bd f2 b9               		JSR LF2B9 				; 2d Lk Up
5882 d152 33                     LD152: 	PULB 					;
5883 d153 11                     		CBA 					; COMP LK'ED UP RESULT to B reg
5884 d154 25 01                  		BCS LD157 				; BR IF B G.T. K'ED UP RESULT
5885                             								; .. else
5886 d156 17                     		TBA 					;
5887                             								;
5888                             								; RETARD
5889                             								;
5890 d157 97 a5                  LD157: 	STAA $A5 				; Retard for knock
5891 d159 44                     		LSRA 					; RETARD/2
5892 d15a 36                     		PSHA 					;
5893 d15b d6 33                  		LDAB $33 				; MINOR LOOP MD WD 1
5894 d15d 2a 05                  		BPL LD164 				;
5895                             								; .. else
5896 d15f d6 4b                  		LDAB $4B 				; HU SPK FLAGS
5897 d161 56                     		RORB 					;
5898 d162 25 09                  		BCS LD16D 				;
5899                             								; .. else
5900 d164 dc 9d                  LD164: 	LDD $9D 				; SPK ADV Rel to Ref, (Unlim)
5901 d166 30                     		TSX 					;
5902 d167 e0 00                  		SUBB 0,X 				;
5903 d169 82 00                  		SBCA #0 				;
5904 d16b dd 9d                  		STD $9D 				;
5905 d16d 32                     LD16D: 	PULA 					;
5906 d16e 96 02                  		LDAA $02 				; MB WD 2
5907 d170 33                     		PULB 					;
5908 d171 5d                     		TSTB 					;
5909 d172 27 0c                  		BEQ LD180 				;
5910                             								; ... else
5911 d174 85 01                  		BITA #$01 				;
5912 d176 27 04                  		BEQ LD17C 				;
5913                             								; ... else
5914 d178 84 fe                  		ANDA #$FE 				;
5915 d17a 8a 40                  		ORAA #$40 				;
5916 d17c 84 7f                  LD17C: 	ANDA #$7F 				; CLEAR b7, ERR 43 TEST FAIL THIS START
5917 d17e 97 02                  		STAA $02 				; MD WD 2
5918                             								;---------------------------------
5919                             								; DIAG 20 Deg SPK ADV
5920                             								;---------------------------------
5921 d180 96 41                  LD180: 	LDAA $41 					; CK IF IN DIAG, DIAGNOSTIC MODE WD 3
5922 d182 2a 05                  		BPL LD189 				;
5923                             								;
5924 d184 fc c0 22               		LDD LC022 				; 20 Deg, Fixed S.A. For diagnostics
5925 d187 dd 9d                  		STD $9D 				; Spk Adv Rel to Ref, (Unlim)
5926                             								;---------------------------------
5927                             								; LIMIT SPARK RETARD
5928                             								;---------------------------------
5929 d189 fe c0 20               LD189: 	LDX LC020 				; MAX Spk. RETARD lIMIT FM tBL
5930 d18c 9c 9d                  		CPX $9D 				; SPK ADV REL TO Ref, (Unlim)
5931 d18e 2d 02                  		BLT LD192 				;
5932                             								; ... else
5933 d190 df 9d                  		STX $9D 				; USE MAX LMT FOR Spk RTD
5934                             								;------------------------------------------------
5935                             								;--------------------------------------------------
5936                             								; CK IF IN MODE 4 < ----*****
5937                             								;
5938                             								; CNT'L WD ..,b3 1 = CONTROLING SPK
5939                             								; CNT'L WD ..,b5 1 =
5940                             								;
5941                             								;
5942                             								;--------------------------------------------------
5943 d192 13 35 08 32            LD192: 	BRCLR $35 $08 LD1C8 	; BR IF NOT b3, MODE 4
5944                             								; ... else
5945                             								;
5946                             								; CK MODE 4 CNT'L CWD 5, b3
5947                             								;
5948 d196 b6 01 58               		LDAA $0158 				; ALDL FUNCT MOD ENABLE WD
5949 d199 85 08                  		BITA #$08 				; b3
5950 d19b 27 2b                  		BEQ LD1C8 				; Br IF NOT b3, NOT DOING SPL, (EXIT)
5951                             								; ... else
5952                             								;
5953                             								; CK IF ALDL MODIFING SPARK
5954                             								; (MODE 4 CWD 8)
5955                             								;
5956 d19d f6 01 5b               		LDAB $015B 				; ALDL SPK ADV, (MODE 4 WD 8, b4)
5957 d1a0 85 10                  		BITA #$10 				; b4
5958 d1a2 26 0c                  		BNE LD1B0 				; Br IF b4, CONTROLLING Spk
5959                             								; ... else
5960 d1a4 85 20                  		BITA #$20 				; b5
5961 d1a6 27 05                  		BEQ LD1AD 				; Br NOT b5, IF ADV SPARK
5962                             								; ... else
5963 d1a8 86 80                  		LDAA #128 				;
5964 d1aa 50                     		NEGB 					;
5965 d1ab 20 17                  		BRA LD1C4 				; Br IF IN RETARD SA
5966 d1ad 4f                     LD1AD: 	CLRA 					;			
5967 d1ae 20 14                  		BRA LD1C4 				; EXIT W/NO SPK MOD
5968                             								;
5969                             								; CK IF ADD or RETARD SPK
5970                             								;
5971 d1b0 85 20                  LD1B0: 	BITA #$20 				; b5
5972 d1b2 26 09                  		BNE LD1BD 				; BR IF b5, SUBTRACT SPARK ADVANCE
5973                             								; ... else
5974                             								;
5975                             								; ADD SPARK ADVANCE
5976                             								;
5977 d1b4 dc 9d                  		LDD $9D 				; SPK ADV REL TO REF, (Unlim)
5978 d1b6 fb 01 5b               		ADDB $015B 				; ALDL SPK ADV
5979 d1b9 89 00                  		ADCA #00 				; 40 deg ???
5980 d1bb 20 07                  		BRA LD1C4 				; GO SAVE SPK ADV
5981                             								;
5982                             								; SUBTRACT SPARK ADVANCE
5983                             								;
5984 d1bd dc 9d                  LD1BD: 	LDD $9D 				; Spk Adv Rel to Ref, (Unlim)
5985 d1bf f0 01 5b               		SUBB $015B 				; ALDL SPK ADV
5986 d1c2 82 00                  		SBCA #$0 				;
5987 d1c4 dd 9d                  LD1C4: 	STD $9D 				; Spk Adv Rel to Ref, (Unlim)
5988 d1c6 20 13                  		BRA LD1DB 				;
5989                             								;--------------------------------------------------
5990                             								;--------------------------------------------------
5991 d1c8 12 41 80 0f            LD1C8: 	BRSET $41 $80 LD1DB 	; BR IF b7, IN DIAGNOSTICS
5992                             								; ... else
5993 d1cc de 9d                  		LDX $9D 				; Spk Adv Rel to Ref, (Unlim)
5994 d1ce 2b 0b                  		BMI LD1DB 				; BR IF RETARD
5995 d1d0 3c                     		PSHX 					;
5996 d1d1 30                     		TSX 					;
5997 d1d2 b6 01 2a               		LDAA $012A 				; SPK ADV BLEND MULT
5998 d1d5 bd f2 66               		JSR LF266 				; MUL 8 X 16 SUROUTINE
5999 d1d8 38                     		PULX 					;
6000 d1d9 dd 9d                  		STD $9D 				; Spk Adv Rel to Ref, (Unlim)
6001 d1db dc 9d                  LD1DB: 	LDD $9D 				; Spk Adv Rel to Ref, (Unlim)
6002 d1dd 2b 08                  		BMI LD1E7 				;
6003 d1df 96 34                  		LDAA $34 				;
6004 d1e1 84 fe                  		ANDA #$FE 				; CLR b0, IF ADVANCE CLR ADV/RETARD FL
6005 d1e3 97 34                  		STAA $34 				;
6006 d1e5 20 07                  		BRA LD1EE 				;
6007 d1e7 96 34                  LD1E7: 	LDAA $34 				;
6008 d1e9 8a 01                  		ORAA #$01 				; SET b0, IF RETARD, (ADV/RETARD FLG)
6009 d1eb 97 34                  		STAA $34 				;
6010 d1ed 50                     		NEGB 					;
6011 d1ee 37                     LD1EE: 	PSHB 					;
6012                             								;---------------------------------------------
6013                             								; CK HEADS UP
6014                             								; MAKE SPK ADV REL TO TDC
6015                             								;
6016                             								;---------------------------------------------
6017 d1ef 96 33                  		LDAA $33 				; CK IF HEADS UP ON LINE
6018 d1f1 2a 03                  		BPL LD1F6 				; BR IF NO HEADS UP
6019                             								; ... else
6020 d1f3 bd 58 0f               		JSR $580F 				; TO HEADS UP <---------------
6021                             		;*******************************************************
6022                             		;*******************************************************
6023                             		;* SPARK OUT ROUTINE
6024                             		;*
6025                             		;* EXECUTED EVERY OTHER 1RQI
6026                             		;* ALL MNR LOOP SPARK FUNCTIONS and Vss
6027                             		;*
6028                             		;*
6029                             		;*******************************************************
6030 d1f6 32                     LD1F6: 	PULA 					;
6031 d1f7 30                     		TSX 					;
6032 d1f8 bd f2 66               		JSR LF266 				; MUL 8 X 16 SUROUTINE
6033 d1fb 38                     		PULX 					;
6034 d1fc 37                     		PSHB 					;
6035 d1fd 36                     		PSHA 					;
6036 d1fe 30                     		TSX 					;
6037 d1ff d6 34                  		LDAB $34 				; FLAG
6038 d201 56                     		RORB 					;
6039 d202 25 08                  		BCS LD20C 				; TO SPK OUT ROUTINE
6040                             								; ... else
6041 d204 4f                     		CLRA 					;
6042 d205 5f                     		CLRB 					;
6043 d206 a3 00                  		SUBD 0,X 				;
6044 d208 38                     		PULX 					;
6045 d209 20 03                  		BRA LD20E 				;
6046 d20b 39                     LD20B: 	RTS 					;
6047                             								;--------------------------------------------------
6048                             								;--------------------------------------------------
6049                             								; SPARK OUTPUT ROUTINE
6050                             								;
6051                             								; BUA, TYPE $32 ECM P/N 1227165
6052                             								;--------------------------------------------------
6053 d20c 33                     LD20C: 	PULB 					;
6054 d20d 33                     		PULB 					;
6055 d20e f0 c0 1d               LD20E: 	SUBB LC01D 				; Time Corr for Spark, Aprox 200 usec
6056 d211 82 00                  		SBCA #0			
6057 d213 37                     		PSHB 					;
6058 d214 36                     		PSHA 					;
6059 d215 30                     		TSX 					;
6060                             								;------------------------
6061                             								; LMT SPK ADV INCREASE TO
6062                             								; DRP PERIOD/16
6063                             								;------------------------
6064 d216 4f                     		CLRA 					;
6065 d217 5f                     		CLRB 					;
6066 d218 93 95                  		SUBD $95 				; Current Minor LP Ref Period fm MPU
6067 d21a 04                     		LSRD 					; TIME/16
6068 d21b 04                     		LSRD 					;
6069 d21c 04                     		LSRD 					;
6070 d21d 04                     		LSRD 					;
6071 d21e 8a f0                  		ORAA #$F0 				; MASK FOR MSB
6072 d220 f3 3f f6               		ADDD $3FF6 				; Time Fm Ref to Fire IGN Cnt'r
6073 d223 a3 00                  		SUBD 0,X 				;
6074 d225 2b 1c                  		BMI LD243 				;
6075                             								; ... else
6076 d227 e3 00                  		ADDD 0,X 				;
6077 d229 ed 00                  		STD 0,X 				;
6078 d22b 05                     		ASLD 					;
6079 d22c dc 95                  		LDD $95 				; Current Minor LP Ref Period
6080 d22e 24 0b                  		BCC LD23B 				;
6081                             								; ... else
6082 d230 43                     		COMA 					;
6083 d231 53                     		COMB 					;
6084 d232 c3 00 01               		ADDD #1 				;
6085 d235 a3 00                  		SUBD 0,X 				;
6086 d237 24 06                  		BCC LD23F 				;
6087                             								; ... else
6088 d239 20 08                  		BRA LD243 				;
6089 d23b a3 00                  LD23B: 	SUBD 0,X 				;
6090 d23d 24 04                  		BCC LD243 				;
6091 d23f e3 00                  LD23F: 	ADDD 0,X 				;
6092 d241 ed 00                  		STD 0,X 				;
6093 d243 ec 00                  LD243: 	LDD 0,X 				;
6094 d245 b3 3f f6               		SUBD $3FF6 				; TIME Fm Ref to Fire IGN Cnt'r
6095 d248 8d c1                  		BSR LD20B 				; SHORT DELAY
6096 d24a fd 3f e8               		STD $3FE8 				; CURRENT SPK Fall Cnt'r
6097 d24d 8d bc                  		BSR LD20B 				; SHORT DELAY
6098 d24f f3 3f dc               		ADDD $3FDC 				; SPK Dwell period cnt'r
6099 d252 8d b7                  		BSR LD20B 				; SHORT DELAY
6100 d254 93 9b                  		SUBD $9B 				; Dwell Cnt's to CPU
6101 d256 fd 3f e6               		STD $3FE6 				; SPK Dwell Cnt'r
6102 d259 8d b0                  		BSR LD20B 				; SHORT DELAY
6103 d25b dc 9b                  		LDD $9B 				; Dwell Cnts to MPU
6104 d25d fd 3f dc               		STD $3FDC 				; SPK Dwell period cnt'r
6105 d260 8d a9                  		BSR LD20B 				; SHORT DELAY
6106 d262 32                     		PULA 					;
6107 d263 33                     		PULB 					;
6108 d264 fd 3f f6               		STD $3FF6 				; Time Fm Ref to Fire IGN Cnt'r
6109 d267 96 33                  		LDAA $33 				; MINOR LOOP MD WD 1
6110 d269 85 08                  		BITA #$08 				; b3, 1st DRP BIT = 1 IF 1ST DRP NOW
6111 d26b 27 37                  		BEQ LD2A4 				; BR IF NOT b3, 1st DRP
6112 d26d 85 10                  		BITA #$10 				;
6113 d26f 26 24                  		BNE LD295 				; BR IF b4
6114                             								; ... else
6115                             								;
6116                             								; CK IF ERR 42
6117                             								; SPK MON EANBLED
6118                             								;
6119 d271 f6 c1 d2               		LDAB LC1D2 				; Mask For ERR flag 3
6120 d274 c5 20                  		BITB #$20 				; b5, SKP Monitor error
6121 d276 27 1d                  		BEQ LD295 				; BR IF NOT b5
6122                             								; ... else
6123 d278 d6 34                  		LDAB $34 				;
6124 d27a 58                     		ASLB 					;
6125 d27b 2b 18                  		BMI LD295 				;
6126                             								; ... elseÛM·ÓFòµë(š+myÔÄD2Cƒ “°Ð£ƒSSFf"3b •4„ “°Ð£ƒSSFf2Cb3B ”ÄD"C3B “°Ð£ƒSS"FfR“bc2 ”ÄDDc2 “²”2ÖBvB3 Ð£ƒSS2FfrƒRB ”$•D3B “°Ð£ƒSSBFf’#bSB ”$äRÄDddb “°Ð£ƒSSRFf"ƒR‚ ”$•D3‚ “°Ð£ƒSSbFfB#rS ”$UÄDddb “°Ð£ƒSSrFfb#b" ”ÄDC" “²D•4$ÄR4Å4BÅ”BDÕ Ð£ƒSS‚Ff#"#rr ”$UÄDd$" “°Ð£ƒSS’Ff#B“bc" ”ÄDDc" “²”26çBvÂv÷&@Ð£ƒScFf#bƒBfR ”äD2DdP“°Ð£ƒScFf#‚vRSv" ”¤ÕÄSt" “°Ð£ƒSc"Ff&"b6bÄDd$#¢ ”ÄDC4bÅ‚ “°Ð£ƒSc2Ff&B3R# ”$•D"2C# “°Ð£ƒScBFf&b#r" ”$UÄDd32 “°Ð£ƒScRFf3ƒ •5T$2C “°Ð£ƒScbFf32“ƒBÄDd33¢ ”4ÕCƒB “µE2BôbÆB†–W2f Ð£ƒScrFf3R#R3‚ ”$52ÄDddb “°Ð£ƒSc‚Ff3rƒbc’ ”ÄD2Dc’ “°Ð£ƒSc’Ff3’3R# ”$•D"2C# “°Ð£ƒSsFf6"#b ”$äRÄDd4R “°Ð£ƒSsFf6BFb ”4Å$ “°Ð£ƒSs"Ff6R"CBÄDd4S¢ ”DDCCBÅ‚ “°Ð£ƒSs2FfC“V" ”4ÕCT" “²4ôôÄå@Ð£ƒSsBFfC"#R&" ”$52ÄDddb “°Ð£ƒSsR “²âââVÇ6PÐ£ƒSsbFfCB“b3r ”ÄDC3r “°Ð£ƒSsrFfCbƒBƒ ”äD2Cƒ “²#rÂÔ5R”åUB5DEU2t@Ð£ƒSs‚ “²ô24ôÕäõBôàÐ£ƒSs’FfC‚#b" ”$äRÄDdD2 “²%"”bäõB#pÐ£ƒSƒ “²âââVÇ6PÐ£ƒSƒFfF3 ””å2 “°Ð£ƒSƒ"FfF"3b •4„ “°Ð£ƒSƒ2FfF2–"c"ÄDdD3¢ ”DDDc" “²”26çBvÂv÷&@Ð£ƒSƒBFfFR& ”%ÂÄDdc “°Ð£ƒSƒR “²âââVÇ6PÐ£ƒSƒbFfSbC" ”ÄDCC"Å‚ “°Ð£ƒSƒrFfS"vB3r •E5BC3r “²5DEU2t@Ð£ƒSƒ‚FfSR&" ”%ÂÄDdS’ “°Ð£ƒSƒ’ “²âââVÇ6PÐ£ƒS“FfSrbC2 ”ÄDCC2Å‚ “°Ð£ƒS“FfS’#bÄDdS“¢ ”4ÕCb “°Ð£ƒS“"FfV2#Rr ”$52ÄSR “°Ð£ƒS“2FfVR#" ”%$ÄS" “°Ð£ƒS“BFfc#bbÄDdc¢ ”ÄDCb “°Ð£ƒS“RFfc2#r ”$UÄSR “°Ð£ƒS“b “²âââVÇ6PÐ£ƒS“rFfcRF ”DT4 “°Ð£ƒS“‚Ffcb#b ”$äRÄS" “°Ð£ƒS“’ “²âââVÇ6PÐ£ƒcFfc‚3BFb ”äD"2DDb “²Ð£ƒcFffvB3r •E5BC3r “²Ô5R”åUB5DEU2t@Ð£ƒc"FffB&2 ”%ÂÄS" “°Ð£ƒc2 “²âââVÇ6PÐ£ƒcBFffbFbÄDddc¢ ”4Å$ “°Ð£ƒcRS6# ”õ$"2C# “²4UB#PÐ£ƒcbS"#rbÄS#¢ •5DCb “°Ð£ƒcrSRCr3BÄSS¢ •5D"C3B “°Ð£ƒc‚Sr“bc" ”ÄDDc" “²”26çBvÂv÷&@Ð£ƒc’S’32 •TÄ" “°Ð£ƒcS3r •4„" “°Ð£ƒcS"VB •E5D" “°Ð£ƒc"S2&‚ ”%ÂÄSb “°Ð£ƒc2 “²âââVÇ6PÐ£ƒcBSRƒBfR ”äD2CdR “°Ð£ƒcRS&"cB ”$Ô’ÄSsb “°Ð£ƒcb “²âââVÇ6PÐ£ƒcrS"†# ”õ$2C# “°Ð£ƒc‚SB#‚ ”%$ÄS$R “°Ð£ƒc’SbƒBFbÄSc¢ ”äD2DDb “°Ð£ƒc#S‚†C ”õ$2CC “°Ð£ƒc#SƒRƒ ”$•D2Cƒ “°Ð£ƒc#"S2#rVB ”$UÄSt" “°Ð£ƒc#2 “²âââVÇ6PÐ£ƒc#BSRcbr ”ÄD"Cr “°Ð£ƒc#RS#S6" ”4Õ"C4"Å‚ “°Ð£ƒc#bS#2#RS ”$52ÄSsb “°Ð£ƒc#r “²âââVÇ6PÐ£ƒc#‚S#Rƒ‚ ”Tõ$2C “°Ð£ƒc#’S#r& ”%ÂÄS32 “°Ð£ƒc3 “²âââVÇ6PÐ£ƒc3S#’Cb&2 ”ÄD"C$2 “²”2&W6VçB÷6—@Ð£ƒc3"S&"cr‚ •5D"C‚ “°Ð£ƒc32S&RvbrÄS$S¢ ”4Å"Cr “°Ð£ƒc3BS3#C2 ”%$ÄSsb “°Ð£ƒc3RS323bÄS33¢ •4„ “°Ð£ƒc3bS3B“b&2 ”ÄDC$2 “²”2&W6VçB÷6—@Ð£ƒc3rS3b#‚ •5T$C‚ “°Ð£ƒc3‚S3’#B ”$42ÄS42 “°Ð£ƒc3’S6"Fb ”4Å$ “°Ð£ƒcCS62Cbc2ÄS43¢ ”ÄD"Dc2 “°Ð£ƒcCS6R&B ”%ÂÄSCB “°Ð£ƒcC" “²âââVÇ6PÐ£ƒcC2SCSb62 ”ÄD"C42Å‚ “°Ð£ƒcCBSC"6B ”ÕTÂ “°Ð£ƒcCRSC2R ”4ÄB “°Ð£ƒcCbSCBSb3‚ÄSCC¢ ”ÄD"C3‚Å‚ “°Ð£ƒcCrSCb ”4$ “°Ð£ƒcC‚SCr#2 ”$Å2ÄSD “°Ð£ƒcC’ “²âââVÇ6PÐ£ƒcSSC’r •D$ “°Ð£ƒcSSFSb3’ÄSD¢ ”ÄD"C3’Å‚ “°Ð£ƒcS"SF2 ”4$ “°Ð£ƒcS2SFB#" ”$„’ÄSS “°Ð£ƒcSB “²âââVÇ6PÐ£ƒcSRSFbr •D$ “°Ð£ƒcSbSSbÄSS¢ •D" “°Ð£ƒcSrSS“&B •5T$C$B “²–FÆR7Bô2çF–0Ð£ƒcS‚SS2#R’ ”$52ÄSTR “°Ð£ƒcS’ “²âââVÇ6PÐ£ƒccSSR6 ”4ÕC4Å‚ “°Ð£ƒccSSr#2R ”$Å2ÄSTR “°Ð£ƒcc" “²âââVÇ6PÐ£ƒcc2SS’Sb6 ”ÄD"C4Å‚ “°Ð£ƒccBSV"r •D$ “°Ð£ƒccRSV2F"&B ”DD"C$B “²–FÆR7Bô2çF–0Ð£ƒccbSVRCr&BÄSTS¢ •5D"C$B “²–FÆR7Bô2çF–0Ð£ƒccrScCbc2 ”ÄD"Dc2 “°Ð£ƒcc‚Sc"&" ”%ÂÄSdb “°Ð£ƒcc’ “²âââVÇ6PÐ£ƒcsScBSb3b ”ÄD"C3bÅ‚ “°Ð£ƒcsScbFB •E5D “°Ð£ƒcs"Scr&R ”%ÂÄSdR “°Ð£ƒcs2Sc’C ”äTt “°Ð£ƒcsBSf6B ”ÕTÂ “°Ð£ƒcsRSf"C ”äTt “°Ð£ƒcsbSf2# ”%$ÄSdb “°Ð£ƒcsrSfR6BÄSdS¢ ”ÕTÂ “°Ð£ƒcs‚Sfb&"RÄSdc¢ ”DDCR “°Ð£ƒcs’Ss"#rR •5DCR “°Ð£ƒcƒSsR3" •TÄ “°Ð£ƒcƒSsbƒBvbÄSsc¢ ”äD2Ctb “²4ÄT"#pÐ£ƒcƒ"Ss‚3 •E5‚ “°Ð£ƒcƒ2Ss’ ”õ$Å‚ “°Ð£ƒcƒBSv"“rc"ÄSt#¢ •5DDc" “²”26çBvÂv÷&@Ð£ƒcƒRSvB3" •TÄ “°Ð£ƒcƒbSvR3’ •%E2 “°Ð£ƒcƒr “²¢¢¢¢¢¢¢¢¢¢¢¢¢¢¢¢¢¢¢¢¢¢¢¢¢¢¢¢¢¢¢¢¢¢¢¢¢¢¢¢¢¢¢¢¢¢¢¢¢¢ Ð£ƒcƒ‚ “²¢¢¢¢¢¢¢¢¢¢¢¢¢¢¢¢¢¢¢¢¢¢¢¢¢¢¢¢¢¢¢¢¢¢¢¢¢¢¢¢¢¢¢¢¢¢¢¢¢¢ Ð£ƒcƒ’ “²¢Ô¤õ"Äôõ5T%$õUD”äR4Tr"Âg726Æ0Ð£ƒc“ “² Ð£ƒc“ “² Ð£ƒc“" “²¢4Ä5TÄDR$ôB5TTB”âÕ€Ð£ƒc“2 “²¢¢¢¢¢¢¢¢¢¢¢¢¢¢¢¢¢¢¢¢¢¢¢¢¢¢¢¢¢¢¢¢¢¢¢¢¢¢¢¢¢¢¢¢¢¢¢¢¢¢ Ð£ƒc“BSvb“b32ÄStc¢ ”ÄDC32 “²Ô”äõ"ÅÔôBtBÐ£ƒc“RSƒƒR ”$•D2C “²#BÂƒÒ”tâôdbÐ£ƒc“bSƒ2#bS ”$äRÄSCb “°Ð£ƒc“r “²âââVÇ6PÐ£ƒc“‚SƒRƒb ”ÄD3c “°Ð£ƒc“’Sƒr“c‚ ”4ÕCc‚ “°Ð£ƒsSƒ’#"b ”$„’ÄS“ “°Ð£ƒsS†"Fb ”4Å$ “°Ð£ƒs"S†2Vb ”4Å$" “°Ð£ƒs2S†BFBcR •5DBCcR “°Ð£ƒsBS†b#3‚ ”%$ÄS3’ “°Ð£ƒsRS“F2f"ÄS“¢ ”ÄDBCd" “°Ð£ƒsbS“2“2c’ •5T$BCc’ “°Ð£ƒsrS“R3r •4„" “°Ð£ƒs‚S“b3b •4„ “°Ð£ƒs’S“r3 •E5‚ “°Ð£ƒsS“‚F2fB ”ÄDBCdB “°Ð£ƒsS–“2f" •5T$BCd" “°Ð£ƒs"S–2S2 ”DDBCÅ‚ “°Ð£ƒs2S–R3‚ •TÅ‚ “°Ð£ƒsBS–bCb •$õ$ “°Ð£ƒsRSSb •$õ$" “°Ð£ƒsbS3r •4„" “°Ð£ƒsrS"3b •4„ “°Ð£ƒs‚S23‚ •TÅ‚ “°Ð£ƒs’SB6262 ”ÄDB2C42 “°Ð£ƒs#Sr&Bc"R ”¥5"Äc#R “²DòbD•b5T%DõUD”äPÐ£ƒs#SFRcR ”ÄE‚CcR “°Ð£ƒs#"S2cb3"ƒB ”ÄD"Ä3#ƒB “²g72f–ÇFW"6öV`Ð£ƒs#2Sb&Bc"S ”¥5"Äc#S “²d”ÅDU"$õUD”äPÐ£ƒs#B “°Ð£ƒs#RS#"FBcR •5DBCcR “°Ð£ƒs#bS#B32ƒ ”DDB2Cƒ “°Ð£ƒs#rS#r#B ”$42ÄS$ “°Ð£ƒs#‚S#’F ”DT4 “°Ð£ƒs#’S&3b6BÄS$¢ ”ÄD"2D4B “°Ð£ƒs3S&26B ”ÕTÂ “°Ð£ƒs3S&B32# ”DDB2C# “°Ð£ƒs3"S3ƒ&b ”4Õ2C$b “°Ð£ƒs32S3"#22 ”$Å2ÄS3r “°Ð£ƒs3BS3B623 ”ÄDB2C3 “°Ð£ƒs3RS3rRÄS3s¢ ”4ÄB “°Ð£ƒs3bS3‚R ”4ÄB “°Ð£ƒs3rS3’Cb"ÄS3“¢ ”ÄD"D" “²e52W'"6çBw Ð£ƒs3‚S6"c3cr ”4Õ"Ä3cr “°Ð£ƒs3’S6R#2B ”$Å2ÄSCB “°Ð£ƒsC “²âââVÇ6PÐ£ƒsCSC#b3bFR ”ÄDÄ3cDR “²4ÔB7VVB&ÐÐ£ƒsC"SC2F2 ””ä4 “°Ð£ƒsC2SCB“rcrÄSCC¢ •5DCcr “²Õ‚òƒbóRÐ£ƒsCBSCb3’ÄSCc¢ •%E2 “°Ð£ƒsCR “²¢¢¢¢¢¢¢¢¢¢¢¢¢¢¢¢¢¢¢¢¢¢¢¢¢¢¢¢¢¢¢¢¢¢¢¢¢¢¢¢¢¢¢¢¢¢¢¢¢¢¢¢¢¢ Ð£ƒsCb “²¢¢¢¢¢¢¢¢¢¢¢¢¢¢¢¢¢¢¢¢¢¢¢¢¢¢¢¢¢¢¢¢¢¢¢¢¢¢¢¢¢¢¢¢¢¢¢¢¢¢¢¢¢¢ Ð£ƒsCr “²¢$äDÂ5t•D4‚$T@Ð£ƒsC‚ “² Ð£ƒsC’ “²¢$UTU5BdÄ”Bdõ"×6V0Ð£ƒsS “² Ð£ƒsS “²¢¢¢¢¢¢¢¢¢¢¢¢¢¢¢¢¢¢¢¢¢¢¢¢¢¢¢¢¢¢¢¢¢¢¢¢¢¢¢¢¢¢¢¢¢¢¢¢¢¢¢¢¢¢ Ð£ƒsS"SCr“b3rÄSCs¢ ”ÄDC3r “²Ô5R”åUB5DEU2t@Ð£ƒsS2SC’CbCR ”ÄD"CCR “²4„eBÕpÐ£ƒsSBSF"Cb •$õ$ “°Ð£ƒsSRSF2Cb •$õ$ “°Ð£ƒsSbSFBCb •$õ$ “°Ð£ƒsSrSFRCb •$õ$ “°Ð£ƒsS‚SFb&"b ”$Ô’ÄSSr “°Ð£ƒsS’ “²âââVÇ6PÐ£ƒscSS3Bcr ”äD"2Dcr “²Ð£ƒscSS2CrCR •5D"CCR “°Ð£ƒsc"SSR#" ”%$ÄS" “°Ð£ƒsc2SSr3R‚ÄSSs¢ ”$•D"2C‚ “²#0Ð£ƒscBSS’#r" ”$UÄSTB “²%"”bäõB#0Ð£ƒscR “²âââVÇ6PÐ£ƒscbSV"ƒBvb ”äD2Ctb “²4Å"#pÐ£ƒscrSVB6‚ÄSTC¢ ”õ$"2C‚ “²#0Ð£ƒsc‚SVbCrCR •5D"CCR “°Ð£ƒsc’ScƒR" ”$•D2C" “²#Ð£ƒssSc2#b2 ”$äRÄS “²%"”b#Ð£ƒss “²âââVÇ6PÐ£ƒss"ScRCbB ”ÄD"CB “²†Ö—76–öâÖöFRv÷&@Ð£ƒss2ScrSr ”5$" “°Ð£ƒssBSc‚#B‚ ”$42ÄS" “°Ð£ƒssR “²âââVÇ6PÐ£ƒssbSfCbcR ”ÄD"CcR “²g72„Õ‚óÐ£ƒssrSf2c3"B ”4Õ"Ä3$B “²VæÆö6²BRÕ‚7BÖâbÆ÷rw'2ÖàÐ£ƒss‚Sfb#" ”$„’ÄS" “²%"”bg72ÅBRÕ€Ð£ƒss’ “²âââVÇ6PÐ£ƒsƒSCBÄS¢ ”Å5$ “°Ð£ƒsƒS"CBÄS#¢ ”Å5$ “°Ð£ƒsƒ"S2ƒBc ”äD2Cc “²Â#Rb#`Ð£ƒsƒ2SRƒRC ”$•D2CC “²#PÐ£ƒsƒBSr#r ”$UÄS “²%"”bäõB#PÐ£ƒsƒR “²âââVÇ6PÐ£ƒsƒbS’F2 ””ä4 “°Ð£ƒsƒrS–BÄS¢ ”õ$CB “²†Ö—76–öâÖöFRv÷&@Ð£ƒsƒ‚S2“rB •5DCB “²†Ö—76–öâÖöFRv÷&@Ð£ƒsƒ’SR ”äõ “°Ð£ƒs“ “²¢¢¢¢¢¢¢¢¢¢¢¢¢¢¢¢¢¢¢¢¢¢¢¢¢¢¢¢¢¢¢¢¢¢¢¢¢¢¢¢¢¢¢¢¢¢¢¢¢¢ Ð£ƒs“ “²¢¢¢¢¢¢¢¢¢¢¢¢¢¢¢¢¢¢¢¢¢¢¢¢¢¢¢¢¢¢¢¢¢¢¢¢¢¢¢¢¢¢¢¢¢¢¢¢¢¢ Ð£ƒs“" “²¢%Òõg72$D”ò4ôDPÐ£ƒs“2 “² Ð£ƒs“B “² Ð£ƒs“R “² Ð£ƒs“b “² Ð£ƒs“r “²¢¢¢¢¢¢¢¢¢¢¢¢¢¢¢¢¢¢¢¢¢¢¢¢¢¢¢¢¢¢¢¢¢¢¢¢¢¢¢¢¢¢¢¢¢¢¢¢¢¢ Ð£ƒs“‚SbFRcR ”ÄE‚CcR “°Ð£ƒs“’S“bSr ”ÄDCSr “°Ð£ƒƒS23b’ ”ÄD"3#R “°Ð£ƒƒSR6B ”ÕTÂ “°Ð£ƒƒ"Sb&Bc"R ”¥5"Äc#R “²DòbD•b5T%DõUD”äPÐ£ƒƒ2S’“r†b •5DC„b “²âõb&F–ðÐ£ƒƒBS"23b‚2 ”%$4Å"C3bC‚ÄS#" “²%"”bäõB#2Â…D42Äô4´TBdõ"54%’Ð£ƒƒR “²âââVÇ6PÐ£ƒƒbSbvRS"C ”¤ÕÄS$C “°Ð£ƒƒrS#"CbBÄS##¢ ”ÄD"CB “²†Ö—76–öâÖöFRv÷&@Ð£ƒƒ‚S#B3BSR ”äD"2DSR “²Ð£ƒƒ’S#b3Rƒ ”$•D"2Cƒ “²#rÂôB5D•dPÐ£ƒƒS#‚#r#r ”$UÄSS “²%"”bäõB#pÐ£ƒƒ “²âââVÇ6PÐ£ƒƒ"S&#3"ƒr ”4ÕÄ3#ƒr “²3RÂ7BvV"fÀÐ£ƒƒ2S&B#RB ”$52ÄSC2 “°Ð£ƒƒB “²âââVÇ6PÐ£ƒƒRS&b#b&2 ”ÄDC$2 “°Ð£ƒƒbS3"#br ”$äRÄSD" “°Ð£ƒƒr “²âââVÇ6PÐ£ƒƒ‚S3B6 ”õ$"2C “²4UB#@Ð£ƒƒ’S3b“bB ”ÄDCB “²†Ö—76–öâÖöFRv÷&@Ð£ƒƒ#S3‚ƒR" ”$•D2C" “²#b#BÂ7Bw"F—"b7Bw"ô@Ð£ƒƒ#S6#b&R ”$äRÄSd “²%"”b#Bb#Ð£ƒƒ#" “²âââVÇ6PÐ£ƒƒ#2S62#b3"“b ”ÄDÄ3#“b “²4T2u2Â†’FòÆòvV"Æö6°Ð£ƒƒ#BS6b“r“ •5DC“ “²BÓâ2Fçr6†gBÆ²–çFW'WBF× Ð£ƒƒ#RSC##r ”%$ÄSd “°Ð£ƒƒ#bSC2#b3"†BÄSC3¢ ”ÄDÄ3#„B “²4T2u2Â7BvV"FÇÐ£ƒƒ#rSCb#r&2 •5DC$2 “°Ð£ƒƒ#‚SC’#b ”%$ÄSd “°Ð£ƒƒ#’SF"FÄSD#¢ ”DT4 “°Ð£ƒƒ3SF2#r&2 •5DC$2 “°Ð£ƒƒ3SFb#’ ”%$ÄSd “°Ð£ƒƒ3"SS#b3"†BÄSS¢ ”ÄDÄ3#„B “²4T2u2Â7BvV"FÇÐ£ƒƒ32SSB#r&2 •5DC$2 “°Ð£ƒƒ3BSSr“b†b ”ÄDC„b “°Ð£ƒƒ3RSS’#3"ƒb ”4ÕÄ3#ƒb “²C7BvV"F—&V7B$D”ðÐ£ƒƒ3bSV2#R" ”$52ÄSc “°Ð£ƒƒ3r “²âââVÇ6PÐ£ƒƒ3‚SVR6" ”õ$"2C" “²#ÀÐ£ƒƒ3’Sc#3"ƒ‚ÄSc¢ ”4ÕÄ3#ƒ‚ “²3BÂÖ–âGF‚w& Ð£ƒƒCSc2#RR ”$52ÄSd “°Ð£ƒƒC “²âââVÇ6PÐ£ƒƒC"ScR#3"ƒ’ ”4ÕÄ3#ƒ’ “²3VBÂÖ‚GF‚vV Ð£ƒƒC2Sc‚#2R ”$Å2ÄSdb “°Ð£ƒƒCB “²âââVÇ6PÐ£ƒƒCRSf#b3"†ÄSd¢ ”ÄDÄ3#„ “²GF‚vV"F× Ð£ƒƒCbSfB#’ ”%$ÄSs‚ “°Ð£ƒƒCrSfb“b†RÄSdc¢ ”ÄDC„R “²GF‚w"âõbF× Ð£ƒƒC‚Ss#bB ”$äRÄSsr “°Ð£ƒƒC’ “²âââVÇ6PÐ£ƒƒSSs26‚ ”õ$"2C‚ “²#2ÂED‚tT Ð£ƒƒSSsR#2 ”%$ÄSt “°Ð£ƒƒS"SsrFÄSss¢ ”DT4 “°Ð£ƒƒS2Ss‚“r†RÄSsƒ¢ •5DC„R “²GF‚w"âõbF× Ð£ƒƒSBSvCrBÄSt¢ •5D"CB “²†Ö—76–öâÖöFRv÷&@Ð£ƒƒSRSv2 ”äõ “°Ð£ƒƒSbSvB“bV" ”ÄDCT" “²4ôôÄå@Ð£ƒƒSrSvb#3"ƒR ”4ÕÄ3#ƒR “²S2Â6ööÂF‡&W2f÷"D40Ð£ƒƒS‚Sƒ"#Bb ”$42ÄS“2 “°Ð£ƒƒS’ “²âââVÇ6PÐ£ƒƒc “°Ð£ƒƒc “²4²e"ÔBtBdõ"UDòôÔâ„Ô•4€Ð£ƒƒc" “°Ð£ƒƒc2SƒB#b3B ”ÄDÄ3B “²vWBgVVÂô—"ÖöFRvBÐ£ƒƒcBSƒrƒR ”$•D3 “²#ÂÔâ„Ô•4€Ð£ƒƒcRSƒ’#b" ”$äRÄS„B “²%"”bÔâ„Ô•4€Ð£ƒƒcb “²âââVÇ6PÐ£ƒƒcrS†"3BFb ”äD"2DDb “²4Å"#PÐ£ƒƒc‚S†BVBÄS„C¢ •E5D" “°Ð£ƒƒc’S†R&CB ”%ÂÄSCB “°Ð£ƒƒs “²âââVÇ6PÐ£ƒƒsS“vRS"c" ”¤ÕÄS#c" “°Ð£ƒƒs" “²ÒÒÒÒÒÒÒÒÒÒÒÒÒÒÒÒÒÒÒÒÒÒÒÒÒÒÒÒÒÐÐ£ƒƒs2S“2“bcRÄS“3¢ ”ÄDCcR “°Ð£ƒƒsBS“R3b •4„ “°Ð£ƒƒsR “°Ð£ƒƒsb “²4²e"ÔBdõ"„Ô•4‚$Õ0Ð£ƒƒsr “°Ð£ƒƒs‚S“b#b3B ”ÄDÄ3B “²vWBgVVÂô—"ÖöFRvBÐ£ƒƒs’S“’Cr ”5$ “°Ð£ƒƒƒS–3" •TÄ “°Ð£ƒƒƒS–"#R2 ”$52ÄS’ “°Ð£ƒƒƒ" “²âââVÇ6PÐ£ƒƒƒ2S–B3R# ”$•D"2C# “²#PÐ£ƒƒƒBS–b#r‚ ”$UÄS’ “°Ð£ƒƒƒR “²âââVÇ6PÐ£ƒƒƒbS3BFb ”äD"2DDb “²4Å"#PÐ£ƒƒƒrS2#3"“r •5T$Ä3#“r “²&–2FòÆö6²Væ"F‡&W6‚Âƒ#bÕ‚Ð£ƒƒƒ‚Sb#B ”$42ÄS’ “°Ð£ƒƒƒ’ “²âââVÇ6PÐ£ƒƒ“S‚Fb ”4Å$Ð£ƒƒ“ “²ÒÒÒÒÒÒÒÒÒÒÒÒÒÒÒÒÒÒÒÒÒÒÒÒÒÒÒÒÒÒÒÒÒÒÒÒÒÒÒÒÒÒÒÒÒÒÒÒÒÒÒÒÒÐÐ£ƒƒ“" “²ÔåTÂÒ5BtT"Då4„e@Ð£ƒƒ“2 “²UDòE$å2ÒäôâED‚tT"TäÄô4°Ð£ƒƒ“B “°Ð£ƒƒ“R “²RôbeTÄÂÄôB¢"ãS`Ð£ƒƒ“b “²"TåE$”U0Ð£ƒƒ“r “²ÒÒÒÒÒÒÒÒÒÒÒÒÒÒÒÒÒÒÒÒÒÒÒÒÒÒÒÒÒÒÒÒÒÒÒÒÒÒÒÒÒÒÒÒÒÒÒÒÒÒÒÒÒÐÐ£ƒƒ“‚S’6R3"ÄS“¢ ”ÄE‚2D3$ “²BÕ‚ÂVæÆö6²7B†Öâ’ÂÆòw"„WFòÐ£ƒƒ“’S23R" ”$•D"2C" “²#Bb#Ð£ƒ“SR#b2 ”$äRÄS#2 “²%"”b#Bb#Ð£ƒ“ “²âââVÇ6PÐ£ƒ“"S#6R3"& ”ÄE‚2D3$$ “²VæÆö6²BÕ‚†’w"WFòbæöâ7BÖàÐ£ƒ“2S#23R3ÄS#3¢ ”$•D"2D3 “²#rb#`Ð£ƒ“BS#R#b ”$äRÄS3 “²%"”b#rb#`Ð£ƒ“R “²âââVÇ6PÐ£ƒ“b “²ÒÒÒÒÒÒÒÒÒÒÒÒÒÒÒÒÒÒÒÒÒÒÒÒÒÒÒÒÒÒÒÒÒÒÒÒÒÒÒÒÒÒÒÒÒÒÒÒÒÒÒÒÒÐÐ£ƒ“r “²ÖçVÂÒ7BvV"W6†–g@Ð£ƒ“‚ “²WFòG&ç2ÒæöâGF‚vV"Æö6°Ð£ƒ“’ “°Ð£ƒ“ “²RöbgVÆÂÆöB¢"ãS`Ð£ƒ“ “²ÒÒÒÒÒÒÒÒÒÒÒÒÒÒÒÒÒÒÒÒÒÒÒÒÒÒÒÒÒÒÒÒÒÒÒÒÒÒÒÒÒÒÒÒÒÒÒÒÒÒÒÒÒÐÐ£ƒ“" “°Ð£ƒ“2 “²VæÆö6²BRÕ‚7BÖâbÆ÷rw'2ÖàÐ£ƒ“B “°Ð£ƒ“RS#r6R3"B ”ÄE‚2D3$B “²RÕ‚VæÆö6²Â7BÖâbÆ÷rw'2ÖàÐ£ƒ“bS&3R‚ ”$•D"2C‚ “²#0Ð£ƒ“rS&2#r2 ”$UÄS3 “²%"”bäõB#0Ð£ƒ“‚ “²âââVÇ6PÐ£ƒ“’ “²ÒÒÒÒÒÒÒÒÒÒÒÒÒÒÒÒÒÒÒÒÒÒÒÒÒÒÒÒÒÒÒÒÒÒÒÒÒÒÒÒÒÒÒÒÒÒÒÒÒÒÒÒÐÐ£ƒ“# “²ÖçVÂÒED‚vV"W6†–g@Ð£ƒ“# “²WFòG&ç2ÒGF‚vV"Æö6°Ð£ƒ“#" “°Ð£ƒ“#2 “²F&ÆRfÂÒ7BgVÆÂÆB¢ƒ#SbóÐ£ƒ“#B “²ÒÒÒÒÒÒÒÒÒÒÒÒÒÒÒÒÒÒÒÒÒÒÒÒÒÒÒÒÒÒÒÒÒÒÒÒÒÒÒÒÒÒÒÒÒÒÒÒÒÒÒÒÐÐ£ƒ“#R “°Ð£ƒ“#b “²RÕ‚Ö–âÆ²†’vV"WFòbæöâ7BÖàÐ£ƒ“#r “°Ð£ƒ“#‚S&R6R3"3r ”ÄE‚2D3$3r “²RÕ‚Ö–âÆ²†’vV"WFò`Ð£ƒ“#’ “²æöâ7BÖàÐ£ƒ“3S3vB“ÄS3¢ •E5BC“ “²BÓ2Fçr6†gBÆ²–çFW'WBF× Ð£ƒ“3S3B#r2 ”$UÄS3’ “°Ð£ƒ“3" “²âââVÇ6PÐ£ƒ“32S3bvRS"†b ”¤ÕÄS#„b “°Ð£ƒ“3BS3’3RÄS3“¢ ”$•D"2C “²# Ð£ƒ“3RS6"#rr ”$UÄSCB “²%"”bäõB# Ð£ƒ“3b “²âââVÇ6PÐ£ƒ“3rS6B ”4ÕÅ‚ “°Ð£ƒ“3‚S6b‚ ””å‚ “²”ä5"”äDU€Ð£ƒ“3’SC#BR ”$42ÄSCr “²%"”`Ð£ƒ“C “²âââVÇ6PÐ£ƒ“CSC"6b ”õ$"2Cb “°Ð£ƒ“C"SCBvRS"vRÄSCC¢ ”¤ÕÄS#tR “°Ð£ƒ“C2 “²ÒÒÒÒÒÒÒÒÒÒÒÒÒÒÒÒÒÒÒÒÒÒÒÒÒÒÒÒÒÒÒÒÒÒÒÒÒÒÒÒÒÒÒÒÒÒÒÒÒÒÐÐ£ƒ“CBSCr3R"ÄSCs¢ ”$•D"2C" “²#ÀÐ£ƒ“CRSC’#rR ”$UÄSc “²%"”bäõB#Ð£ƒ“Cb “²âââVÇ6PÐ£ƒ“CrSF"6B ”õ$"3B “²#"ÀÐ£ƒ“C‚SFB3R3 ”$•D"2D3 “²#rb#`Ð£ƒ“C’SFb#bb ”$äRÄSc “²%"”b#rb#`Ð£ƒ“S “²âââVÇ6PÐ£ƒ“SSS3RB ”$•D"2CB “°Ð£ƒ“S"SS2#rb ”$UÄSd" “²%"”bäõB# Ð£ƒ“S2 “²âââVÇ6PÐ£ƒ“SBSSR#b3"†" ”ÄDÄ3#„" “²RE2ÂÆ²†VB7Bu Ð£ƒ“SRSS‚“ƒ" ”4ÕCƒ" “²E2ÆB†—2f Ð£ƒ“SbSV#Bb ”$42ÄSd" “°Ð£ƒ“Sr “²âââVÇ6PÐ£ƒ“S‚SV23Bf" ”äD"2Dd" “²Ð£ƒ“S’SVR#S ”%$ÄS#C “°Ð£ƒ“cSc3RBÄSc¢ ”$•D"2CB “²# Ð£ƒ“cSc"#rr ”$UÄSd" “²%"”bäõB# Ð£ƒ“c" “²âââVÇ6PÐ£ƒ“c2ScB6ƒ ”õ$"2Cƒ “²#rÂôB5D•dPÐ£ƒ“cBScb3Bf" ”äD"2Dd" “²4Å"# Ð£ƒ“cRSc‚6R3"&" ”ÄE‚2D3$$" “°Ð£ƒ“cbSf"CrBÄSd#¢ •5D"CB “²†Ö—76–öâÖöFRv÷&@Ð£ƒ“crSfBcb3"†b ”ÄD"Ä3#„b “²&B7B6ö7BÂ3"Õ€Ð£ƒ“c‚S#“bCR ”ÄDCCR “°Ð£ƒ“c’S#"ƒR ”$•D2C “²#@Ð£ƒ“sS#B#bB ”$äRÄS# “²%"”b#@Ð£ƒ“s “²âââVÇ6PÐ£ƒ“s"S#b6"R ”DD"3R “²RÕ‚…•5@Ð£ƒ“s2S#‚#RB ”$52ÄS#R “²%"”bõdU$dÄõpÐ£ƒ“sB “²âââVÇ6PÐ£ƒ“sRS#CcRÄS#¢ ”4Õ"CcR “²4²g70Ð£ƒ“sbS#2#2r ”$Å2ÄS#R “²%"”bg72ÅB3"³RÕ‚„4ô5BÐ£ƒ“sr “²âââVÇ6PÐ£ƒ“s‚S#RƒBVbÄS#S¢ ”äD2DTb “²4Å"#@Ð£ƒ“s’S#cb3"“ ”ÄD"Ä3#“ “°Ð£ƒ“ƒS#2#R ”%$ÄS# “°Ð£ƒ“ƒS#R†ÄS#S¢ ”õ$2C “²#@Ð£ƒ“ƒ"S#rcb3"“ ”ÄD"Ä3#“ “²†’Õ‚6ö7BE0Ð£ƒ“ƒ2S#“rCRÄS#¢ •5DCCR “°Ð£ƒ“ƒBS#2“bB ”ÄDCB “²†Ö—76–öâÖöFRv÷&@Ð£ƒ“ƒRS#R3b •4„ “°Ð£ƒ“ƒbS#b&b ”%ÂÄS##r “°Ð£ƒ“ƒr “²âââVÇ6PÐ£ƒ“ƒ‚S##c3"†R •5T$"Ä3#„R “²‡—7Bf÷"D40Ð£ƒ“ƒ’S##B#B ”$42ÄS##r “°Ð£ƒ““ “²ââââVÇ6PÐ£ƒ““S##bVb ”4Å$" “°Ð£ƒ““"S##r“bƒ"ÄS##s¢ ”ÄDCƒ" “²E2ÆB†—2f Ð£ƒ““2S##’ ”4$ “°Ð£ƒ““BS#&32 •TÄ" “°Ð£ƒ““RS#&"#R3 ”$52ÄS#TR “°Ð£ƒ““b “²âââVÇ6PÐ£ƒ““rS#&B3R3 ”$•D"2D3 “²#rb#`Ð£ƒ““‚S#&b#rB ”$UÄS#CR “²%"”bäõB#rb#`Ð£ƒ““’ “²âââVÇ6PÐ£“S#3&BS"&R ”¥5"ÄS$$R “°Ð£“S#3B#R#‚ ”$52ÄS#TR “°Ð£“" “²âââVÇ6PÐ£“2S#3b3R# ”$•D"2C# “²#PÐ£“BS#3‚#r# ”$UÄS#T “²%"”bäõB#PÐ£“R “²âââVÇ6PÐ£“bS#6“bSr ”ÄDCSr “°Ð£“rS#62#3"“" ”4ÕÄ3#“" “²¶–6²Fâ&WfVçB…6†–gFW"7rÐ£“‚S#6b#"CB ”$„’ÄS#ƒR “°Ð£“’ “²âââVÇ6PÐ£“S#C3BfRÄS#C¢ ”äD"2DdR “²4Å"# Ð£“S#C2#&B ”%$ÄS#s" “°Ð£“" “°Ð£“2 “°Ð£“B “°Ð£“RS#CR#b3BÄS#CS¢ ”ÄDÄ3B “²vWBgVVÂô—"ÖöFRvBÐ£“bS#C‚Cr ”5$ “²4„”eB$”t…@Ð£“rS#C’#B" ”$42ÄS#Sb “°Ð£“‚ “²âââVÇ6PÐ£“’S#F"r •D$ “°Ð£“#S#F23R‚ ”$•D"2C‚ “²#0Ð£“#S#FR#bb ”$äRÄS#Sb “°Ð£“#" “²âââVÇ6PÐ£“#2S#SƒBb ”äD2Cb “²4Å"ÄÂU„4UB#b# Ð£“#B “²âââVÇ6PÐ£“#RS#S"ƒb ”4Õ2Cb “°Ð£“#bS#SB#b2 ”$äRÄS#s" “°Ð£“#r “²âââVÇ6PÐ£“#‚S#Sb†BcbÄS#Sc¢ ”%5"ÄS$$R “°Ð£“#’S#S‚#2‚ ”$Å2ÄS#s" “°Ð£“3 “²âââVÇ6PÐ£“3S#V6ƒÄS#T¢ ”õ$"2Cƒ “²4UB#rb# Ð£“3"S#V2##r ”%$ÄS#ƒR “°Ð£“32S#VR3RƒÄS#TS¢ ”$•D"2Cƒ “²#pÐ£“3BS#c#r ”$UÄS#s" “²%"”bäõB#pÐ£“3R “²âââVÇ6PÐ£“3bS#c"“bSrÄS#c#¢ ”ÄDCSr “°Ð£“3rS#cB3R" ”$•D"2C" “²#Bb#Ð£“3‚S#cb#rR ”$UÄS#dB “²$R”`Ð£“3’ “²âââVÇ6PÐ£“CS#c‚#3"“B ”4ÕÄ3#“B “²¶–6²FâõVæÆö6²E2&WbvçB%ÒÀÐ£“C “²ƒ3#%ÒÐ£“C"S#f"#2 ”%$ÄS#s “°Ð£“C2S#fB#3"“2ÄS#dC¢ ”4ÕÄ3#“2 “²¶–6²FâõVæÆö6²E2%ÒÂƒ3#%ÒÐ£“CBS#s#"rÄS#s¢ ”$„’ÄS#s’ “²%"”b%ÒÅBD…$U4‚u0Ð£“CR “²âââVÇ6PÐ£“CbS#s"“bcRÄS#s#¢ ”ÄDCcR “²5U%$TåBg70Ð£“CrS#sB#3"“R ”4ÕÄ3#“R “²Ö–âe52ÂƒcÕ‚’f÷"f÷&6RW6†–g@Ð£“C‚S#sr#2R ”$Å2ÄS#tR “²%"”bg72uBcÕ€Ð£“C’ “²âââVÇ6PÐ£“SS#s’vb†BÄS#s“¢ ”4Å"C„B “²4Å"D42Ä²FÇ’F× Ð£“SS#v2#F2 ”%$ÄS#T “²U„•@Ð£“S"S#vR3BvbÄS#tS¢ ”äD"2Ctb “²4Å"#pÐ£“S2S#ƒ#b3"†2 ”ÄDÄ3#„2 “²6V2w2ÂW6†gBÆ²FVÆÐ£“SBS#ƒ2“r†B •5DC„B “²D42Ä²FÇ’F×"Â‚ã6V2Ð£“SRS#ƒR3R#ÄS#ƒS¢ ”$•D"2C# “²#PÐ£“SbS#ƒr#rb ”$UÄS#„b “°Ð£“Sr “²âââVÇ6PÐ£“S‚S#ƒ’3Rƒ ”$•D"2Cƒ “²#pÐ£“S’S#†"#b" ”$äRÄS#„b “²%"”bäõB#pÐ£“c “²âââVÇ6PÐ£“cS#†B3BfR ”äD"2DdR “²4Å"# Ð£“c"S#†b3B–bÄS#„c¢ ”äD"2C”b “²4Å"#Rb#`Ð£“c2S#““b3r ”ÄDC3r “²Ô5R”åUB5DEU2t@Ð£“cBS#“2ƒBFb ”äD2DDb “²4Å"#RÂ…D42Ð£“cRS#“R3b •4„ “°Ð£“cbS#“b“b†B ”ÄDC„B “²D42Ä²FÇ’F×"Â‚ã6V2Ð£“crS#“‚#r ”$UÄS#”" “°Ð£“c‚ “²âââVÇ6PÐ£“c’S#–F ”DT4 “°Ð£“sS#–"“r†BÄS#”#¢ •5DC„B “²D42Ä²FÇ’F×"Â‚ã6V2Ð£“sS#–B“b“ ”ÄDC“ “²BÓ2Fçr6†gBÆ²Óâ–çFW'WBF× Ð£“s"S#–b#rb ”$UÄS$r “°Ð£“s2 “²âââVÇ6PÐ£“sBS&F ”DT4 “°Ð£“sRS&"“r“ •5DC“ “²BÓ2Fçr6†gBÆ²Óâ–çFW'WBF× Ð£“sbS&B3" •TÄ “°Ð£“srS&R# ”%$ÄS$# “°Ð£“s‚S&r“b†BÄS$s¢ ”ÄDC„B “²D42Ä²FÇ’F×"Â‚ã6V2Ð£“s’S&’3" •TÄ “°Ð£“ƒS&#bR ”$äRÄS$# “°Ð£“ƒ “²âââVÇ6PÐ£“ƒ"S&2VB •E5D" “°Ð£“ƒ2S&B&" ”%ÂÄS$# “°Ð£“ƒB “²âââVÇ6PÐ£“ƒRS&b†# ”õ$2C# “²4UB#RÂD42Äô4´T@Ð£“ƒbS&#“r3rÄS$#¢ •5DC3r “²Ô5R”åUB5DEU2t@Ð£“ƒrS&#2CrB •5D"CB “²†Ö—76–öâÖöFRv÷&@Ð£“ƒ‚S&#Rsb3R •$õ"C3R “²Ôå"ÄôõÔBtB Ð£“ƒ’S&#‚Sb •$õ$" “°Ð£““S&#’s’3R •$ôÂC3R “°Ð£““S&&2#2 ”%$ÄS$C “°Ð£““"S&&R3rÄS$$S¢ •4„" “°Ð£““2S&&b“bcR ”ÄDCcR “°Ð£““BS&3ƒcB ”4Õ2CcB “² Ð£““RS&32#2" ”$Å2ÄS$3r “°Ð£““b “²âââVÇ6PÐ£““r “°Ð£““‚ “²6ÆÂ$BÆ²W Ð£““’ “°Ð£“S&3RƒbcB ”ÄD2CcB “²vWBf"f÷"Æ²W Ð£“S&3rC‚ÄS$3s¢ ”4Ä “°Ð£“"S&3‚3b‚ ”ÄD"2C‚ “²öfb6WBf÷"Æ²W Ð£“2S&6&Bc"#’ ”¥5"Äc$#’ “²6ÆÂ$BÆ²W Ð£“BS&6B32 •TÄ" “°Ð£“RS&6R“ƒ" ”4ÕCƒ" “²E2ÆB†—2f Ð£“bS&C3’ •%E2 “°Ð£“r “²¢¢¢¢¢¢¢¢¢¢¢¢¢¢¢¢¢¢¢¢¢¢¢¢¢¢¢¢¢¢¢¢¢¢¢¢¢¢¢¢¢¢¢¢¢¢¢¢¢¢¢¢¢¢ Ð£“‚ “²¢¢¢¢¢¢¢¢¢¢¢¢¢¢¢¢¢¢¢¢¢¢¢¢¢¢¢¢¢¢¢¢¢¢¢¢¢¢¢¢¢¢¢¢¢¢¢¢¢¢¢¢¢¢ Ð£“’ “²¢4%24„”eBÄ”t…B4ôDPÐ£“ “² Ð£“ “²¢F†—26öFRFò&÷f–FR6†–gB66†VGVÆRf÷"&W7@Ð£“" “²¢gVVÂV6öæö×’àÐ£“2 “² Ð£“B “²¢¢¢¢¢¢¢¢¢¢¢¢¢¢¢¢¢¢¢¢¢¢¢¢¢¢¢¢¢¢¢¢¢¢¢¢¢¢¢¢¢¢¢¢¢¢¢¢¢¢¢¢¢¢ Ð£“R “°Ð£“b “²TÅ2dõ"4„T4²TärÄ”t…@Ð£“r “°Ð£“‚S&C“bV"ÄS$C¢ ”ÄDCT" “²4ôôÄå@Ð£“’S&C2#3"CB ”4ÕÄ3$CB “²S2Â6ööÂFV×f÷"6†–gBÆ—FPÐ£“#S&Cb#2fb ”$Å2ÄS3Cr “°Ð£“# “²âââVÇ6PÐ£“#"S&C‚“bcR ”ÄDCcR “°Ð£“#2S&F#3"CR ”4ÕÄ3$CR “²CÕ‚ÂÆ×Bf÷"6²6†–gBÆ× Ð£“#BS&FB#2c‚ ”$Å2ÄS3Cr “°Ð£“#R “²âââVÇ6PÐ£“#bS&Fb“bƒ" ”ÄDCƒ" “²RÂE2ÆB†—2f Ð£“#rS&S#3"Cb ”4ÕÄ3$Cb “²E2Ö–âfÂf÷"Æ—FPÐ£“#‚S&SB#Rc ”$52ÄS3Cr “°Ð£“#’ “²âââVÇ6PÐ£“3S&Sb“bc2 ”ÄDCc2 “²f–ÇFW&VBÆBfÇVPÐ£“3S&S‚#3"Cr ”4ÕÄ3$Cr “²ÂÆBfÂf÷"6†–gBÆ—FRöàÐ£“3"S&V"#2V ”$Å2ÄS3Cr “°Ð£“32 “²âââVÇ6PÐ£“3BS&VB“b†b ”ÄDC„b “°Ð£“3RS&Vb#3"ƒ‚ ”4ÕÄ3#ƒ‚ “²3BÂÖ–âGF‚w"&ÐÐ£“3bS&c"#2S2 ”$Å2ÄS3Cr “°Ð£“3r “²âââVÇ6PÐ£“3‚ “°Ð£“3’ “²4²4„”eBÄ”t…B†’öÆò%ÒTÅ0Ð£“C “°Ð£“CS&cB“bSr ”ÄDCSr “°Ð£“C"S&cb6R3"C‚ ”ÄE‚2D3$C‚ “²”äDU‚"Æ–æR„”t‚%Ò…•5BD$ÀÐ£“C2 “°Ð£“CBS&c’23Rƒ2 ”%$4Å"C3RCƒÄS3 “²%"”bäõB#rÂ„õdU$E$•dRôâÐ£“CR “²âââVÇ6PÐ£“CbS&fB6R3"S ”ÄE‚2D3$S “²”äDU‚"Ä”äRÄõr%Ò…•5BD$ÀÐ£“CrS3ÄS3¢ ”4ÕÅ‚ “²Æ—FRöfbÂc#R%ÐÐ£“C‚S3"#2C2 ”$Å2ÄS3Cr “°Ð£“C’ “²âââVÇ6PÐ£“SS3B ”4ÕÅ‚ “²Æ—FRöfbÂS%ÐÐ£“SS3b#2B ”$Å2ÄS3R “°Ð£“S" “²âââVÇ6PÐ£“S2S3‚6R ”ÄE‚3 “°Ð£“SBS3"Fb“ •5E‚C“ “²W'"Æ×öâFÇÐ£“SRS3BB3Rƒ ”%4UBC3RCƒ “²4UB#rÂ„õdU$E$•dRôâÐ£“SbS3B3b ”%4UBC3bC “²4UB#BÂ…4„”eBÄ”t…BDTÄ’5D%DTBÐ£“SrS32#3‚ ”%$ÄS3DB “°Ð£“S‚ “°Ð£“S’ “´6ÆÂ$BÆ²W Ð£“c “°Ð£“cS3R3bÄS3S¢ ”ÄD"2C “²öfg6WBfÇVRf÷"Æ²W Ð£“c"S3rCB ”Å5$ “²âó Ð£“c2S3‚‚ ””å‚ “²”äDU‚ÅõõòôÅõõòF&ÆRFG Ð£“cBS3’‚ ””å‚ “°Ð£“cRS3&Bc"#’ ”¥5"Äc$#’ “²6ÆÂ$BÆ²W Ð£“cbS3B“ƒ" ”4ÕCƒ" “²E2ÆB†—2f"r÷F&ÆRfÇVPÐ£“crS3b#R#b ”$52ÄS3Cr “°Ð£“c‚ “²ââââVÇ6PÐ£“c’S3#"3bb ”%%4UBC3bCÄS34" “²%"”b#BÂ…4„eBÄ•DRDÅ’5D%DTBÐ£“s “²ââââVÇ6PÐ£“sS3#RB3b ”%4UBC3bC “²4UB#BÂ…4„eBÄ•DRDÅ’5D%DTBÐ£“s" “²ÒÒÒÒÒÒÒÒÒÒÒÒÒÒÒÒÒÒÒÒÒÒÒÒÒÒÒÒÒÒÒÒÒÒÒÒÒÒÒÒÒÒÒÒÐÐ£“s2 “²Ä²UVærÆ—FRöâÖöF–f–W"FÇ’g2RE0Ð£“sB “°Ð£“sR “²F&ÂfÂÒ6V2¢öFVÆ’×VÇ@Ð£“sb “²ÒÒÒÒÒÒÒÒÒÒÒÒÒÒÒÒÒÒÒÒÒÒÒÒÒÒÒÒÒÒÒÒÒÒÒÒÒÒÒÒÒÒÒÒÐÐ£“srS3#‚“bƒ" ”ÄDCƒ" “²E2ÆB†—2f"f÷"Æ²W Ð£“s‚S3&&" ”%ÂÄS3$R “°Ð£“s’ “²âââVÇ6PÐ£“ƒS3&2ƒbƒ ”ÄD2Cƒ “°Ð£“ƒS3&RCBÄS3$S¢ ”Å5$ “°Ð£“ƒ"S3&b6R3"V" ”ÄE‚2D3$T" “²F&ÂFG Ð£“ƒ2S33"&Bc"3b ”¥5"Äc$3b “²&BÆ²WÂ„æòöfg6WBÐ£“ƒBS33Rcb3"V ”ÄD"Ä3$T “°Ð£“ƒRS33‚6B ”ÕTÂ “°Ð£“ƒbS33’FB“ •5DBC“ “²W'"Æ×öâFÇÐ£“ƒrS36"B3RƒÄS34#¢ ”%4UBC3RCƒ “²4UB#rÂ„õdU$E$•dRôâÐ£“ƒ‚S36RFR“ ”ÄE‚C“ “²W'"Æ×öâFÇÐ£“ƒ’S3C#r" ”$UÄS3DB “²%"”b Ð£““ “²ââââVÇ6PÐ£““S3C"’ ”DU‚ “²DT5"U%"Æ×öâFÇÐ£““"S3C2Fb“ •5E‚C“ “²U%"Æ×öâFÇÐ£““2S3CR#2 ”%$ÄS3D “°Ð£““BS3CrR3bÄS3Cs¢ ”$4Å"C3bC “²4Å"#B…4„eBÄ•DRDÅ’5D%DTBÐ£““RS3FR3RƒÄS3D¢ ”$4Å"C3RCƒ “²4Å"#rÂ„õdU$E$•dRôâÐ£““bS3FB3’ÄS3DC¢ •%E2 “°Ð£““r “²¢¢¢¢¢¢¢¢¢¢¢¢¢¢¢¢¢¢¢¢¢¢¢¢¢¢¢¢¢¢¢¢¢¢¢¢¢¢¢¢¢¢¢¢¢¢¢¢¢¢¢¢¢ Ð£““‚ “²¢¢¢¢¢¢¢¢¢¢¢¢¢¢¢¢¢¢¢¢¢¢¢¢¢¢¢¢¢¢¢¢¢¢¢¢¢¢¢¢¢¢¢¢¢¢¢¢¢¢¢¢¢¢ Ð£““’ “²¢Ô¤õ"Äôõ5Tä%$õUD”äR4TrÐ£“# “² Ð£“# “²¢–æ¢—"ÖævÖVç@Ð£“#" “² Ð£“#2 “²¢¢¢¢¢¢¢¢¢¢¢¢¢¢¢¢¢¢¢¢¢¢¢¢¢¢¢¢¢¢¢¢¢¢¢¢¢¢¢¢¢¢¢¢¢¢¢¢¢¢¢¢¢¢ Ð£“#BS3FR6R3"fbÄS3DS¢ ”ÄE‚2D3$db “²ô”åBDò•"”ä¢$Òu0Ð£“#RS3SCbCB ”ÄD"CCB “²bÔôDRtB3 Ð£“#bS3S23Bƒ ”äD"2Cƒ “²#rÂÔ4²dõ"#rÂÒ4Å2Äôõ Ð£“#rS3SRF6B ”õ$"C4B “°Ð£“#‚S3SrCr6B •5D"C4B “°Ð£“#’S3S’“bV" ”ÄDCT" “²4ôôÄå@Ð£“#S3V"2 ”4ÕC2Å‚ “²Cƒ#"Â–b6ööÂÂF2ÂF—fW'@Ð£“#S3VB#Rb ”$52ÄS3cR “°Ð£“#" “²âââVÇ6PÐ£“#2S3Vb“b6" ”ÄDC4" “°Ð£“#BS3cƒRB ”$•D2CB “²# Ð£“#RS3c2#r2 ”$UÄS3c‚ “²%"”bäõB# Ð£“#b “²âââVÇ6PÐ£“#rS3cRvRSB&"ÄS3cS¢ ”¤ÕÄSC$" “°Ð£“#‚S3c‚“bCBÄS3cƒ¢ ”ÄDCCB “²bÔôDRtB3 Ð£“#’S3f&’ ”%ÂÄS3sR “°Ð£“## “²âââVÇ6PÐ£“##S3f2vbf2 ”4Å"Dd2 “°Ð£“##"S3fbbB ”ÄDCBÅ‚ “²Ä342Â–b–â÷VâÇÓâ#RãB6V2gFW Ð£“##2 “²6Æ÷6VBÆö÷ÂF—fW'@Ð£“##BS3s“rfB •5DDdB “°Ð£“##RS3s2##R ”%$ÄS3” “°Ð£“##bS3sRVBÄS3sS¢ •E5D" “°Ð£“##rS3sb&r ”%ÂÄS3tb “°Ð£“##‚ “²âââVÇ6PÐ£“##’S3s‚“bfB ”ÄDDdB “°Ð£“#3S3v#rS’ ”$UÄS3cR “°Ð£“#3 “²âââVÇ6PÐ£“#3"S3v2F ”DT4 “°Ð£“#32S3vB“rfB •5DDdB “°Ð£“#3BS3vb23BƒrÄS3tc¢ ”%$4Å"C3BCƒÄS3” “²%"”bäõB#rÂTär%Tää”ärdÄpÐ£“#3R “²âââVÇ6PÐ£“#3bS3ƒ2Cbf2 ”ÄD"Dd2 “°Ð£“#3rS3ƒR“bf" ”ÄDDd" “°Ð£“#3‚S3ƒr“c2 •5T$Cc2 “²d”ÅDU$TBÄBdÅTPÐ£“#3’S3ƒ’#2b ”$Å2ÄS3“ “°Ð£“#C “²âââVÇ6PÐ£“#CS3†"" ”4ÕC"Å‚ “²Ä33ÂVæ&ÆR—"Fò6öçb–b–â÷VâÇ Ð£“#C" “²b×6V2G&÷–âBdÂÂåBâcBv×2õ0Ð£“#C2S3†B#2" ”$Å2ÄS3“ “°Ð£“#CBS3†bSbr ”ÄD"rÅ‚ “²Ä33bÂVæ&ÆR—"Fò6öçb–bâ4T0Ð£“#CR “²6–æ6RÆ7BæVrFVÇFÅc‚â—2ÀÐ£“#CbS3“VBÄS3“¢ •E5D" “°Ð£“#CrS3“"#rb ”$UÄS3” “°Ð£“#C‚ “²âââVÇ6PÐ£“#C’S3“BV ”DT4" “°Ð£“#SS3“RCrf2 •5D"Dd2 “°Ð£“#SS3“rvRSBR ”¤ÕÄSCR “°Ð£“#S"S3–CbSbÄS3”¢ ”ÄD"CSb “²%Òó#PÐ£“#S2S3–2Sb ”4Õ"bÅ‚ “²F—fW'B–b6öçBâC%ÒbF–ÖRàÐ£“#SBS3–R#2" ”$Å2ÄS4" “°Ð£“#SR “²âââVÇ6PÐ£“#SbS6Cbcb ”ÄD"Dcb “°Ð£“#SrS6"S ”4Õ"Å‚ “°Ð£“#S‚S6B#"6 ”$„’ÄS4S “°Ð£“#S’ “²âââVÇ6PÐ£“#cS6bV2 ””ä4" “°Ð£“#cS6r#b2 ”$äRÄS42 “°Ð£“#c" “²âââVÇ6PÐ£“#c2S6’#2 ”%$ÄS4R “°Ð£“#cBS6"VbÄS4#¢ ”4Å$" “°Ð£“#cRS62CrcbÄS43¢ •5D"Dcb “°Ð£“#cbS6R“bC2ÄS4S¢ ”ÄDCC2 “²bÔôDRt@Ð£“#crS6#ƒR# ”$•D2C# “²#RÂu"Tå"•25D•dPÐ£“#c‚S6#"#r" ”$UÄS4$b “²%"”bäõB#PÐ£“#c’ “²âââVÇ6PÐ£“#sS6#BCbfR ”ÄD"DdR “°Ð£“#sS6#bS ”4Õ"Å‚ “°Ð£“#s"S6#‚#r#b ”$UÄS4S “°Ð£“#s2 “²âââVÇ6PÐ£“#sBS6&V2 ””ä4" “°Ð£“#sRS6&"CrfR •5D"DdR “°Ð£“#sbS6&B#S’ ”%$ÄSC‚ “°Ð£“#srS6&bvbfRÄS4$c¢ ”4Å"DdR “°Ð£“#s‚S63"FRcr ”ÄE‚Dcr “°Ð£“#s’S63BCbs2 ”ÄD"Cs2 “°Ð£“#ƒS63bc32 ”4Õ"Ä33 “²–bf–ÇFW&VBó"âsS"ÕdD2f÷"õõðÐ£“#ƒ “²F†VâF—fW'@Ð£“#ƒ"S63’#2‚ ”$Å2ÄS4C2 “°Ð£“#ƒ2 “²âââVÇ6PÐ£“#ƒBS66"&2322 ”5‚Ä332 “°Ð£“#ƒRS66R#B2 ”$42ÄS4D2 “°Ð£“#ƒb “²âââVÇ6PÐ£“#ƒrS6C‚ ””å‚ “°Ð£“#ƒ‚S6C#R ”%$ÄS4C‚ “°Ð£“#ƒ’S6C2FRcrÄS4C3¢ ”ÄE‚Dcr “°Ð£“#“S6CR#r" ”$UÄS4S" “°Ð£“#“S6Cr’ ”DU‚ “°Ð£“#“"S6C‚FbcrÄS4Cƒ¢ •5E‚Dcr “°Ð£“#“2S6F# ”%$ÄS4Sb “°Ð£“#“BS6F2†ÄS4D3¢ ”õ$2C “²4UB#Â•"”ä¢D•dU%@Ð£“#“RS6FR“rC2 •5DCC2 “²bÔôDRt@Ð£“#“bS6S#C’ÄS4S¢ ”%$ÄSC$" “°Ð£“#“rS6S"ƒBfRÄS4S#¢ ”äD2DdR “²4Å"#Â•"”ä¢D•dU%@Ð£“#“‚S6SB“rC2 •5DCC2 “²bÔôDRt@Ð£“#“’S6SbCbÄS4Sc¢ •$õ$ “°Ð£“3S6Sr#RC" ”$52ÄSC$" “°Ð£“3 “²âââVÇ6PÐ£“3"S6S’c32" ”4Õ"Ä33" “²–bf–ÇFW&VBó"â#CrÕdD2b”â4Å2Å Ð£“32 “²F†VâF—fW'@Ð£“3BS6V2#BB ”$42ÄS4c" “°Ð£“3R “²âââVÇ6PÐ£“3bS6VR“bCB ”ÄDCCB “²bÔôDRtB3 Ð£“3rS6c&"R ”$Ô’ÄS4cr “°Ð£“3‚ “²âââVÇ6PÐ£“3’S6c"6RÄS4c#¢ ”ÄE‚2C “°Ð£“3S6cR#‚ ”%$ÄS4db “°Ð£“3S6crFRc’ÄS4cs¢ ”ÄE‚Dc’ “²$”4‚õ"ÄTâó"D•bD”ÔU Ð£“3"S6c’&2322 ”5‚Ä332 “²#Â#6V2&–6‚÷"ÆVâó"F—bF–ÖW Ð£“32S6f2#"&B ”$„’ÄSC$" “²%"”bD”ÔRÅB#6V0Ð£“3B “²âââVÇ6PÐ£“3RS6fR‚ ””å‚ “²”ä5"DÕ Ð£“3bS6fbFbc’ÄS4dc¢ •5E‚Dc’ “²$”4‚õ"ÄTâó"D•bD”ÔU Ð£“3rSC“bc2 ”ÄDCc2 “²f–ÇFW&VBÆBfÇVPÐ£“3‚SC2#32r ”4ÕÄ33r “²–bÅc‚Â#RF†VâF—fW'@Ð£“3’SCb#R#2 ”$52ÄSC$" “°Ð£“3# “²âââVÇ6PÐ£“3#SC‚#32‚ ”4ÕÄ33‚ “²–bÅc‚âbÕ‚âF—fW'B— Ð£“3#"SC"#2r ”$Å2ÄSCB “°Ð£“3#2 “²âââVÇ6PÐ£“3#BSCB“bcR ”ÄDCcR “²5U%$TåBg70Ð£“3#RSCb#32’ ”4ÕÄ33’ “²–bâcÕ‚bÅc‚âF†VâF—fW'B• Ð£“3#bSC"#"r ”$„’ÄSC$" “°Ð£“3#r “²âââVÇ6PÐ£“3#‚SCBCb6BÄSCC¢ ”ÄD"C4B “°Ð£“3#’SCb&"b ”$Ô’ÄSCR “°Ð£“33 “²âââVÇ6PÐ£“33SC‚Cb6RÄSCƒ¢ ”ÄD"C4R “°Ð£“33"SC6b ”õ$"2Cb “²#b# Ð£“332SC2# ”%$ÄSC$b “°Ð£“33BSCRCb6RÄSCS¢ ”ÄD"C4R “°Ð£“33R “°Ð£“33b “²4²e"ÔBtBdõ"åTÒôb•"dÅdU0Ð£“33r “°Ð£“33‚SC##b3R ”ÄDÄ3R “²CBÂe"ÖöFRvB Ð£“33’SC#2#rb ”$UÄSC$" “²%"–b¦W&òÂ•"dÅdPÐ£“3C “²âââVÇ6PÐ£“3CSC#R3Bf" ”äD"2Dd" “²4Å"#"ÀÐ£“3C"SC#r6" ”õ$"2C" “²4UB#ÂÒ"•"dÅdU2”âU4PÐ£“3C2SC#’#B ”%$ÄSC$b “°Ð£“3CBSC&"Cb6RÄSC$#¢ ”ÄD"C4R “°Ð£“3CRSC&B3Bc’ ”äD"2Dc’ “²4Å"#b# Ð£“3CbSC&bCr6RÄSC$c¢ •5D"C4R “°Ð£“3CrSC3“bc2 ”ÄDCc2 “²d”ÅBÄBdÅTPÐ£“3C‚SC32“rf" •5DDd" “°Ð£“3C’SC3R3’ •%E2 “°Ð£“3S “²ÒÒÒÒÒÒÒÒÒÒÒÒÒÒÒÒÒÒÒÒÒÒÒÒÒÒÒÒÒÒÒÒÒÒÒÒÐÐ£“3SSC3b23BƒBÄSC3c¢ ”%$4Å"C3BCƒÄSCDR “²%"”bäõB#pÐ£“3S" “²âââVÇ6PÐ£“3S2SC623‚ƒ ”%$4Å"C3‚CƒÄSCDR “²%"”bäõB#pÐ£“3SB “²âââVÇ6PÐ£“3SRSC6RCbFb ”ÄD"DDb “²çVÒöb7–æ2VÇ6W26–æ6R66VÂVç Ð£“3SbSCCCCr ”4Õ"DCr “²çVÒöb7–æ2VÇ6W2FòFðÐ£“3SrSCC"#RB ”$52ÄSCS “²%"”bDòDòråBâDôäRdÂ„2eTTÂÐ£“3S‚ “²âââVÇ6PÐ£“3S’SCCB"3‚Cb ”%%4UBC3‚CCÄSCDR “²%"”b#bÀÐ£“3cSCC‚vbFb ”4Å"DDb “²çVÒöb7–æ2VÇ6W26–æ6R66VÂVç Ð£“3cSCF"R3‚ƒ ”$4Å"C3‚Cƒ “²4Å"#pÐ£“3c"SCFRvRSBBÄSCDS¢ ”¤ÕÄSDB “°Ð£“3c2 “²¢¢¢¢¢¢¢¢¢¢¢¢¢¢¢¢¢¢¢¢¢¢¢¢¢¢¢¢¢¢¢¢¢¢¢¢¢¢¢¢¢¢¢¢¢¢¢¢¢¢ Ð£“3cB “²¢¢¢¢¢¢¢¢¢¢¢¢¢¢¢¢¢¢¢¢¢¢¢¢¢¢¢¢¢¢¢¢¢¢¢¢¢¢¢¢¢¢¢¢¢¢¢¢¢¢ Ð£“3cR “²¢66VÂVç&–6†ÖVçBf7F÷"R%r”ä¢ƒÓBÐ£“3cb “²¢„5”ä2eTTÂ4ôDRdõ"D•4dbE2b5DÄÂ5e"Ð£“3cr “² Ð£“3c‚ “² Ð£“3c’ “²¢”äDU„TBÄ²UÂ‚Ä”äU0Ð£“3s “² Ð£“3s “²¢D$ÂÒd5Dõ"¢c@Ð£“3s" “²¢¢¢¢¢¢¢¢¢¢¢¢¢¢¢¢¢¢¢¢¢¢¢¢¢¢¢¢¢¢¢¢¢¢¢¢¢¢¢¢¢¢¢¢¢¢¢¢¢¢ Ð£“3s2SCSv2FbÄSCS¢ ””ä2DDb “²çVÒöb7–æ2VÇ6W26–æ6R66VÂVç Ð£“3sBSCSB3r ”4Õ"3r “²Ô‚ôb‚TÅ4U0Ð£“3sRSCSb#2" ”$Å2ÄSCT “²%"”b4õTåBuBpÐ£“3sb “²âââVÇ6PÐ£“3srSCS‚3br ”ÄD"3r “²U4RÔ‚dõ"Ä²U Ð£“3s‚SCV6R32RÄSCT¢ ”ÄE‚2D33R “²D$ÂDE$U50Ð£“3s’SCVB6 ”%‚ “²D¢D$Âô”åDU Ð£“3ƒSCVRb ”ÄDÅ‚ “²tUBdÂdÒD$ÀÐ£“3ƒSCc3b •4„ “²4dRDò5E€Ð£“3ƒ"SCcF23" ”ÄDBD3" “°Ð£“3ƒ2SCc223’ƒ ”%$4Å"C3’CƒÄSCc‚ “²%"”bäõB#rÂ„”â4”ätÄRd•$RÐ£“3ƒB “²âââVÇ6PÐ£“3ƒRSCcrB ”Å5$B “°Ð£“3ƒbSCc‚3rÄSCcƒ¢ •4„" “°Ð£“3ƒrSCc’3b •4„ “°Ð£“3ƒ‚SCf3 •E5‚ “°Ð£“3ƒ’SCf"b" ”ÄD"Å‚ “°Ð£“3“SCfB&Bc"cb ”¥5"Äc#cb “²ÕTÂ‚‚b5U$õUD”äPÐ£“3“SCs3‚ •TÅ‚ “°Ð£“3“"SCs3 ””å2 “°Ð£“3“2SCs"R ”4ÄB “°Ð£“3“BSCs2#R2 ”$52ÄSCs‚ “°Ð£“3“RSCsRR ”4ÄB “°Ð£“3“bSCsb#B2 ”$42ÄSCt" “²%"”bäòõdU"dÄõpÐ£“3“r “²âââVÇ6PÐ£“3“‚SCs‚62fbfbÄSCsƒ¢ ”ÄDB2Ddddb “²U4RÔ‚dÀÐ£“3“’SCv"FBF"ÄSCt#¢ •5DBDD" “²æWr66VÂVç&–6‚pÐ£“CSCvB“bC‚ ”ÄDDC‚ “²6ööÂf7Bf÷"7–æ2VÇ6W0Ð£“CSCvb6RF" ”ÄE‚2DD" “°Ð£“C"SCƒ"&BcBs" ”¥5"ÄcCs" “²d5Dõ"”â‡ƒbÕTÅ@Ð£“C2SCƒRfR32" ”ÄE‚Ä33" “²3cFBÂRãR×6V2Ö‚7–æ2VÇ6Rv–GF€Ð£“CBSCƒ‚–2F" ”5‚DD" “²æWr66VÂVç&–6‚pÐ£“CRSC†#"" ”$„’ÄSC„R “²%"”buBRãR×6V2D…$U4€Ð£“Cb “²âââVÇ6PÐ£“CrSC†2FbF" •5E‚DD" “²æWr66VÂVç&–6‚pÐ£“C‚SC†R23‚CbÄSC„S¢ ”%$4Å"C3‚CCÄSD “²%"”bäõB#`Ð£“C’ “²âââVÇ6PÐ£“CSC“"&Bc’SR ”¥5"Äc”SR “°Ð£“CSC“R62 •4…‚ “°Ð£“C"SC“b3 •E5‚ “°Ð£“C2SC“r2 •5T$BÅ‚ “°Ð£“CBSC“’3‚ •TÅ‚ “°Ð£“CRSC–#2 ”$Å2ÄSDB “°Ð£“Cb “²âââVÇ6PÐ£“CrSC–2“2F" ”5BDD" “²æWr66VÂVç&–6‚pÐ£“C‚SC–b#R" ”$52ÄSD2 “°Ð£“C’ “²âââVÇ6PÐ£“C#SFF2F"ÄSD¢ ”ÄDBDD" “²æWr66VÂVç&–6‚pÐ£“C#SF2#232ÄSD3¢ ”5BÄ33 “²ãc’×6V2Ö–â7–æ2VÇ6Rv–GF€Ð£“C#"SFr#RB ”$52ÄSDB “°Ð£“C#2 “²âââVÇ6PÐ£“C#BSF’FBF" •5DBDD" “²æWr66VÂVç&–6‚pÐ£“C#RSF"#B ”%$ÄSD# “°Ð£“C#bSFBVbÄSDC¢ ”4Å$" “°Ð£“C#rSFRFb ”4Å$ “°Ð£“C#‚SFbFBF" •5DBDD" “²æWr66VÂVç&–6‚pÐ£“C#’SF#26BRÄSD#¢ ”%$4Å"C4BCÄSD4 “²%"”bäõB#@Ð£“C3 “²âââVÇ6PÐ£“C3SF#R2†fb ”%$4Å"C„DdbÄSD4 “²%"”bäõBDd`Ð£“C3" “²âââVÇ6PÐ£“C32SF#’v† ”DT2C„ “²66VÂVç&–6‚gFW"FV6VÂ2ôðÐ£“C3BSF&2f23bR ”ÄDBÄ3cR “²7WBöfb7FÆÂ6fRpÐ£“C3RSF&bC2F" ”DDBDD" “²æWr66VÂVç&–6‚pÐ£“C3bSF3FBF" •5DBDD" “²æWr66VÂVç&–6‚pÐ£“C3rSF32C2C’ ”DDBDC’ “²66VÂVç&–6‚Â7VÒgVVÀÐ£“C3‚SF3R#B2 ”$42ÄSD4 “°Ð£“C3’ “²âââVÇ6PÐ£“CCSF3r62fbfb ”ÄDB2Ddddb “°Ð£“CCSF6FBC’ÄSD4¢ •5DBDC’ “²66VÂVç&–6‚Â7VÒgVVÀÐ£“CC"SF62FRF" ”ÄE‚DD" “²æWr66VÂVç&–6‚pÐ£“CC2SF6R#rr ”$UÄSDSr “°Ð£“CCBSFCCb6" ”ÄD"D4" “²–æ¢öfg6WB6÷'"Â×2£cRãc3`Ð£“CCRSFC"6 ”%‚ “°Ð£“CCbSFC26 ”%‚ “°Ð£“CCrSFCBfb6bc" •5E‚C4dc" “²7–æ2r6çBw Ð£“CC‚SFCr&Bc2#R ”¥5"Äc4#R “²W6V2FVÆÐ£“CC’SFFƒbB ”ÄD2CB “°Ð£“CSSFF2&BcB32 ”¥5"ÄcD32 “°Ð£“CSSFFbƒbf" ”ÄD2Dd" “°Ð£“CS"SFS&Bc2#R ”¥5"Äc4#R “²W6V2FVÆÐ£“CS2SFSB&BcB6R ”¥5"ÄcD4R “°Ð£“CSB “²ÒÒÒÒÒÒÒÒÒÒÒÒÒÒÒÒÒÒÒÒÒÒÒÒÒÒÒÒÒÒÒÒÒÒÒÒÒÒÒÒÒÒÒÒÐÐ£“CSR “²4²”b„TE2U4ôääT5DT@Ð£“CSb “²66VÂVç&–6€Ð£“CSr “°Ð£“CS‚ “²ÒÒÒÒÒÒÒÒÒÒÒÒÒÒÒÒÒÒÒÒÒÒÒÒÒÒÒÒÒÒÒÒÒÒÒÒÒÒÒÒÒÒÒÐÐ£“CS’SFSr232ƒ2ÄSDSs¢ ”%$4Å"C32CƒÄSDTR “²%"”bäõB#rÂ„„TE2UôâÄ”äRÐ£“Cc “²âââVÇ6PÐ£“CcSFV"&BS‚‚ ”¥5"CSƒ‚ “²ÂÒÒÒÒDò„TE2U Ð£“Cc" “²ÒÒÒÒÒÒÒÒÒÒÒÒÒÒÒÒÒÒÒÒÒÒÒÒÒÒÒÒÒÒÒÒÒÒÒÒÒÒÒÒÒÒÒÒÒÒÒÒÒÐÐ£“Cc2SFVRf2ÄSDTS¢ ”ÄDBC “²44TÂTå"pÐ£“CcBSFcC2F" ”DDBDD" “²æWr66VÂVç&–6‚pÐ£“CcRSFc2fB •5DBC “²44TÂTå"pÐ£“CcbSFcb3’ •%E2 “°Ð£“Ccr “²¢¢¢¢¢¢¢¢¢¢¢¢¢¢¢¢¢¢¢¢¢¢¢¢¢¢¢¢¢¢¢¢¢¢¢¢¢¢¢¢¢¢¢¢¢¢¢¢¢¢¢¢¢¢ Ð£“Cc‚ “²¢¢¢¢¢¢¢¢¢¢¢¢¢¢¢¢¢¢¢¢¢¢¢¢¢¢¢¢¢¢¢¢¢¢¢¢¢¢¢¢¢¢¢¢¢¢¢¢¢¢¢¢¢¢ Ð£“Cc’ “²¢D”täõ5D”2TÄ”d”4D”ôâ4ôDPÐ£“Cs “² Ð£“Cs “² Ð£“Cs" “² Ð£“Cs2 “²¢¢¢¢¢¢¢¢¢¢¢¢¢¢¢¢¢¢¢¢¢¢¢¢¢¢¢¢¢¢¢¢¢¢¢¢¢¢¢¢¢¢¢¢¢¢¢¢¢¢¢¢¢¢ Ð£“CsB “°Ð£“CsR “²U%"2ó"4Tå4õ Ð£“Csb “°Ð£“Csr “°Ð£“Cs‚SFcrCb6bÄSDcs¢ ”ÄD"C4b “°Ð£“Cs’SFc’3R#B ”$•D"2C#B “°Ð£“CƒSFf"#bC’ ”$äRÄSSCb “°Ð£“Cƒ “²âââVÇ6PÐ£“Cƒ"SFfB“bC ”ÄDCC “²D”täõ5D”2ÔôDRtB0Ð£“Cƒ2SFfbC‚ ”4Ä “°Ð£“CƒBSS&"R ”$Ô’ÄSS “°Ð£“CƒR “²âââVÇ6PÐ£“CƒbSS"F2 ”ÄDBC “²Vær'VâF–ÖR‡6V2Ð£“CƒrSSBB ”Å5$B “²D•b%’ Ð£“Cƒ‚SSRc3F2 ”4Õ"Ä3D2 “²U%"2Ä–bVær'VâF–ÖRÂ36V2ÀÐ£“Cƒ’ “²F—6&ÆRU% Ð£“C“SS‚#R62 ”$52ÄSSCb “°Ð£“C“ “²âââVÇ6PÐ£“C“"SS“bC ”ÄDCC “²D”täõ5D”2ÔôDRtB0Ð£“C“2SS2†C ”õ$2CC “²4UB#`Ð£“C“BSSR“rC •5DCC “²D”täõ5D”2ÔôDRtB0Ð£“C“R “°Ð£“C“b “²4²U%"2ó"Ä”Ô•E0Ð£“C“r “°Ð£“C“‚SSCbfbÄSS¢ ”ÄD"Cdb “²ó"ôBdÅTPÐ£“C“’SS"c3FR ”4Õ"Ä3DR “²U%"2ÂSC‚×fF0Ð£“SSSR#"&b ”$„’ÄSSCb “²%"”bó"dD2ÅBSC‚×fF0Ð£“S “²âââVÇ6PÐ£“S"SSrc3FB ”4Õ"Ä3DB “²U%"2Â3S×fF0Ð£“S2SS#2& ”$Å2ÄSSCb “²%"”bó"dD2uB3S×fF0Ð£“SB “²âââVÇ6PÐ£“SRSS2Cb ”ÄD"D “²ó"6Vç6÷"‡g’ÆB6çBw"Óâƒ"6V2Ð£“SbSSRc3S ”4Õ"Ä3S “°Ð£“SrSS##"#‚ ”$„’ÄSSD" “²U%"2ÂR6V2E2Ö–âF–ÖRÆ–Ö—@Ð£“S‚ “²âââVÇ6PÐ£“S’SS#2“b6b ”ÄDC4b “°Ð£“SSS#RƒR ”$•D2C “²#@Ð£“SSS#r#r#‚ ”$UÄSSS “²%"”bäõB#@Ð£“S" “²âââVÇ6PÐ£“S2SS#’CbV" ”ÄD"CT" “²4ôôÄå@Ð£“SBSS&"c3F" ”4Õ"Ä3D" “²U%"2Â4ôôÂÄõrÄÕBs0Ð£“SRSS&R#2# ”$Å2ÄSSS “²%"”b4ôôÂuBs0Ð£“Sb “²âââVÇ6PÐ£“SrSS3“bƒ" ”ÄDCƒ" “²E2ÆB†—2f Ð£“S‚SS3"#3Fb ”4ÕÄ3Db “²U%"2ÂRRE2Ö–àÐ£“S’SS3R#" ”$„’ÄSSC “²%"”bE2ÅBRPÐ£“S# “²âââVÇ6PÐ£“S#SS3rvB •E5BD “²ó"6Vç6÷"‡g’ÆB6çBw"Âƒ"6V2Ð£“S#"SS6#rR ”$UÄSSS “²%"”`Ð£“S#2SS62v ”DT2D “²ó"6Vç6÷"‡g’ÆB6çBw"Âƒ"6V2Ð£“S#BSS6b# ”%$ÄSSS “°Ð£“S#RSSCv2ÄSSC¢ ””ä2D “²ó"6Vç6÷"‡g’ÆB6çBw"Âƒ"6V2Ð£“S#bSSCB#" ”%$ÄSSS “°Ð£“S#rSSCbvbÄSSCc¢ ”4Å"D “²ó"6Vç6÷"‡g’ÆB6çBw"Âƒ"6V2Ð£“S#‚SSC’#b ”%$ÄSSS “°Ð£“S#’ “²ÒÒÒÒÒÒÒÒÒÒÒÒÒÒÒÒÒÒÒÒÒÒÒÒÒÒÒÒÒÒÒÒÒÒÒÒÒÒÒÒÒÒÒÒÒÒÒÒÒÐÐ£“S3 “²ÒÒÒÒÒÒÒÒÒÒÒÒÒÒÒÒÒÒÒÒÒÒÒÒÒÒÒÒÒÒÒÒÒÒÒÒÒÒÒÒÒÒÒÒÒÒÒÒÒÐÐ£“S3 “²U%"#„”t‚E24Tå4õ"U%$õ Ð£“S3" “°Ð£“S32 “²ÒÒÒÒÒÒÒÒÒÒÒÒÒÒÒÒÒÒÒÒÒÒÒÒÒÒÒÒÒÒÒÒÒÒÒÒÒÒÒÒÒÒÒÒÒÒÒÒÒÐÐ£“S3BSSF"BF2CÄSSD#¢ ”%4UBCD2CC “²4UB#bÂäUrU%"Ð£“S3RSSFRBC ”%4UBCCC “²4UB#BÂU%"2DUDT5DT@Ð£“S3bSSSCb6bÄSSS¢ ”ÄD"C4b “°Ð£“S3rSSS23R3 ”$•D"2D3 “²#bb#pÐ£“S3‚SSSR#b#b ”$äRÄSStB “²%"”b#bb#pÐ£“S3’ “²âââVÇ6PÐ£“SCSSSr“bƒ ”ÄDCƒ “²E2Â„ôBÐ£“SCSSS’#3Sr ”4ÕÄ3Sr “²–bE2ÃÒF—6&ÆRU%"#Ð£“SC"SSV2#22 ”$Å2ÄSSs “²%"”bE2uBSPÐ£“SC2 “²âââVÇ6PÐ£“SCBSSVR“br ”ÄDDr “²E2W'"6çBw"Âƒ×2Ð£“SCRSSc#3S‚ ”4ÕÄ3S‚ “²#6V2w2F–ÖR&Wf÷"U%"#Ð£“SCbSSc2#"2 ”$„’ÄSSs‚ “²%"”bD”ÔRÅB#4T0Ð£“SCr “²âââVÇ6PÐ£“SC‚SScR“b#b ”ÄDD#b “°Ð£“SC’SScr#3S’ ”4ÕÄ3S’ “²–b—"fÆ÷rãÒ"vÓ÷6V2ÀÐ£“SS “²F—6&ÆRU%"#Ð£“SSSSf#Br ”$42ÄSSs2 “°Ð£“SS" “²âââVÇ6PÐ£“SS2SSf2v2r ””ä2Dr “²E2W'"6çBw"Âƒ×2Ð£“SSBSSfb#2 ”%$ÄSStB “°Ð£“SSRSSs3Bf"ÄSSs¢ ”äD"2Dd" “²Ð£“SSbSSs2vbrÄSSs3¢ ”4Å"Dr “²E2W'"6çBw"Âƒ×2Ð£“SSrSSsb#R ”%$ÄSStB “°Ð£“SS‚SSs‚BF2BÄSSsƒ¢ ”%4UBCD2CB “²äUrU%"Ð£“SS’SSv"6B ”õ$"2CB “²4UB# Ð£“ScSSvBCr6bÄSStC¢ •5D"C4b “°Ð£“Sc “²ÒÒÒÒÒÒÒÒÒÒÒÒÒÒÒÒÒÒÒÒÒÒÒÒÒÒÒÒÒÒÒÒÒÒÒÒÒÒÒÒÒÒÒÒÒÒÒÒÒÐÐ£“Sc" “²ÒÒÒÒÒÒÒÒÒÒÒÒÒÒÒÒÒÒÒÒÒÒÒÒÒÒÒÒÒÒÒÒÒÒÒÒÒÒÒÒÒÒÒÒÒÒÒÒÒÐÐ£“Sc2 “²U%"#Be524Tå4õ"U%$õ Ð£“ScB “°Ð£“ScR “²ÒÒÒÒÒÒÒÒÒÒÒÒÒÒÒÒÒÒÒÒÒÒÒÒÒÒÒÒÒÒÒÒÒÒÒÒÒÒÒÒÒÒÒÒÒÒÒÒÒÐÐ£“ScbSSvb3RSB ”$•D"2DSB “² Ð£“ScrSSƒ#b&B ”$äRÄST# “°Ð£“Sc‚ “²âââVÇ6PÐ£“Sc’SSƒ2“bcR ”ÄDCcR “°Ð£“SsSSƒR#3c" ”4ÕÄ3c" “²–bâ2Õ‚F†VâF—6&ÆRU%"#@Ð£“SsSSƒ‚#"#b ”$„’ÄST# “°Ð£“Ss" “²âââVÇ6PÐ£“Ss2SS†“b" ”ÄDD" “²e52W'"D”ÔU Ð£“SsBSS†2#3cr ”4ÕÄ3cr “²"6V2w2f÷"U%"#@Ð£“SsRSS†b#"&B ”$„’ÄST$R “²%"”bD”ÔRÅB"6V0Ð£“Ssb “²âââVÇ6PÐ£“SsrSS““bc2 ”ÄDCc2 “²f–ÇFW&VBÄBdÅTPÐ£“Ss‚SS“2#3cb ”4ÕÄ3cb “²–bÅc‚ãÒ#bÅc‚ÂF—6&ÆRU%"#@Ð£“Ss’SS“b#B‚ ”$42ÄST# “²%"”bÄBdÂuB#`Ð£“Sƒ “²âââVÇ6PÐ£“SƒSS“‚“bƒ" ”ÄDCƒ" “²E2ÆB†—2f Ð£“Sƒ"SS–#3cR ”4ÕÄ3cR “²–bÓâ"RE2F†VâF—6&ÆRU%"#@Ð£“Sƒ2SS–B#B ”$42ÄST# “²%"”bE2uB"PÐ£“SƒB “²âââVÇ6PÐ£“SƒRSS–b“b3r ”ÄDC3r “²Ô5R”åUB5DEU2t@Ð£“SƒbSVCb •$õ$ “°Ð£“SƒrSV"#R2 ”$52ÄST# “°Ð£“Sƒ‚ “²âââVÇ6PÐ£“Sƒ’SVB“bSb ”ÄDCSb “²%Òó#PÐ£“S“SVb#3c2 ”4ÕÄ3c2 “²–bÃÒ%ÒÂF—6&ÆRU%"#@Ð£“S“SV’#2R ”$Å2ÄST# “²%"”b%ÒuB%ÐÐ£“S“" “²âââVÇ6PÐ£“S“2SV"#3cB ”4ÕÄ3cB “²–b%ÒâcF†VâF—6&ÆRU%"#@Ð£“S“BSVR#2R ”$Å2ÄST#R “²%"”b%Òu@Ð£“S“R “²âââVÇ6PÐ£“S“bSV#vb"ÄST#¢ ”4Å"D" “²e52W'"6çBw Ð£“S“rSV#2#" ”%$ÄST3r “°Ð£“S“‚SV#R3R‚ÄST#S¢ ”$•D"2C‚ “²#0Ð£“S“’SV#r#rR ”$UÄST3r “²%"”bäõB#0Ð£“c “²âââVÇ6PÐ£“cSV#’v2" ””ä2D" “²e52W'"6çBw Ð£“c"SV&2#’ ”%$ÄST3r “°Ð£“c2SV&RBFBƒÄST$S¢ ”%4UBCDBCƒ “²4UB#pÐ£“cBSV3“bCB ”ÄDCCB “²bÔôDRtB3 Ð£“cRSV32† ”õ$2C “²#BÂg72d”ÅU$PÐ£“cbSV3R“rCB •5DCCB “²bÔôDRtB3 Ð£“cr “²ÒÒÒÒÒÒÒÒÒÒÒÒÒÒÒÒÒÒÒÒÒÒÒÒÒÒÒÒÒÒÒÒÒÒÒÒÒÒÒÒÒÒÒÒÒÒÒÒÒÐÐ£“c‚ “²ÒÒÒÒÒÒÒÒÒÒÒÒÒÒÒÒÒÒÒÒÒÒÒÒÒÒÒÒÒÒÒÒÒÒÒÒÒÒÒÒÒÒÒÒÒÒÒÒÒÐÐ£“c’ “²U%"3"Tu"D”täõ5D”2U%$õ Ð£“c “°Ð£“c “²ÒÒÒÒÒÒÒÒÒÒÒÒÒÒÒÒÒÒÒÒÒÒÒÒÒÒÒÒÒÒÒÒÒÒÒÒÒÒÒÒÒÒÒÒÒÒÒÒÒÐÐ£“c"SV3rCbCÄST3s¢ ”ÄD"CC “²D”täõ5D”2ÔôDRtB0Ð£“c2SV3’"&R#b ”%%4UBC$RC#ÄSTC2 “²%"”b#PÐ£“cBSV6B3B# ”äD"2C# “²4Å Ð£“cRSV6b#bR ”$äRÄSTSb “²ÄÂU„4UB#RÂTu"D”r5pÐ£“cb “²$BB5D%BUÂU%"3 Ð£“cr “²âââVÇ6PÐ£“c‚SVC#6b ”%$ÄSc" “°Ð£“c’SVC23BFbÄSTC3¢ ”äD"2DDb “²4Å"#PÐ£“c#SVCRCrC •5D"CC “²D”täõ5D”2ÔôDRtB0Ð£“c#SVCr6R3f" ”ÄE‚2D3d" “°Ð£“c#"SVF“b6b ”ÄDC4b “°Ð£“c#2SVF2ƒRSB ”$•D2CSB “°Ð£“c#BSVFR#b3" ”$äRÄSc" “°Ð£“c#R “²âââVÇ6PÐ£“c#bSVSF2R ”ÄDBDR “²Tu"F–r6çBwG Ð£“c#rSVS"2R •5T$BCRÅ‚ “°Ð£“c#‚SVSB#2R ”$Å2ÄSTT" “°Ð£“c#’ “²âââVÇ6PÐ£“c3SVSbBFB‚ÄSTSc¢ ”%4UBCDBC‚ “°Ð£“c3SVS’#3B ”%$ÄScb “°Ð£“c3"SVV"“bc2ÄSTT#¢ ”ÄDCc2 “²f–ÇFW&VBÆBfÇVPÐ£“c32SVVB ”4ÕÅ‚ “°Ð£“c3BSVVb#Br ”$42ÄSc‚ “°Ð£“c3R “²âââVÇ6PÐ£“c3bSVc“bV" ”ÄDCT" “²4ôôÄå@Ð£“c3rSVc2 ”4ÕÅ‚ “°Ð£“c3‚SVcR#R" ”$52ÄSc" “°Ð£“c3’ “²âââVÇ6PÐ£“cCSVcr#b" ”ÄDC" “°Ð£“cCSVf" ”4Õ"Å‚ “°Ð£“cC"SVf2#2 ”$Å2ÄSc‚ “°Ð£“cC2 “²âââVÇ6PÐ£“cCBSVfR“bƒ" ”ÄDCƒ" “²E2ÆB†—2f Ð£“cCRSc2 ”4Õ2Å‚ “°Ð£“cCbSc"#"B ”$„’ÄSc‚ “°Ð£“cCr “²âââVÇ6PÐ£“cC‚ScBB ”4ÕBÅ‚ “°Ð£“cC’Scb#"b ”$„’ÄScr “°Ð£“cSSc‚FRRÄScƒ¢ ”ÄE‚DR “²Tu"F–r6çBwG Ð£“cSSc#r ”$UÄScB “°Ð£“cS" “²âââVÇ6PÐ£“cS2Sc2’ ”DU‚ “°Ð£“cSBScB#rR ”$UÄScB “°Ð£“cSR “²âââVÇ6PÐ£“cSbScb’ ”DU‚ “°Ð£“cSrSc#" ”%$ÄScB “°Ð£“cS‚Sc"6RÄSc#¢ ”ÄE‚3 “°Ð£“cS’ScR#b ”%$ÄScB “°Ð£“ccScrFRRÄScs¢ ”ÄE‚DR “²Tu"F–r6çBwG Ð£“ccSc’cb3"" ”ÄD"Ä3#" “°Ð£“cc"Sc26 ”%‚ “°Ð£“cc2ScBFbRÄScC¢ •5E‚DR “²Tu"F–r6çBwG Ð£“ccB “²ÒÒÒÒÒÒÒÒÒÒÒÒÒÒÒÒÒÒÒÒÒÒÒÒÒÒÒÒÒÒÒÒÒÒÒÒÒÒÒÒÒÒÒÒÒÒÒÒÒÐÐ£“ccR “²ÒÒÒÒÒÒÒÒÒÒÒÒÒÒÒÒÒÒÒÒÒÒÒÒÒÒÒÒÒÒÒÒÒÒÒÒÒÒÒÒÒÒÒÒÒÒÒÒÒÐÐ£“ccb “²U%"32Ô52dÄõr„”t‚U%$õ Ð£“ccr “°Ð£“cc‚ “²ÒÒÒÒÒÒÒÒÒÒÒÒÒÒÒÒÒÒÒÒÒÒÒÒÒÒÒÒÒÒÒÒÒÒÒÒÒÒÒÒÒÒÒÒÒÒÒÒÒÐÐ£“cc’ScbCb6bÄScc¢ ”ÄD"C4b “°Ð£“csSc#&"3R ”$Ô’ÄScS‚ “°Ð£“cs “²âââVÇ6PÐ£“cs"Sc#23R#B ”$•D"2C#B “²U%"30Ð£“cs2Sc#R#b&2 ”$äRÄScS2 “²%"”bU%"30Ð£“csB “²âââVÇ6PÐ£“csRSc#r“bvb ”ÄDCtb “²V×föÇG2Â„ôBÐ£“csbSc#’#3"‚ ”4ÕÄ3#‚ “²ãdD2Ô”âTÕbdõ"U%"32Tä$ÄPÐ£“csrSc&2#2#R ”$Å2ÄScS2 “²%"”bTÕbuBdD0Ð£“cs‚ “²âââVÇ6PÐ£“cs’Sc&R"C#&B ”%%4UBCCC#ÄScTb “²%"”b#RÂU%"SDÐ£“cƒ “²âââVÇ6PÐ£“cƒSc3"“b#b ”ÄDD#b “²•"dÄõpÐ£“cƒ"Sc3B#3"B ”4ÕÄ3#B “²CRv×2÷6V2•"Ô”âdõ"U%"32Tä$ÄPÐ£“cƒ2Sc3r#2 ”$Å2ÄScS2 “²%"”b•"dÄõruBCRv×2÷6V0Ð£“cƒB “²âââVÇ6PÐ£“cƒRSc3’“b# ”ÄDD# “²Ôb†’6çBw"Âƒ×2Ð£“cƒbSc6"#3"b ”4ÕÄ3#b “²ƒ×6V2Ô”âD”ÔRTÂdõ"U%"30Ð£“cƒrSc6R#"‚ ”$„’ÄScS‚ “²%"”bD”ÔRÅBƒ×6V0Ð£“cƒ‚ “²âââVÇ6PÐ£“cƒ’ScC“bƒ" ”ÄDCƒ" “²E2ÆB†—2f Ð£“c“ScC"#3"2 •5T$Ä3#2 “²RRE2Ô”âdõ"Tä$ÄRU%"3@Ð£“c“ScCR#B2 ”$42ÄScS2 “²%"”bE2uBRPÐ£“c“" “²âââVÇ6PÐ£“c“2ScCr“bSb ”ÄDCSb “²%Òó#PÐ£“c“BScC’#3"r ”4ÕÄ3#r “²3#%ÐÐ£“c“RScF2#"R ”$„’ÄScS2 “²%"”b%ÒÅB3#%ÐÐ£“c“b “²âââVÇ6PÐ£“c“rScFRv2# ””ä2D# “²Ôb†’6çBw"Âƒ×2Ð£“c“‚ScS# ”%$ÄScTB “°Ð£“c“’ScS2vb#ÄScS3¢ ”4Å"D# “²4Å"Ôb†’6çBw"Âƒ×2Ð£“sScSb#R ”%$ÄScTB “°Ð£“sScS‚BFBBÄScSƒ¢ ”%4UBCDBCB “²4UBU%"30Ð£“s"ScV"6ƒ ”õ$"2Cƒ “²#pÐ£“s2ScVBCr6bÄScTC¢ •5D"C4b “°Ð£“sB “²ÒÒÒÒÒÒÒÒÒÒÒÒÒÒÒÒÒÒÒÒÒÒÒÒÒÒÒÒÒÒÒÒÒÒÒÒÒÒÒÒÒÒÒÒÒÒÒÒÒÐÐ£“sR “²ÒÒÒÒÒÒÒÒÒÒÒÒÒÒÒÒÒÒÒÒÒÒÒÒÒÒÒÒÒÒÒÒÒÒÒÒÒÒÒÒÒÒÒÒÒÒÒÒÒÐÐ£“sb “²U%"3D"Ôb4Tå4õ Ð£“sr “°Ð£“s‚ “²ÒÒÒÒÒÒÒÒÒÒÒÒÒÒÒÒÒÒÒÒÒÒÒÒÒÒÒÒÒÒÒÒÒÒÒÒÒÒÒÒÒÒÒÒÒÒÒÒÒÐÐ£“s’ScVb"6bC32ÄScTc¢ ”%%4UBC4bCCÄSc“b “²%"”b#bÀÐ£“s “²âââVÇ6PÐ£“sScc2FRVb ”ÄE‚DTb “²F–fbfÂFò6Æ2—"fÆ÷pÐ£“s"SccR&23" ”5‚Ä3# “²”bæÆör5E2¢r÷"$DÅBÂSPÐ£“s2Scc‚#"3B ”$„’ÄSc”R “²%"”bââââÂ„U„•Bb4Å"DÕ"Ð£“sB “²âââVÇ6PÐ£“sRScf“b#R ”ÄDD#R “²U%"3BDÕ Ð£“sbScf2#3"2 ”4ÕÄ3#2 “²U%"33BÂ#Õ4T2Ö–âF–ÖR&WàÐ£“srScfb#B#R ”$42ÄSc“b “²%"”bDÕ"uB#Õ4T0Ð£“s‚ “²âââVÇ6PÐ£“s’Scs26bB" ”%$4Å"C4bDBÄScsr “°Ð£“s#ScsR#& ”%$ÄSd “°Ð£“s# “°Ð£“s#" “²U%"3B5$•DU$”Ð£“s#2 “°Ð£“s#BScsrCbSbÄScss¢ ”ÄD"CSb “²%Òó#PÐ£“s#RScs’c3"B ”4Õ"Ä3#B “²–b%ÒâcÂ6²U%"33@Ð£“s#bScv2#R#2 ”$52ÄSd “²%"”b%ÒÅBc%ÒÂ„U„•BÐ£“s#r “²âââVÇ6PÐ£“s#‚ScvRCbƒ" ”ÄD"Cƒ" “²E2ÆB†—2f Ð£“s#’Scƒc3"R ”4Õ"Ä3#R “²–bE2âbã#RRÂ6²U%"33@Ð£“s3Scƒ2#R2 ”$52ÄSd “²%"”bE2ÅBbã#RRÂ„U„•BÐ£“s3 “²âââVÇ6PÐ£“s3"ScƒRCbc2 ”ÄD"Cc2 “²f–ÇFW&VBÆBfÇVPÐ£“s32Scƒrc3"b ”4Õ"Ä3#b “²–bÅc‚ãÒÂ6²U%"33@Ð£“s3BSc†#RR ”$52ÄSd “²%"”bÅc‚ÅBv×2÷6V2Â„U„•BÐ£“s3R “²âââVÇ6PÐ£“s3bSc†2c3" ”4Õ"Ä3# “²–bÅc‚ÃÒ3Â6²U%"33@Ð£“s3rSc†b#" ”$„’ÄSd “²%"”bÅc‚ÅB3v×2÷6V2Â„U„•BÐ£“s3‚ “²âââVÇ6PÐ£“s3’Sc“F2 ””ä4 “²”ä5"U%"3BD”ÔU Ð£“sCSc“"“r#R •5DD#R “²U%"3BDÕ Ð£“sCSc“B#" ”%$ÄSd “²U„•@Ð£“sC" “²ÒÒÒÒÒÒÒÒÒÒÒÒÒÒÒÒÒÒÒÒÒÒÒÒÒÒÒÒÒÒÒÒÒÒÒÒÒÒÒÒÒÒÒÒÐÐ£“sC2Sc“bBFB"ÄSc“c¢ ”%4UBCDBC" “²4U@Ð£“sCBSc“’B6bC ”%4UBC4bCC “²4UBU%"3@Ð£“sCRSc–2#2 ”%$ÄSd “²c”PÐ£“sCb “°Ð£“sCr “²4ÄU"U%$õ"DÕ Ð£“sC‚ “°Ð£“sC’Sc–Rvb#RÄSc”S¢ ”4Å"D#R “²U%"3BDÕ Ð£“sS “²¢¢¢¢¢¢¢¢¢¢¢¢¢¢¢¢¢¢¢¢¢¢¢¢¢¢¢¢¢¢¢¢¢¢¢¢¢¢¢¢¢¢¢¢¢¢¢¢¢¢ Ð£“sS “²¢¢¢¢¢¢¢¢¢¢¢¢¢¢¢¢¢¢¢¢¢¢¢¢¢¢¢¢¢¢¢¢¢¢¢¢¢¢¢¢¢¢¢¢¢¢¢¢¢¢ Ð£“sS" “²¢U%"C5”Â4TÄT5@Ð£“sS2 “² Ð£“sSB “²¢¢¢¢¢¢¢¢¢¢¢¢¢¢¢¢¢¢¢¢¢¢¢¢¢¢¢¢¢¢¢¢¢¢¢¢¢¢¢¢¢¢¢¢¢¢¢¢¢¢ Ð£“sSRSf“bCÄSd¢ ”ÄDCC “²D”täõ5D”2ÔôDRtB Ð£“sSbSf2CB ”Å5$ “°Ð£“sSrSfB#B2 ”$42ÄSd’ “²%"”`Ð£“sS‚ “²âââVÇ6PÐ£“sS’SfbBFRC ”%4UBCDRCC “²#bÂU%"CÐ£“scSf’C‚ÄSd“¢ ”4Ä “°Ð£“scSf“rC •5DCC “²4Å"U%"Ä5B×6V2dÄpÐ£“sc" “²¢¢¢¢¢¢¢¢¢¢¢¢¢¢¢¢¢¢¢¢¢¢¢¢¢¢¢¢¢¢¢¢¢¢¢¢¢¢¢¢¢¢¢¢¢¢¢¢¢¢ Ð£“sc2 “²¢¢¢¢¢¢¢¢¢¢¢¢¢¢¢¢¢¢¢¢¢¢¢¢¢¢¢¢¢¢¢¢¢¢¢¢¢¢¢¢¢¢¢¢¢¢¢¢¢¢ Ð£“scB “²¢U%"C$"5²Ôôä•Dõ$”äpÐ£“scR “² Ð£“scb “²¢"5²ÕâäõBDôttÄ”ärt„Tâ5²Tä$ÄT@Ð£“scr “²¢¢¢¢¢¢¢¢¢¢¢¢¢¢¢¢¢¢¢¢¢¢¢¢¢¢¢¢¢¢¢¢¢¢¢¢¢¢¢¢¢¢¢¢¢¢¢¢¢¢ Ð£“sc‚Sf2Cb6b ”ÄD"C4b “°Ð£“sc’SfR"3b&B ”%%4UBC3bCÄSdDb “²%"”b#Â…4µU%#C"dõ"5DÄÂ5e"Ð£“ss “²âââVÇ6PÐ£“ssSf#"“b ”ÄDC “°Ð£“ss"Sf#BƒR ”$•D2C “²#@Ð£“ss2Sf#b#b#r ”$äRÄSdDb “²%"”b#@Ð£“ssB “²âââVÇ6PÐ£“ssRSf#‚“b3B ”ÄDC3B “°Ð£“ssbSf&C‚ ”4Ä “°Ð£“ssrSf&"&#" ”%ÂÄSdDb “°Ð£“ss‚ “²âââVÇ6PÐ£“ss’Sf&B“bSb ”ÄDCSb “²%Òó#PÐ£“sƒSf&b#3"#b ”4ÕÄ3##b “²%ÒÂF&ÃÆçG'ÐÐ£“sƒSf3"#2B ”$Å2ÄSdC‚ “²%"”b%ÒuBD…$U4€Ð£“sƒ" “²âââVÇ6PÐ£“sƒ2Sf3B“b#B ”ÄDD#B “²5²fB&²6÷VçFW"Â„W'"3C"Ð£“sƒBSf3b#b ”$äRÄSdC‚ “²%"”bå Ð£“sƒR “²âââVÇ6PÐ£“sƒbSf3‚3R ”$•D"2C “°Ð£“sƒrSf6#bB ”$äRÄSdC “²å"”b# Ð£“sƒ‚ “²âââVÇ6PÐ£“sƒ’Sf626 ”õ$"2C “²4UB# Ð£“s“Sf6R# ”%$ÄSdD “°Ð£“s“SfC“bÄSdC¢ ”ÄDC “°Ð£“s“"SfC"†ƒ ”õ$2Cƒ “²4UB#pÐ£“s“2SfCB“r •5DC “°Ð£“s“BSfCb#B ”%$ÄSdD2 “°Ð£“s“RSfC‚3BfRÄSdCƒ¢ ”äD"2DdR “°Ð£“s“bSfFCr6bÄSdD¢ •5D"C4b “°Ð£“s“rSfF2vb#BÄSdD3¢ ”4Å"D#B “²5²fB&²6÷VçFW"Â„W'"3C"Ð£“s“‚ “²¢¢¢¢¢¢¢¢¢¢¢¢¢¢¢¢¢¢¢¢¢¢¢¢¢¢¢¢¢¢¢¢¢¢¢¢¢¢¢¢¢¢¢¢¢¢¢¢¢¢ Ð£“s“’ “²¢¢¢¢¢¢¢¢¢¢¢¢¢¢¢¢¢¢¢¢¢¢¢¢¢¢¢¢¢¢¢¢¢¢¢¢¢¢¢¢¢¢¢¢¢¢¢¢¢¢ Ð£“ƒ “²¢U%"C2´äô4²d”ÀÐ£“ƒ “² Ð£“ƒ" “² Ð£“ƒ2 “²¢¢¢¢¢¢¢¢¢¢¢¢¢¢¢¢¢¢¢¢¢¢¢¢¢¢¢¢¢¢¢¢¢¢¢¢¢¢¢¢¢¢¢¢¢¢¢¢¢¢ Ð£“ƒBSfFb“b6"ÄSdDc¢ ”ÄDC4" “°Ð£“ƒRSfSƒR# ”$•D2C# “²#RÂU%"C4Ð£“ƒbSfS2#bB ”$äRÄSdS’ “²%"”bU%"C4Ð£“ƒr “²âââVÇ6PÐ£“ƒ‚SfSR“b" ”ÄDC" “²ÔBtB Ð£“ƒ’SfSr&2 ”%ÂÄSdT2 “°Ð£“ƒ “²âââVÇ6PÐ£“ƒSfS’BFRÄSdS“¢ ”%4UBCDRC “²4UB#BÂU%#C0Ð£“ƒ"SfV2CbCÄSdT3¢ ”ÄD"CC “²D”täõ5D”2ÔôDRtB0Ð£“ƒ2SfVR3BfB ”äD"2DdB “²4Å"#ÂU%"CBóCRdÄpÐ£“ƒB “²¢¢¢¢¢¢¢¢¢¢¢¢¢¢¢¢¢¢¢¢¢¢¢¢¢¢¢¢¢¢¢¢¢¢¢¢¢¢¢¢¢¢¢¢¢¢¢¢¢¢ Ð£“ƒR “²¢¢¢¢¢¢¢¢¢¢¢¢¢¢¢¢¢¢¢¢¢¢¢¢¢¢¢¢¢¢¢¢¢¢¢¢¢¢¢¢¢¢¢¢¢¢¢¢¢¢ Ð£“ƒb “²¢U%"CBÄTâó"4Tå4õ Ð£“ƒr “² Ð£“ƒ‚ “² Ð£“ƒ’ “²¢¢¢¢¢¢¢¢¢¢¢¢¢¢¢¢¢¢¢¢¢¢¢¢¢¢¢¢¢¢¢¢¢¢¢¢¢¢¢¢¢¢¢¢¢¢¢¢¢¢ Ð£“ƒ#Sfc“b6b ”ÄDC4b “°Ð£“ƒ#Sfc"ƒR3 ”$•D2C3 “°Ð£“ƒ#"SfcB#bc" ”$äRÄSsS‚ “°Ð£“ƒ#2 “²âââVÇ6PÐ£“ƒ#BSfcb#b3"&R ”ÄDÄ3#$R “°Ð£“ƒ#RSfc’“s2 ”4ÕCs2 “°Ð£“ƒ#bSff"#2 ”$Å2ÄSsr “°Ð£“ƒ#r “²âââVÇ6PÐ£“ƒ#‚SffB“b‚ ”ÄDD‚ “²ó"Æâ6çBw"ƒ"6V2Ð£“ƒ#’Sffb#3"&b ”4ÕÄ3#$b “°Ð£“ƒ3Ss"#"‚ ”$„’ÄSs2 “°Ð£“ƒ3 “²âââVÇ6PÐ£“ƒ3"SsB“bCB ”ÄDCCB “²bÔôDRtB3 Ð£“ƒ32Ssb&b ”%ÂÄSsr “°Ð£“ƒ3B “²âââVÇ6PÐ£“ƒ3RSs‚3RB ”$•D"2CB “°Ð£“ƒ3bSs#b" ”$äRÄSsr “°Ð£“ƒ3r “²âââVÇ6PÐ£“ƒ3‚Ss2“b6b ”ÄDC4b “°Ð£“ƒ3’SsRƒR‚ ”$•D2C‚ “°Ð£“ƒCSs#rb ”$UÄSs# “°Ð£“ƒC “²âââVÇ6PÐ£“ƒC"Ss"v2‚ ””ä2D‚ “²ó"Æâ6çBw"ƒ"6V2Ð£“ƒC2SsR# ”%$ÄSs# “°Ð£“ƒCBSsrvb‚ÄSss¢ ”4Å"D‚ “¶ó"Æâ6çBw"ƒ"6V2Ð£“ƒCRSs#R ”%$ÄSs# “°Ð£“ƒCbSs2BFR‚ÄSs3¢ ”%4UBCDRC‚ “²#2ÂäUrU%" Ð£“ƒCrSsb6" ”õ$"2C" “°Ð£“ƒC‚ “²¢¢¢¢¢¢¢¢¢¢¢¢¢¢¢¢¢¢¢¢¢¢¢¢¢¢¢¢¢¢¢¢¢¢¢¢¢¢¢¢¢¢¢¢¢¢¢¢¢¢ Ð£“ƒC’ “²¢¢¢¢¢¢¢¢¢¢¢¢¢¢¢¢¢¢¢¢¢¢¢¢¢¢¢¢¢¢¢¢¢¢¢¢¢¢¢¢¢¢¢¢¢¢¢¢¢¢ Ð£“ƒS “²¢U%"CR$”4‚ó"4Tå4õ Ð£“ƒS “² Ð£“ƒS" “² Ð£“ƒS2 “²¢¢¢¢¢¢¢¢¢¢¢¢¢¢¢¢¢¢¢¢¢¢¢¢¢¢¢¢¢¢¢¢¢¢¢¢¢¢¢¢¢¢¢¢¢¢¢¢¢¢ Ð£“ƒSBSs#“bs2ÄSs#¢ ”ÄDCs2 “²ó"dD0Ð£“ƒSRSs#2#3"3 ”4ÕÄ3#3 “°Ð£“ƒSbSs#b#2#b ”$Å2ÄSsDR “°Ð£“ƒSr “²âââVÇ6PÐ£“ƒS‚Ss#‚“b’ ”ÄDD’ “²ó"6Vç6÷"&–6‚F×"ÀÐ£“ƒS’ “²Óâƒ"6V2Ð£“ƒcSs&#3"3 ”4ÕÄ3#3 “°Ð£“ƒcSs&B#"#B ”$„’ÄSsS2 “°Ð£“ƒc" “²âââVÇ6PÐ£“ƒc2Ss&b“bCB ”ÄDCCB “²bÔôDRtB3 Ð£“ƒcBSs3&" ”%ÂÄSsDR “°Ð£“ƒcRSs323RB ”$•D"3B “² Ð£“ƒcbSs3R#br ”$äRÄSsDR “°Ð£“ƒcr “²âââVÇ6PÐ£“ƒc‚Ss3r“bƒ" ”ÄDCƒ" “²E2ÆB†—2f Ð£“ƒc’Ss3’#3"3" ”4ÕÄ3#3" “°Ð£“ƒsSs62#"R ”$„’ÄSsC2 “°Ð£“ƒs “²âââVÇ6PÐ£“ƒs"Ss6R#3"32 ”4ÕÄ3#32 “°Ð£“ƒs2SsC#B" ”$42ÄSsDR “°Ð£“ƒsBSsC2“b6bÄSsC3¢ ”ÄDC4b “°Ð£“ƒsRSsCRƒR‚ ”$•D3‚ “² Ð£“ƒsbSsCr#rb ”$UÄSsS‚ “°Ð£“ƒsrSsC’v2’ ””ä2D’ “²ó"6Vç6÷"&–6‚F×"ÀÐ£“ƒs‚ “²Óâƒ"6V2Ð£“ƒs’SsF2# ”%$ÄSsS‚ “°Ð£“ƒƒ “°Ð£“ƒƒSsFRvb’ÄSsDS¢ ”4Å"D’ “²ó"6Vç6÷"&–6‚F×"ÀÐ£“ƒƒ" “²Óâƒ"6V2Ð£“ƒƒ2SsS#R ”%$ÄSsS‚ “°Ð£“ƒƒBSsS2BFRBÄSsS3¢ ”%4UBCDRCB “²#"ÂäUrU%" Ð£“ƒƒRSsSb6" ”õ$"2C" “²4UB#U%"CBóSR„2$TTâ4Tt…@Ð£“ƒƒbSsS‚3Bf"ÄSsSƒ¢ ”äD"2Dd" “²4Å"#"”åBdõ$4TB#‚âU%"CBóCPÐ£“ƒƒrSsVCrC •5D"CC “²D”täõ5D”2ÔôDRtB0Ð£“ƒƒ‚SsV23’ •%E2 “°Ð£“ƒƒ’ “²¢¢¢¢¢¢¢¢¢¢¢¢¢¢¢¢¢¢¢¢¢¢¢¢¢¢¢¢¢¢¢¢¢¢¢¢¢¢¢¢¢¢¢¢¢¢¢¢¢¢¢¢¢¢ Ð£“ƒ“ “²¢¢¢¢¢¢¢¢¢¢¢¢¢¢¢¢¢¢¢¢¢¢¢¢¢¢¢¢¢¢¢¢¢¢¢¢¢¢¢¢¢¢¢¢¢¢¢¢¢¢¢¢¢¢ Ð£“ƒ“ “²¢Ô¤õ"Äôõ5T%$õUD”äRÂ4Tr0Ð£“ƒ“" “² Ð£“ƒ“2 “²¢6âW&vPÐ£“ƒ“B “² Ð£“ƒ“R “²¢¢¢¢¢¢¢¢¢¢¢¢¢¢¢¢¢¢¢¢¢¢¢¢¢¢¢¢¢¢¢¢¢¢¢¢¢¢¢¢¢¢¢¢¢¢¢¢¢¢¢¢¢¢ Ð£“ƒ“bSsVB“b6"ÄSsTC¢ ”ÄDC4" “²ôÄB455DEU2%•DPÐ£“ƒ“rSsVbB ”Å5$B “°Ð£“ƒ“‚Ssc“b6R ”ÄDC4R “°Ð£“ƒ“’Ssc"Cb •$õ$ “°Ð£““Ssc2R ”4ÄB “°Ð£““SscB“r6R •5DC4R “°Ð£““" “°Ð£““2 “²454ôÄTäô”B4„ÄÂäõB$RôâTäÄU50Ð£““B “²%TåD”ÔRuB4Â$ÐÐ£““R “°Ð£““b “°Ð£““rSscb" ”%%4UBCCÄSssB “°Ð£““‚Ssf“b" ”ÄDC" “°Ð£““’Ssf2#3"c’ ”4ÕÄ3#c’ “°Ð£““Ssfb#2b ”$Å2ÄSsƒr “°Ð£““ “²ââââVÇ6PÐ£““"SssB ”%4UBCC “²#@Ð£““2 “°Ð£““B “²4²”b”âÄDÀÐ£““R “°Ð£““bSssB“b3RÄSssC¢ ”ÄDC3R “°Ð£““rSssbƒR# ”$•D2C# “²#RÂD”r5r”âÄDÂÔôDPÐ£““‚Sss‚#bB ”$äRÄSsƒr “°Ð£““’ “²ââââVÇ6PÐ£““#Ssv“bV" ”ÄDCT" “²4ôôÄå@Ð£““#Ssv2#3"f ”4ÕÄ3#d “°Ð£““#"Ssvb#Rb ”$52ÄSsƒr “°Ð£““#2 “²ââââVÇ6PÐ£““#BSsƒF2C2 ”ÄDBCC2 “²bÔôDRt@Ð£““#RSsƒ2ƒR" ”$•D2C" “²#ÂDT4TÄÂeTTÂ5UBôdbTä$ÄT@Ð£““#bSsƒR#r" ”$UÄSsƒ’ “²$R”bäõB#Ð£““#r “²âââVÇ6PÐ£““#‚Ssƒr#vbÄSsƒs¢ ”%$ÄSƒ‚ “°Ð£““#’ “°Ð£““3 “²4²e"ÔBtBdõ"454Å4BÄôõõD”ôââââàÐ£““3 “°Ð£““3"Ssƒ’#b3BÄSsƒ“¢ ”ÄDÄ3B “²vWBgVVÂô—"ÖöFRvBÐ£““32Ss†2ƒR# ”$•D2C# “²&—B6Âw6VBÇf÷"45ðÐ£““3BSs†R#rr ”$UÄSs“r “²%"”bäõB#PÐ£““3R “²ââââVÇ6PÐ£““3bSs“VB •E5D" “°Ð£““3rSs“&"B ”$Ô’ÄSs“r “²%"”`Ð£““3‚ “²ââââVÇ6PÐ£““3’ “°Ð£““C “²#U%"CBóSR„2$TTâ4Tt…@Ð£““C “²#BU%"2DUDT5DT@Ð£““C" “°Ð£““C2Ss“22C"s ”%$4Å"CCC"ÄSƒ‚ “²%"”bäõB#b#@Ð£““CB “²âââVÇ6PÐ£““CRSs“r6R3"f"ÄSs“s¢ ”ÄE‚2D3#d" “²”äDU‚Væ&ÆR45 Ð£““CbSs–Cb6" ”ÄD"C4" “°Ð£““CrSs–2Sb •$õ$" “°Ð£““C‚Ss–B#B2 ”$42ÄSt" “°Ð£““C’ “²âââVÇ6PÐ£““S “²ÒÒÒÒÒÒÒÒÒÒÒÒÒÒÒÒÒÒÒÒÒÐÐ£““S “²45öâFòöfb&×0Ð£““S" “°Ð£““S2 “²ÒÒÒÒÒÒÒÒÒÒÒÒÒÒÒÒÒÒÒÒÒÐÐ£““SBSs–b6R3"fR ”ÄE‚2D3#dR “²”äDU‚45öâFòöfb&×0Ð£““SRSv"“bcrÄSt#¢ ”ÄDCcr “²g72Â„Õ‚òƒbóR’Ð£““SbSvB ”4ÕÅ‚ “²–bg72Â2ã"Õ‚F—6&ÆR45 Ð£““SrSvb#2c ”$Å2ÄSƒ‚ “²% Ð£““S‚ “²âââVÇ6PÐ£““S’Sv‚“bƒ" ”ÄDCƒ" “²E2ÆB†—2f Ð£““cSv ”4ÕÅ‚ “²”bE2Âã“RRF†VâF—6&ÆRW&vPÐ£““cSv2#2V ”$Å2ÄSƒ‚ “²%"”`Ð£““c" “²âââVÇ6PÐ£““c2SvRF2V ”ÄDBDT “²v×2õ6V2F—7fÇVPÐ£““cBSv#" ”4Õ"Å‚ “²–bfÆ÷râv×2÷6V2FöâwBF—6&ÆR45 Ð£““cRSv#"#2SB ”$Å2ÄSƒ‚ “²% Ð£““cb “²âââVÇ6PÐ£““crSv#Bƒ# ”4Õ2C# “°Ð£““c‚Sv#b#R2 ”$52ÄSt$" “²%"”`Ð£““c’ “²âââVÇ6PÐ£““sSv#‚62fbfb ”ÄDB2Ddddb “°Ð£““sSv&"RÄSt$#¢ ”4ÄB “°Ð£““s"Sv&2R ”4ÄB “°Ð£““s2Sv&BR ”4ÄB “°Ð£““sB “²ÒÒÒÒÒÒÒÒÒÒÒÒÒÒÒÒÒÒÒÒÒÒÒÒÒÒÒÒÒÒÒÒÒÒÒÒÒÒÒÒÒÒÒÒÒÒÒÒÒÐÐ£““sR “²45GWG’7–6ÆRg2ÔbÂv×2õ6V0Ð£““sb “°Ð£““sr “²F&ÆRfÇVRÒTD2¢"ãS`Ð£““s‚ “²ÒÒÒÒÒÒÒÒÒÒÒÒÒÒÒÒÒÒÒÒÒÒÒÒÒÒÒÒÒÒÒÒÒÒÒÒÒÒÒÒÒÒÒÒÒÒÒÒÒÐÐ£““s’Sv&R6R3"s" ”ÄE‚2D3#s" “²F&ÂFG Ð£““ƒ “²Ò45g2ÔbÂ‚TD2Ð£““ƒSv3&Bc"&b ”¥5"Äc$$b “²6ÆÂ&BÆ²Wrò–çFW' Ð£““ƒ"Sv3B3b •4„ “°Ð£““ƒ2 “²ÒÒÒÒÒÒÒÒÒÒÒÒÒÒÒÒÒÒÒÒÒÒÒÒÒÒÒÒÒÒÒÒÒÒÒÒÒÒÒÒÒÒÒÒÒÒÒÒÒÒÒÒÐÐ£““ƒB “²45GWG’7–6ÆRv–âe2ÆöBfÇVPÐ£““ƒR “°Ð£““ƒb “²FÆRfÇVRÒf7F÷"¢#€Ð£““ƒr “²ÒÒÒÒÒÒÒÒÒÒÒÒÒÒÒÒÒÒÒÒÒÒÒÒÒÒÒÒÒÒÒÒÒÒÒÒÒÒÒÒÒÒÒÒÒÒÒÒÒÒÒÒÐÐ£““ƒ‚Sv3R6R3"v2 ”ÄE‚2D3#t2 “²45GWG’7–6ÆRv–âF&ÆPÐ£““ƒ’Sv3‚3b ”ÄD"3b “²öfg6WBfÂf÷"Æ²W Ð£“““Sv6“bc2 ”ÄDCc2 “²f–ÇFW&VBÆBfÇVPÐ£“““Sv62CB ”Å5$ “²4dRÂD•b'’ Ð£“““"Sv6B&Bc"#’ ”¥5"Äc$#’ “²6ÆÂ$BÆ²W Ð£“““2SvC32 •TÄ" “°Ð£“““BSvC6B ”ÕTÂ “°Ð£“““RSvC"S’ •$ôÄ" “°Ð£“““bSvC2C’ •$ôÄ “°Ð£“““rSvCB#B" ”$42ÄStC‚ “²%"”bäòõdU$dÄõpÐ£“““‚ “²âââVÇ6PÐ£“““’SvCbƒbfb ”ÄD3#SR “²U4RÔ‚dÅTPÐ£SvC‚cb2ÄStCƒ¢ ”ÄD"C2 “²45pÐ£SvF"#r‚ ”$UÄStSR “°Ð£" “²âââVÇ6PÐ£2SvFBcbB ”ÄD"CB “°Ð£BSvS#rB ”$UÄStdb “°Ð£R “²âââVÇ6PÐ£bSvS" ”4$ “°Ð£rSvS2#B2 ”$42ÄStS‚ “°Ð£‚ “²âââVÇ6PÐ£’SvSR#rBÄStSS¢ •5DCB “°Ð£SvS‚3bÄStSƒ¢ •4„ “°Ð£SvS’#b2 ”ÄDC2 “²45pÐ£"SvV2Vb ”4Å$" “°Ð£2SvVB3r •4„" “°Ð£BSvVR3b •4„ “°Ð£RSvVb3‚ •TÅ‚ “°Ð£bSvccb3"s ”ÄD"Ä3#s “°Ð£rSvc23" •TÄ “°Ð£‚SvcB&Bc"S ”¥5"Äc#S “°Ð£’Svcr#B ”4ÕCB “°Ð£#Svf#R2 ”$52ÄStdb “°Ð£# “²âââVÇ6PÐ£#"Svf2vbB ”4Å"CB “°Ð£#2 “²ÒÒÒÒÒÒÒÒÒÒÒÒÒÒÒÒÒÒÒÒÒÒÒÒÒÒÒÒÒÒÒÒÒÒÒÒÒÒÒÒÒÒÒÒÐÐ£#B “²4²”b„TE2U4ôääT5DT@Ð£#R “²45 Ð£#b “²ÒÒÒÒÒÒÒÒÒÒÒÒÒÒÒÒÒÒÒÒÒÒÒÒÒÒÒÒÒÒÒÒÒÒÒÒÒÒÒÒÒÒÒÒÐÐ£#rSvfbFR32ÄStdc¢ ”ÄE‚C32 “²Ô”äõ"ÄôõÔBtBÐ£#‚Sƒ&b ”%ÂÄSƒ’ “°Ð£#’ “²âââVÇ6PÐ£3Sƒ2&BS‚R ”¥5"CSƒR “²‚åRâ$ôÒFG Ð£3Sƒb# ”%$ÄSƒÐ£3"Sƒ‚FbÄSƒƒ¢ ”4Å$ “²4ÄT"45pÐ£32 “²ÒÒÒÒÒÒÒÒÒÒÒÒÒÒÒÒÒÒÒÒÒÒÒÒÒÒÒÒÒÒÒÒÒÒÒÒÒÒÒÒÒÒÒÒÐÐ£3B “²ÒÒÒÒÒÒÒÒÒÒÒÒÒÒÒÒÒÒÒÒÒÒÒÒÒÒÒÒÒÒÒÐÐ£3R “²U%"2SB&×0Ð£3b “²ãâgVVÂV×föÇFvRÃÀÐ£3r “²ÒÒÒÒÒÒÒÒÒÒÒÒÒÒÒÒÒÒÒÒÒÒÒÒÒÒÒÒÒÒÒÐÐ£3‚Sƒ’Cb6"ÄSƒ“¢ ”ÄD"C4" “°Ð£3’Sƒ"3BfR ”äD"2DdR “² Ð£CSƒB#r2 •5DC2 “²45pÐ£CSƒ#r" ”$UÄSƒB “²%"”b¤U$òpÐ£C" “²âââVÇ6PÐ£C2Sƒ"6 ”õ$"2C “²4UB# Ð£CBSƒBCr6"ÄSƒC¢ •5D"C4" “°Ð£CRSƒbƒbcÄSƒc¢ ”ÄD2Cc “²ôB6‚bÂ…V×föÇFvRÐ£CbSƒ‚&Bc&R ”¥5"Äc$R “²FòôB7V'&÷WF–æPÐ£CrSƒ"“rvb •5DCtb “²TÕdôÅE2Â„ôBÐ£C‚SƒB“bC ”ÄDCC “²D”täõ5D”2ÔôDRtB Ð£C’SƒbƒR ”$•D2C “²#BÂ4UBU%"SB…4UBäõB%Tää”ärÐ£SSƒ##b3r ”$äRÄSƒT “²%"”b#@Ð£S “²âââVÇ6PÐ£S"Sƒ#2ƒR‚ ”$•D2C‚ “²#0Ð£S2Sƒ#R#r3‚ ”$UÄSƒTb “²%"”bäõB#2Â„%•52U%"SBÐ£SB “²âââVÇ6PÐ£SRSƒ#rCbvR ”ÄD"CtR “²"ãdD2&GBföÇG2fÇVPÐ£SbSƒ#’c3"3r ”4Õ"Ä3#3r “²"äòdD2Ô”â”tâdôÅDtRdõ"U%"S@Ð£SrSƒ&2#R3 ”$52ÄSƒTb “²%"”b”tâdD2ÅB"dD2Â†'—72U%"3SBÐ£S‚ “²âââVÇ6PÐ£S’Sƒ&RƒRC ”$•D2CC “²#`Ð£cSƒ3#rB ”$UÄSƒ4b “²%"”bäõB#bÀÐ£c “²âââVÇ6PÐ£c"Sƒ3"FR3B ”ÄE‚C3B “°Ð£c2Sƒ3B&#’ ”%ÂÄSƒTb “²†'—72U%"3SBÐ£cB “²âââVÇ6PÐ£cRSƒ3bCbvb ”ÄD"Ctb “²TÕdôÅE2Â†öBÐ£cbSƒ3‚c3"3b ”4Õ"Ä3#3b “²"äòdD2Ô”âTÕdôÅE2dõ"U%"S@Ð£crSƒ6"#Br ”$42ÄSƒSB “²”bTÕdôÅE2Â%bÂ†'—72U%"3SBÐ£c‚ “²âââVÇ6PÐ£c’Sƒ6B#" ”%$ÄSƒT “°Ð£s “²ÒÒÒÒÒÒÒÒÒÒÒÒÒÒÒÒÒÒÒÒÒÒÒÒÒÒÒÒÒÒÒÐÐ£s “²U%"2SB&×0Ð£s" “²ãâgVVÂV×föÇFvRÃÀÐ£s2 “²ÒÒÒÒÒÒÒÒÒÒÒÒÒÒÒÒÒÒÒÒÒÒÒÒÒÒÒÒÒÒÒÐÐ£sBSƒ6bCbƒÄSƒ4c¢ ”ÄD"Cƒ “²U%"SBD”ÔU Ð£sRSƒCV2 ””ä4" “²”ä5"U%"SBDÔPÐ£sbSƒC"#r" ”$UÄSƒCb “²%"”bDÕ"Ò Ð£sr “²âââVÇ6PÐ£s‚SƒCBCrƒ •5D"Cƒ “²U%"SBD”ÔU Ð£s’SƒCbc3"3BÄSƒCc¢ ”4Õ"Ä3#3B “²ãR4T2u2Ô”âdõ"U%"S@Ð£ƒSƒC’#BB ”$42ÄSƒS‚ “²%"”bDÕ"uBãR4T0Ð£ƒ “²âââVÇ6PÐ£ƒ"SƒF"Cbvb ”ÄD"Ctb “²TÕdôÅE2Â„ôBÐ£ƒ2SƒFBc3"3R ”4Õ"Ä3#3R “²"dD2ÂÔ”âV×föÇG0Ð£ƒBSƒS#RB ”$52ÄSƒTb “²%"”bTÕdD2ÅB"dD2Â…4UBU%"3SBÐ£ƒR “²âââVÇ6PÐ£ƒbSƒS"†C ”õ$2CC “²#`Ð£ƒrSƒSBƒBFbÄSƒSC¢ ”äD2DDb “²Ð£ƒ‚SƒSb#r ”%$ÄSƒTb “°Ð£ƒ’SƒS‚†ÄSƒSƒ¢ ”õ$2C “²#@Ð£“SƒVBFb#ÄSƒT¢ ”%4UBCDbC# “²4UB#PÐ£“SƒVB†# ”õ$2C# “²#PÐ£“" “°Ð£“2 “²%•52U%"SBDU5E0Ð£“B “°Ð£“RSƒVbbÄSƒTc¢ •D" “°Ð£“bSƒc3BB ”äD"3B “² Ð£“rSƒc"ƒBc2 ”äD2Dc2 “²Ð£“‚SƒcBS‚ ”4Ä" “°Ð£“’SƒcR" ”$ “°Ð£Sƒcb“rC •5DCC “°Ð£Sƒc‚b •D" “°Ð£"Sƒc’“bvb ”ÄDCtb “²V×föÇG2Â„ôBÐ£2Sƒf"3R# ”$•D"2C# “²#PÐ£BSƒfB#r" ”$UÄSƒs “°Ð£R “²âââæVÇ6PÐ£b “²ÒÒÒÒÒÒÒÒÒÒÒÒÒÒÒÒÒÒÒÒÒÒÒÒÒÒÒÒÐÐ£r “²vWB&GBbb4ÄÂÂåRàÐ£‚ “°Ð£’ “²ÒÒÒÒÒÒÒÒÒÒÒÒÒÒÒÒÒÒÒÒÒÒÒÒÒÒÒÒÐÐ£Sƒfb“bvR ”ÄDCtR “²&GBföÇG2fÇVRÂ„ôB’Âf÷"Æ²W Ð£Sƒs6R32"ÄSƒs¢ ”ÄE‚2D34" “²ö–çBFò–æ¢öfg6WBg2&GBF&ÀÐ£"SƒsB&Bc"3b ”¥5"Äc$3b “´6ÆÂ&BÆ²WÂ„æòöfg6WBÐ£2Sƒsr“r6" •5DD4" “´–æ¢öfg6WB6÷'"Â×2£cRãc3bfÒF&ÀÐ£BSƒs’3’ •%E2 “°Ð£R “²¢¢¢¢¢¢¢¢¢¢¢¢¢¢¢¢¢¢¢¢¢¢¢¢¢¢¢¢¢¢¢¢¢¢¢¢¢¢¢¢¢¢¢¢¢¢¢¢¢¢¢¢¢¢ Ð£b “²¢¢¢¢¢¢¢¢¢¢¢¢¢¢¢¢¢¢¢¢¢¢¢¢¢¢¢¢¢¢¢¢¢¢¢¢¢¢¢¢¢¢¢¢¢¢¢¢¢¢¢¢¢¢ Ð£r “²¢ããâ”2F&ÆW2b&×2ÃÃÀÐ£‚ “² Ð£’ “² Ð£# “²¢¢¢¢¢¢¢¢¢¢¢¢¢¢¢¢¢¢¢¢¢¢¢¢¢¢¢¢¢¢¢¢¢¢¢¢¢¢¢¢¢¢¢¢¢¢¢¢¢¢¢¢¢¢ Ð£#Sƒv6R3b&RÄSƒt¢ ”ÄE‚2D3c$R “²”äDU‚”2F&ÆW2b&×0Ð£#"SƒvB“bc2 ”ÄDDc2 “°Ð£#2SƒvbƒR‚ ”$•D2C‚ “²#0Ð£#BSƒƒ#rVb ”$UÄS„S" “²%"”bäõB#0Ð£#R “²âââVÇ6PÐ£#bSƒƒ2Cbc" ”ÄD"Dc" “²”26çBvÂv÷&@Ð£#rSƒƒR“b3B ”ÄDC3B “°Ð£#‚SƒƒrƒR‚ ”$•D2C‚ “²#0Ð£#’Sƒƒ’#bB ”$äRÄSƒ„b “²%"”b#0Ð£3 “²âââVÇ6PÐ£3Sƒ†"“bcB ”ÄDDcB “°Ð£3"Sƒ†B#b#‚ ”$äRÄS„#r “²%"”bå Ð£32 “²âââVÇ6PÐ£3BSƒ†b“bÄSƒ„c¢ ”ÄDC “°Ð£3RSƒ“C‚ ”4Ä “°Ð£3bSƒ“"&"C2 ”$Ô’ÄS„Cr “°Ð£3r “²âââVÇ6PÐ£3‚Sƒ“B“b6" ”ÄDC4" “°Ð£3’Sƒ“bC‚ ”4Ä “°Ð£CSƒ“r&6R ”%ÂÄS„Cr “°Ð£C “²âââVÇ6PÐ£C"Sƒ“’#b3b32 ”ÄDÄ3c32 “°Ð£C2Sƒ–2C‚ ”4Ä “°Ð£CBSƒ–B#R •5T$CR “°Ð£CRS†#" ”$„’ÄS„#2 “°Ð£Cb “²âââVÇ6PÐ£CrS†"“b ”ÄDC “°Ð£C‚S†B†C ”õ$2CC “²4UB#`Ð£C’S†b“r •5DC “°Ð£SS†‚“b6" ”ÄDC4" “°Ð£SS†ƒB&b ”äD2C$b “°Ð£S"S†2“r6" •5DC4" “°Ð£S2S†R#b3bsr ”ÄDÄ3csr “°Ð£SBS†### ”%$ÄS„CB “°Ð£SRS†#2ƒbƒ"ÄS„#3¢ ”ÄD2Cƒ" “°Ð£SbS†#R#" ”%$ÄS„3" “°Ð£SrS†#r#b3b3"ÄS„#s¢ ”ÄDÄ3c3" “°Ð£S‚S†&C‚ ”4Ä “°Ð£S’S†&"#R •5T$CR “°Ð£cS†&R#2" ”$Å2ÄS„4" “°Ð£c “²âââVÇ6PÐ£c"S†3ƒb" ”ÄD2C" “°Ð£c2S†3"#rÄS„3#¢ •5DC “°Ð£cBS†3R6‚ ”õ$"2C‚ “²#0Ð£cRS†3r3BVb ”äD"2DTb “²Ð£cbS†3’#R ”%$ÄS„S “°Ð£crS†6"“b3BÄS„4#¢ ”ÄDC3B “°Ð£c‚S†6B†‚ ”õ$2C‚ “²4UB#0Ð£c’S†6b“r3B •5DC3B “°Ð£sS†C#b3bsb ”ÄDÄ3csb “°Ð£sS†CB#r"ÄS„CC¢ •5DC" “²D•4$ÄR”B4ÄBÅD”ÔU Ð£s"S†Cr3BcrÄS„Cs¢ ”äD"2Dcr “²Ð£s2S†C’Crc" •5D"Dc" “²”26çBvÂv÷&@Ð£sBS†F"vbR ”4Å"CR “°Ð£sRS†FR#2 ”%$ÄS„S2 “°Ð£sbS†SCrc"ÄS„S¢ •5D"Dc" “²”26çBvÂv÷&@Ð£srS†S"3’ÄS„S#¢ •%E2 “°Ð£s‚ “²ÒÒÒÒÒÒÒÒÒÒÒÒÒÒÒÒÒÒÒÒÒÒÒÒÒÒÒÒÒÒÒÒÒÒÒÒÒÒÒÒÒÒÒÒÒÒÒÒÒÐÐ£s’ “²ÒÒÒÒÒÒÒÒÒÒÒÒÒÒÒÒÒÒÒÒÒÒÒÒÒÒÒÒÒÒÒÒÒÒÒÒÒÒÒÒÒÒÒÒÒÒÒÒÒÐÐ£ƒ “°Ð£ƒ “°Ð£ƒ" “°Ð£ƒ2 “²ÒÒÒÒÒÒÒÒÒÒÒÒÒÒÒÒÒÒÒÒÒÒÒÒÒÒÒÒÒÒÒÒÒÒÒÒÒÒÒÒÒÒÒÒÒÒÒÒÒÐÐ£ƒBS†S2“bc2ÄS„S3¢ ”ÄDDc2 “°Ð£ƒRS†SRƒR# ”$•D2C# “°Ð£ƒbS†Sr#bc’ ”$äRÄS„S" “°Ð£ƒr “²âââVÇ6PÐ£ƒ‚S†S’“bƒB ”ÄDCƒB “²E2BôbÆB†–W2f Ð£ƒ’S†V"Cb6B ”ÄD"C4B “°Ð£“S†VB3R ”$•D"2C “²#@Ð£“S†Vb#r2 ”$UÄS„dB “²%"”bäõB#BÀÐ£“" “²âââVÇ6PÐ£“2S†cCb3R ”ÄD"D3R “²7FÆÂ6fR”27G2Â…6V2£ƒÐ£“BS†c2#r‚ ”$UÄS„dB “°Ð£“R “²âââVÇ6PÐ£“bS†cRV ”DT4" “°Ð£“rS†cbCr3R •5D"D3R “²7FÆÂ6fR”27G2Â…6V2£ƒÐ£“‚S†c‚&"3b2 ”DDÄ3c2 “²2ã#RRE27WBöfb5DÄÂ4dU Ð£“’ “²E2DTdTÅ@Ð£#S†f"#RB ”$52ÄS“ “°Ð£# “²âââVÇ6PÐ£#"S†fBCbC2ÄS„dC¢ ”ÄD"CC2 “°Ð£#2S†fb3R" ”$•D"2C" “²#Ð£#BS“#rR ”$UÄS“‚ “²%"”bäõB#Ð£#R “²âââVÇ6PÐ£#bS“2&"3b ”DDÄ3c “²BRE2ÂDd4òBôbE2FVfVÇ@Ð£#rS“b#r ”%$ÄS“b “°Ð£#‚S“‚Cb6RÄS“ƒ¢ ”ÄD"C4R “°Ð£#’S“&r ”%ÂÄS“2 “°Ð£# “²âââVÇ6PÐ£#S“2&"3Rcr ”DDÄ3Tcr “²BÂFV6VÂVæÆVâBôbFVfVÇ@Ð£#"S“b#B"ÄS“c¢ ”$42ÄS“2 “°Ð£#2 “²âââVÇ6PÐ£#BS“ƒbfbÄS“¢ ”ÄD2Ddb “°Ð£#RS“2Cbc"ÄS“3¢ ”ÄD"Dc" “²”26çBvÂv÷&@Ð£#bS“RB ”4ÕCBÅ‚ “°Ð£#rS“r#"B ”$„’ÄS“3b “°Ð£#‚ “²âââVÇ6PÐ£#’S“’“bƒR ”ÄDCƒR “²öÆBfÂfÒE2F&ÀÐ£##S“"B ”4ÕCBÅ‚ “°Ð£##S“B#2R ”$Å2ÄS“#B “°Ð£##" “²âââVÇ6PÐ£##2S“bbCb ”ÄDCCbÅ‚ “°Ð£##BS“##r" •5DC" “²D•4$ÄR”B4ÄBÅD”ÔU Ð£##RS“#BFbÄS“#C¢ ”4Å$ “°Ð£##bS“#R3RS ”$•D"2CS “²#Bb#`Ð£##rS“#r#b" ”$äRÄS“CB “²%"”bäõB#Bb#`Ð£##‚ “²âââVÇ6PÐ£##’ “°Ð£#3 “²4²u"5DTU$”äpÐ£#3 “°Ð£#3"S“#’3r •4„" “°Ð£#32S“&Cb3r ”ÄD"C3r “²Ô5R”åUB5DEU2t@Ð£#3BS“&23R‚ ”$•D"2C‚ “²#2Âu"5DTU"5r%’„’$U55U$PÐ£#3RS“&R32 •TÄ" “°Ð£#3bS“&b#b2 ”$äRÄS“CB “²%"”b#2Âu"5DTU"5pÐ£#3r “°Ð£#3‚ “²E2äô•4RTÄTÒÂ„DôâuBÔôBô24ôÕTå4D”ôàÐ£#3’ “°Ð£#C “²âââVÇ6PÐ£#CS“3vBR •E5BCR “²4²”bDb•2DôäPÐ£#C"S“3B#rVb ”$UÄS““R “²%"”bäõBDôäPÐ£#C2 “²âââVÇ6PÐ£#CBS“3bSb3BÄS“3c¢ ”ÄD"C3BÅ‚ “²Dbt”âDò"&VpÐ£#CRS“3‚6B ”ÕTÂ “²5DU4ÔBÒE2¢Dbt”àÐ£#CbS“3’R ”4ÄB “²ƒ Ð£#CrS“6#B" ”$42ÄS“4R “²%"”bäòõdU$dÄõpÐ£#C‚ “²âââVÇ6PÐ£#C’S“62ƒbfb ”ÄD3#SR “²U4RÔ‚dÀÐ£#S “°Ð£#S “²4²”b5DU4ÔruBDbÔ€Ð£#S"S“6RSb3RÄS“4S¢ ”ÄD"C3RÅ‚ “°Ð£#S2S“C ”4$ “°Ð£#SBS“C#2 ”$Å2ÄS“CB “²%"”b4TU4ÔB•2ô°Ð£#SR “²âââVÇ6PÐ£#SbS“C2r •D$ “°Ð£#Sr “°Ð£#S‚ “²4²”bu"5DTU"$U52„Ð£#S’ “°Ð£#cS“CBCb3rÄS“CC¢ ”ÄD"C3r “²Ô5R”åUB5DEU2t@Ð£#cS“Cb3R‚ ”$•D"2C‚ “²#2Âu"5DTU"5pÐ£#c"S“C‚#rr ”$UÄS“c “²%"”bäõB#2ÀÐ£#c2 “²âââVÇ6PÐ£#cBS“F"S" ”DDCS"Å‚ “²DBu"5DTU"åD”4•DPÐ£#cRS“F2#B" ”$42ÄS“S “²%"”bäòõdU$dÄõpÐ£#cb “²âââVÇ6PÐ£#crS“FRƒbfb ”ÄD3#SR “²U4RÔ‚dÀÐ£#c‚S“SCbc"ÄS“S¢ ”ÄD"Dc" “²”26çBvÂv÷&@Ð£#c’S“S"&"r ”$Ô’ÄS“T" “²%"”`Ð£#s “²âââVÇ6PÐ£#sS“SB&"3bƒ ”DDÄ3cƒ “²”25E2Âw"7FVW"çF–6—FR5DU0Ð£#s"S“Sr#B" ”$42ÄS“T" “²%"”bäòõdU$dÄõpÐ£#s2 “²âââVÇ6PÐ£#sBS“S’ƒbfb ”ÄD3#SR “²U4RÔ‚dÅTPÐ£#sRS“V"6CÄS“T#¢ ”õ$"2CC “²4UB#bÂÄB•2$T”är4ôåE$ôÄT@Ð£#sbS“VB3BfR ”äD"2DdR “² Ð£#srS“Vb##’ ”%$ÄS“„ “°Ð£#s‚S“cCbc"ÄS“c¢ ”ÄD"Dc" “²”26çBvÂv÷&BÂô2$UTU5@Ð£#s’S“c2&"b ”$Ô’ÄS“ƒB “°Ð£#ƒ “²âââVÇ6PÐ£#ƒS“cRCb&B ”ÄD"C$B “²–FÆR7Bô2çF–0Ð£#ƒ"S“crS3‚ ”4Õ"C3‚Å‚ “°Ð£#ƒ2S“c’#"B ”$„’ÄS“db “°Ð£#ƒB “²âââVÇ6PÐ£#ƒRS“f"S3’ ”4Õ"C3’Å‚ “°Ð£#ƒbS“fB#B" ”$42ÄS“t “°Ð£#ƒr “²âââVÇ6PÐ£#ƒ‚S“fbcb3bcRÄS“dc¢ ”ÄD"Ä3ccR “°Ð£#ƒ’S“s"Cr&B •5D"C$B “²–FÆR7Bô2çF–0Ð£#“S“sBCb6B ”ÄD"C4B “°Ð£#“S“sb6C ”õ$"2CC “²4UB#`Ð£#“"S“s‚Cr6B •5D"C4B “°Ð£#“2S“vCbc"ÄS“t¢ ”ÄD"Dc" “²”26çBvÂv÷&@Ð£#“BS“v2–"&B ”DDC$B “°Ð£#“RS“vR#B ”$42ÄS“„ “²%"”bäòõdU$dÄõpÐ£#“b “²âââVÇ6PÐ£#“rS“ƒƒbfb ”ÄD3#SR “²U4RÔ‚dÀÐ£#“‚S“ƒ"#b ”%$ÄS“„ “°Ð£#“’S“ƒB3RCÄS“ƒC¢ ”$•D"2CC “²#bÂÄôB•2$T”är4åBtT@Ð£3S“ƒb#r" ”$UÄS“„ “²%"”bäõB#`Ð£3 “²âââVÇ6PÐ£3"S“ƒ‚6# ”õ$"2C# “²4UB#RÂÄôB•2$T”är$TÔõdT@Ð£32S“†Crc"ÄS“„¢ •5D"Dc" “²”26çBvÂv÷&BÐ£3BS“†2Cbc2 ”ÄD"Dc2 “²”26çBvÂv÷&B"Â²ôäUU@Ð£3RS“†R&r ”%ÂÄS““r “²%"”b”âE$•dPÐ£3b “²âââVÇ6PÐ£3rS““Sb3b ”ÄD"C3bÅ‚ “²²ôäUUBÕTÅ@Ð£3‚S““"6B ”ÕTÂ “°Ð£3’S““2#b ”%$ÄS”B “°Ð£3S““R#F2ÄS““S¢ ”%$ÄS”S2 “°Ð£3S““rCbcrÄS““s¢ ”ÄD"Ccr “²Õ‚òƒbóRÐ£3"S““’S# ”4Õ"C#Å‚ “°Ð£32S“–"#2r ”$Å2ÄS”B “°Ð£3B “²âââVÇ6PÐ£3RS“–B&"3bƒ2 ”DDÄ3cƒ2 “²R7FW2FFVBFòBäbâ–âG&—fRbÔõd”äpÐ£3bS–#B" ”$42ÄS”B “²%"”bäòõdU$dÄõpÐ£3r “²âââVÇ6PÐ£3‚S–"ƒbfb ”ÄD3#SR “²U4RÔ‚dÅTPÐ£3’S–BCbc"ÄS”C¢ ”ÄD"Dc" “²26çBvÂv÷&@Ð£3#S–b6 ”õ$"2C “²#@Ð£3#S–‚#R •5T$CR “°Ð£3#"S–"#Rb ”$52ÄS”#2 “°Ð£3#2 “²âââVÇ6PÐ£3#BS–B&b ”%ÂÄS”3R “°Ð£3#R “²âââVÇ6PÐ£3#bS–bƒbvb ”ÄD3#r “°Ð£3#rS–##" ”%$ÄS”3R “°Ð£3#‚S–#2&""ÄS”#3¢ ”$Ô’ÄS”#r “°Ð£3#’ “²âââVÇ6PÐ£33S–#Rƒbƒ ”ÄD2Cƒ “°Ð£33S–#rCÄS”#s¢ ”äTt “°Ð£33"S–#‚3r •4„" “°Ð£332S–#’ƒ2 ”4Õ2C2 “°Ð£33BS–&"#BR ”$42ÄS”3" “°Ð£33R “²âââVÇ6PÐ£33bS–&BSbCb ”ÄD"CCbÅ‚ “°Ð£33rS–&bcr" •5D"C" “²D•4$ÄR”B4ÄBÅD”ÔU Ð£33‚S–3"†ƒÄS”3#¢ ”õ$2Cƒ “²#`Ð£33’S–3B32 •TÄ" “°Ð£3CS–3R#rÄS”3S¢ •5DC “°Ð£3CS–3‚C‚ ”4Ä “°Ð£3C"S–3’#r2 ”$UÄS”Cr “°Ð£3C2 “²âââVÇ6PÐ£3CBS–6"#RS‚ ”$52ÄT#R “²U„•@Ð£3CR “²âââVÇ6PÐ£3CbS–6B“b&2 ”ÄDC$2 “²”2&W6VçB÷6—@Ð£3CrS–6bFB ”4ÕCDBÅ‚ “°Ð£3C‚S–C#RS" ”$52ÄT#R “°Ð£3C’ “²âââVÇ6PÐ£3SS–C23BVb ”äD"2DTb “²Ð£3SS–CR#2 ”%$ÄS”S2 “°Ð£3S"S–Cr3B6bÄS”Cs¢ ”äD"2D4b “²Ð£3S2 “²âââVÇ6PÐ£3SBS–C’&‚ ”%ÂÄS”S2 “°Ð£3SR “²âââVÇ6PÐ£3SbS–F"“b3r ”ÄDC3r “°Ð£3SrS–FBƒR‚ ”$•D2C‚ “°Ð£3S‚S–Fb#b" ”$äRÄS”S2 “°Ð£3S’ “²âââVÇ6PÐ£3cS–S3B&R ”äD"2D$R “°Ð£3c “°Ð£3c" “²ÒÒÒÒÒÒÒÒÒÒÒÒÒÒÒÒÒÒÒÒÒÒÒÒÒÒÒÒÒÒÒÒÒÒÒÒÒÒÒÒÒÒÒÒÒÒÒÒÒÐÐ£3c2 “²4²”b”âÔôDRBÂÒÒÒÒ¢¢¢¢ Ð£3cB “²4UB”2ÔôDPÐ£3cR “°Ð£3cb “²T4ÒE•RDS`Ð£3cr “°Ð£3c‚ “²ÔôDRB4åBtÂtBâââ„2dÄu0Ð£3c’ “²ÒÒÒÒÒÒÒÒÒÒÒÒÒÒÒÒÒÒÒÒÒÒÒÒÒÒÒÒÒÒÒÒÒÒÒÒÒÒÒÒÒÒÒÒÒÒÒÒÒÐÐ£3sS–S223R‚"ÄS”S3¢ ”%$4Å"C3RC‚ÄS”c’ “²%"”bäõB#2ÂÔôDR@Ð£3s “²âââVÇ6PÐ£3s"S–Sr#bSB ”ÄDCSB “°Ð£3s2S–VƒR" ”$•D2C" “²#Ð£3sBS–V2#r" ”$UÄS”c’ “²%"”bäõB#Ð£3sR “²âââVÇ6PÐ£3sbS–VR#bSR ”ÄDCSR “²tUBÄDÀÐ£3srS–c3Bf" ”äD"2Dd" “²4Å"# Ð£3s‚S–c2ƒR" ”$•D2C" “²#Ð£3s’S–cR#b&R ”$äRÄT#R “²%"”b#tò4dR”24åBtÂt@Ð£3ƒ “²äBU„•Bf–%E0Ð£3ƒ “²âââVÇ6PÐ£3ƒ"S–cr6B ”õ$"2CB “²4UB# Ð£3ƒ2 “²ÒÒÒÒÒÒÒÒÒÒÒÒÒÒÒÒÒÒÒÒÒÒÒÒÒÒÒÒÒÒÒÒÒÒÒÒÒÒÒÒÒÒÒÒÒÒÒÒÒÐÐ£3ƒB “²ÒÒÒÒÒÒÒÒÒÒÒÒÒÒÒÒÒÒÒÒÒÒÒÒÒÒÒÒÒÒÒÒÒÒÒÒÒÒÒÒÒÒÒÒÒÒÒÒÒÐÐ£3ƒRS–c’3RBÄS”c“¢ ”$•D"2CB “²# Ð£3ƒbS–f"#b#‚ ”$äRÄT#R “²"”bäõB# Ð£3ƒr “²âââVÇ6PÐ£3ƒ‚S–fB“bcr ”ÄDCcr “²Õ‚òƒbóRÐ£3ƒ’S–fb#b# ”$äRÄT# “²%"”bå¢ÂÔõd”äpÐ£3“ “²âââVÇ6PÐ£3“V“bƒB ”ÄDCƒB “²E2BôbÆB†–W2f Ð£3“"V2B ”4ÕCBÅ‚ “°Ð£3“2VR#B ”$42ÄT# “°Ð£3“B “²âââVÇ6PÐ£3“RVr“bS‚ ”ÄDCS‚ “²%Òó"ãPÐ£3“bV’#" ”4ÕC" “°Ð£3“rV2#2b ”$Å2ÄTB “°Ð£3“‚ “²âââVÇ6PÐ£3“’VRƒbƒ" ”ÄD2Cƒ" “°Ð£CV6" ”õ$"2C" “°Ð£CV"#R ”%$ÄT#" “°Ð£C"VBƒb"ÄTC¢ ”ÄD2C" “°Ð£C2Vb3R" ”$•D"2C" “°Ð£CBV‚#r‚ ”$UÄT#" “°Ð£CR “²âââVÇ6PÐ£CbV6B ”õ$"2CB “°Ð£CrV2bCR ”ÄDCCRÅ‚ “°Ð£C‚VR#r" •5DC" “²D•4$ÄR”B4ÄBÅD”ÔU Ð£C’V#FbÄT#¢ ”4Å$ “°Ð£CV#"#rÄT##¢ •5DC “°Ð£C “²ÒÒÒÒÒÒÒÒÒÒÒÒÒÒÒÒÒÒÒÒÒÒÒÒÒÒÒÒÒÒÒÒÒÒÒÒÒÒÒÒÒÒÒÒÒÒÒÒÒÐÐ£C"V#RCrc"ÄT#S¢ •5D"Dc" “²”26çBvÂv÷&@Ð£C2V#r3’ •%E2 “°Ð£CB “²¢¢¢¢¢¢¢¢¢¢¢¢¢¢¢¢¢¢¢¢¢¢¢¢¢¢¢¢¢¢¢¢¢¢¢¢¢¢¢¢¢¢¢¢¢¢¢¢¢¢¢¢¢¢ Ð£CR “²¢¢¢¢¢¢¢¢¢¢¢¢¢¢¢¢¢¢¢¢¢¢¢¢¢¢¢¢¢¢¢¢¢¢¢¢¢¢¢¢¢¢¢¢¢¢¢¢¢¢¢¢¢¢ Ð£Cb “²¢Ô¤õ"Äôõ5T%$õUD”äR4Tr2ÂÖ—62×6V0Ð£Cr “² Ð£C‚ “² Ð£C’ “²¢¢¢¢¢¢¢¢¢¢¢¢¢¢¢¢¢¢¢¢¢¢¢¢¢¢¢¢¢¢¢¢¢¢¢¢¢¢¢¢¢¢¢¢¢¢¢¢¢¢¢¢¢¢ Ð£C#V#‚Cb3RÄT#ƒ¢ ”ÄD"C3R “°Ð£C#V&3B6b ”äD"2D4b “²6Ç"#Bb#R„D”rÔBbÄDÂÔôDRÐ£C#" “°Ð£C#2 “²$TBôBäB4²D”täõ5D”2”â"dôÅDtRâââàÐ£C#B “°Ð£C#RV&2ƒbs ”ÄD2Cs “²ôB6‚rÂ…7F'Bõ'Vâw"Ð£C#bV&R&Bc&R ”¥5"Äc$R “²FòôB7V'&÷WF–æPÐ£C#rV3ƒ#‚ ”4Õ3C “²ƒ×`Ð£C#‚V32#R ”$52ÄTCR “²%"”bôBÅBƒ×bÂ„u$õTäBtTBE5BÐ£C#’ “²âââVÇ6PÐ£C3V3RƒcB ”4Õ3 “²"ãdE`Ð£C3V3r#RR ”$52ÄTCr “²%"”bôBÅB"ãdD0Ð£C3" “²âââVÇ6PÐ£C32V3’ƒ“‚ ”4Õ3S" “²2ãBdE`Ð£C3BV6"#B ”$42ÄTCr “²%"”bôBuB2ãRdD2Â…$ôBE5BÔôDRÐ£C3R “²âââVÇ6PÐ£C3bV6B"Cb‚b ”%%4UBCCbC‚ÄTCr “²%"–bƒ“"ÖöFR–âÆö6¶VBÖöFPÐ£C3r “²âââVÇ6PÐ£C3‚VC6# ”õ$"2C# “²4UB#PÐ£C3’VC2#" ”%$ÄTCr “°Ð£CCVCR6ÄTCS¢ ”õ$"2C “²4UB#BÂ„D”r5r”âD”rÔôDRÐ£CC “²„u$õTäBtTBD”r”âÐ£CC"VCrCr3RÄTCs¢ •5D"C3R “°Ð£CC2 “²ÒÒÒÒÒÒÒÒÒÒÒÒÒÒÒÒÒÒÒÒÒÒÒÒÒÒÒÒÒÒÒÒÒÒÒÒÒÒÒÒÒÒÒÒÒÒÒÒÒÐÐ£CCB “²ÒÒÒÒÒÒÒÒÒÒÒÒÒÒÒÒÒÒÒÒÒÒÒÒÒÒÒÒÒÒÒÒÒÒÒÒÒÒÒÒÒÒÒÒÒÒÒÒÒÐÐ£CCRVC’#b#" ”ÄDC#" “°Ð£CCbVF2#rb ”$UÄTSB “°Ð£CCr “²âââVÇ6PÐ£CC‚VFR“b32 ”ÄDC32 “²Ô”äõ"ÄôõÔBtBÐ£CC’VS†B ”õ$2CB “²4UB#"Â5D4²õdU"u$•DPÐ£CSVS"“r32 •5DC32 “°Ð£CSVSBFbÄTSC¢ ”4Å$ “°Ð£CS"VSRVb ”4Å$" “°Ð£CS2VSbfB6b6R •5DBC4d4R “²óóòDTÄÐ£CSBVS’“b3B ”ÄDC3B “°Ð£CSRVV"&"#2 ”$Ô’ÄTƒ “°Ð£CSb “²âââVÇ6PÐ£CSrVVB“bC2 ”ÄDCC2 “°Ð£CS‚VVbƒBCR ”äD2DCR “²4ÄT"##2b#PÐ£CS’Vc“rC2 •5DCC2 “°Ð£Cc “²ÒÒÒÒÒÒÒÒÒÒÒÒÒÒÒÒÒÒÒÒÒÒÒÒÒÒÒÒÒÒÒÒÒÒÒÒÒÒÒÒÒÒÒÒÒÒÒÒÒÐÐ£CcVc2“bV" ”ÄDCT" “²4ôôÄå@Ð£Cc"VcR“rVb •5DCTb “²5D%EU4ôôÄå@Ð£Cc2Vcr"C" ”%%4UBCCCÄTsb “²%"”b#`Ð£CcB “²âââVÇ6PÐ£CcRVf"#3&2 ”4ÕÄ3$2 “²†÷B&W7F'BÆ–Ö—BÂƒ#”bÐ£CcbVfR#Rb ”$52ÄTsb “°Ð£Ccr “²âââVÇ6PÐ£Cc‚Vs“b ”ÄDC “²àÐ£Cc’Vs"†C ”õ$2CC “²4UB#`Ð£CsVsB“r •5DC “°Ð£Cs “²ÒÒÒÒÒÒÒÒÒÒÒÒÒÒÒÒÒÒÒÒÒÒÒÒÒÒÒÒÒÒÒÒÒÒÒÒÒÒÒÒÒÒÒÒÒÒÒÒÒÐÐ£Cs"VsbVbÄTsc¢ ”4Å$" “°Ð£Cs2Vsr#b32 ”ÄDÄ34 “²ó"f–ÇFW"–æ—BfÂfÒ$ôÐÐ£CsBVvFBfb •5DBCdb “°Ð£CsRVv2“rs2 •5DCs2 “°Ð£CsbVvR#b ”%$ÄT„b “°Ð£Csr “²ÒÒÒÒÒÒÒÒÒÒÒÒÒÒÒÒÒÒÒÒÒÒÒÒÒÒÒÒÒÒÒÒÒÒÒÒÒÒÒÒÒÒÒÒÒÒÒÒÒÐÐ£Cs‚VƒR"ÄTƒ¢ ”$4Å"C"C “²4Å"#BÂ4´•”2ÔõDõ"$U4U@Ð£Cs’ “²ÒÒÒÒÒÒÒÒÒÒÒÒÒÒÒÒÒÒÒÒÒÒÒÒÒÒÒÒÒÒÒÒÒÒÒÒÒÒÒÒÒÒÒÒÒÒÒÒÒÐÐ£CƒVƒ2FRs2 ”ÄE‚Cs2 “°Ð£CƒVƒR“bfb ”ÄDCdb “°Ð£Cƒ"Vƒrcb32–b ”ÄD"Ä33”b “²×6V2ó"6öV`Ð£Cƒ2V†&Bc"S ”¥5"Äc#S “°Ð£CƒBV†BFBs2 •5DBCs2 “°Ð£CƒRV†bƒb†bÄT„c¢ ”ÄD2C„b “²Ð£CƒbV“#rC2 •5DCC2 “°Ð£CƒrV“B3’ •%E0Ð£Cƒ‚ “²¢¢¢¢¢¢¢¢¢¢¢¢¢¢¢¢¢¢¢¢¢¢¢¢¢¢¢¢¢¢¢¢¢¢¢¢¢¢¢¢¢¢¢¢¢¢¢¢¢¢¢¢¢¢ Ð£Cƒ’ “²¢¢¢¢¢¢¢¢¢¢¢¢¢¢¢¢¢¢¢¢¢¢¢¢¢¢¢¢¢¢¢¢¢¢¢¢¢¢¢¢¢¢¢¢¢¢¢¢¢¢¢¢¢¢ Ð£C“ “²¢Ô¤õ"Äôõ5T%$õUD”äRÂ4TrpÐ£C“ “² Ð£C“" “²¢Ä²U6ööÆçBf"w0Ð£C“2 “² Ð£C“B “²¢%TE•R3"T4ÐÐ£C“R “²¢¢¢¢¢¢¢¢¢¢¢¢¢¢¢¢¢¢¢¢¢¢¢¢¢¢¢¢¢¢¢¢¢¢¢¢¢¢¢¢¢¢¢¢¢¢¢¢¢¢¢¢¢¢ Ð£C“b “°Ð£C“r “²Ä²U&–6‚ôÆVâöfg6WBg26ööÆçBFV× Ð£C“‚ “°Ð£C“’ “²D$ÂÒ$”âdÀÐ£S “°Ð£SV“R“bV"ÄT“S¢ ”ÄDCT" “²4ôôÄå@Ð£S"V“rƒC ”4Õ3#‚ “²V0Ð£S2V“’#2" ”$Å2ÄT”B “²%"”bÅBV0Ð£SB “²âââVÇ6PÐ£SRV–"ƒbC ”ÄD3#‚ “²U4RV2Ô‚dõ"Ä²U Ð£SbV–B“rVRÄT”C¢ •5DCTR “²ÄÕBtTB4ôôÄå@Ð£SrV–b6R3R&" ”ÄE‚2D3T$" “²&–6‚ôÆVâöfg6WBF&ÀÐ£S‚V"&Bc"3b ”¥5"Äc$3b “²&BÆ²WÂ„æòöfg6WBÐ£S’VR“rC •5DDC “²ÆVâöfg6WBÂ†–b6ööÂ’fÒF&ÀÐ£S “²ÒÒÒÒÒÒÒÒÒÒÒÒÒÒÒÒÒÒÒÒÒÒÒÒÒÒÒÒÒÒÒÒÒÒÒÒÒÒÐÐ£S “²ÒÒÒÒÒÒÒÒÒÒÒÒÒÒÒÒÒÒÒÒÒÒÒÒÒÒÒÒÒÒÒÒÒÒÒÒÒÒÒÒÐÐ£S" “²Ä²UçVÖ&W"öb5”ä2VÇ6W2g26ööÆç@Ð£S2 “°Ð£SB “°Ð£SR “²ÒÒÒÒÒÒÒÒÒÒÒÒÒÒÒÒÒÒÒÒÒÒÒÒÒÒÒÒÒÒÒÒÒÒÒÒÒÒÒÒÐÐ£SbVr“bV" ”ÄDCT" “²4ôôÄå@Ð£SrV’6R32B ”ÄE‚2D33B “²çVÖ&W"öb5”ä2VÇ6W2F&ÀÐ£S‚V2&Bc"&b ”¥5"Äc$$b “²&BÆ²Wrò–çFW' Ð£S’Vb“rCr •5DDCr “²çVÒöb7–æ2VÇ6W2FòFðÐ£S# “²ÒÒÒÒÒÒÒÒÒÒÒÒÒÒÒÒÒÒÒÒÒÒÒÒÒÒÒÒÒÒÒÒÒÒÒÒÒÒÒÒÒÒÒÒÒÒÒÒÒÐÐ£S# “²ÒÒÒÒÒÒÒÒÒÒÒÒÒÒÒÒÒÒÒÒÒÒÒÒÒÒÒÒÒÒÒÒÒÒÒÒÒÒÒÒÒÒÒÒÒÒÒÒÒÐÐ£S#" “²7–æ2f7F÷"g24ôôÄå@Ð£S#2 “°Ð£S#B “²D$ÂÒf7F÷"¢#€Ð£S#R “²ÒÒÒÒÒÒÒÒÒÒÒÒÒÒÒÒÒÒÒÒÒÒÒÒÒÒÒÒÒÒÒÒÒÒÒÒÒÒÒÒÒÒÒÒÒÒÒÒÒÐÐ£S#bV#“bV" ”ÄDCT" “²4ôôÄå@Ð£S#rV#26R32#r ”ÄE‚2D33#r “²7–æ2f7F÷"F&ÀÐ£S#‚V#b&Bc"&b ”¥5"Äc$$b “²&BÆ²Wrò–çFW' Ð£S#’V#’“rC‚ •5DDC‚ “²6ööÂf7Bf÷"7–æ2VÇ6W0Ð£S3 “²ÒÒÒÒÒÒÒÒÒÒÒÒÒÒÒÒÒÒÒÒÒÒÒÒÒÒÒÒÒÒÒÒÒÒÒÒÒÒÒÒÒÒÒÒÒÒÒÒÒÐÐ£S3 “°Ð£S3" “²äÄôrÔb%U$âôdb$õUD”äPÐ£S32 “°Ð£S3BV&"“bV" ”ÄDCT" “²4ôôÄå@Ð£S3RV&B6R3b2 ”ÄE‚2D3c2 “²w"Vç&–6†ÖVçB—"ôgVVÂF&ÀÐ£S3bV3&Bc"&b ”¥5"Äc$$b “²&BÆ²Wrò–çFW' Ð£S3rV32“rC •5DDC “²ÅRe"R6†rg26ööÂFV× Ð£S3‚ “²ÒÒÒÒÒÒÒÒÒÒÒÒÒÒÒÒÒÒÒÒÒÒÒÒÒÒÒÒÒÒÒÒÒÒÒÒÒÒÒÒÒÐÐ£S3’ “°Ð£SC “²äÄôrÔb%U$âôdb$õUD”äPÐ£SC “°Ð£SC"V3R26""2 ”%$4Å"C4"C"ÄTCR “²%"”bäõB#Â%"”b5D%BäõBTä"tÄT@Ð£SC2 “²âââVÇ6PÐ£SCBV3’"323"‚ ”%%4UBC32C3"ÄTCR “²%"”b#b#Bb#RÂƒÒ”tâôdbÂTä Ð£SCR “²Ôb"ôòÐ£SCb “²âââVÇ6RÀÐ£SCrV6Bv2Bs" ””ä2CCs" “²5D%BD”ÔPÐ£SC‚VC#b2 ”$äRÄTCR “²%"”bå¢ÀÐ£SC’ “²âââVÇ6PÐ£SSVC"vBs" ”DT2CCs" “°Ð£SSVCR232S2ÄTCS¢ ”%$4Å"C32CÄT#$2 “²%"”bäõB#BÂƒÒ”tâäõBôâÐ£SS" “²âââVÇ6PÐ£SS2VC’26RCFb ”%$4Å"C4RCCÄT#$2 “²%"”bäõB#bÂ”bäòTä$ÄT@Ð£SSB “²âââVÇ6PÐ£SSRVFB2#‚fbR ”%$4Å"D#‚DdbÄTSb “²%"”bäõBDdbÂ%"”rDTÄ’Ò Ð£SSb “²âââVÇ6PÐ£SSrVSv#‚ ”DT2D#‚ “²DT5"4åBu Ð£SS‚VSB#Cb ”%$ÄT#$2 “²U„•B"ôðÐ£SS’VSb2#rfbC"ÄTSc¢ ”%$4Å"D#rDdbÄT#$2 “²%"”bäõBDdbÂ%"”b"ôòDôÔRÒ Ð£Sc “²âââVÇ6PÐ£ScVVv#r ”DT2D#r “²DT5"4åBu Ð£Sc"VVB6RFbfb ”ÄE‚2DDddb “²SrÃ3C0Ð£Sc2Vcfb6bF •5E‚C4dD “²Ö72—""åRârDÕ Ð£ScB “°Ð£ScR “²äÄôrÔb%U$âôdbU%"3`Ð£Scb “°Ð£ScrVc2"6bCC" ”%%4UBC4bCCÄT#3’ “²%"”b#`Ð£Sc‚ “²âââVÇ6PÐ£Sc’Vcr#bb ”ÄDCb “²Ôb'W&âöfbFVÆ’F× Ð£SsVf#3"# ”4ÕÄ3## “²3×6V2FÇ’&–÷"Fò'W&âöf`Ð£SsVfB#Bb ”$42ÄT#R “²%"”bD”ÔRÅB3×6V0Ð£Ss" “²âââVÇ6PÐ£Ss2VfbF2 ””ä4 “²”ä5"Ôb'W&âöfbFVÆ’F× Ð£SsBV##rb •5DCb “²4dRäUrÔb'W&âöfbFVÆ’F× Ð£SsRV#2#3B ”%$ÄT#3’ “°Ð£Ssb “²ÒÒÒÒÒÒÒÒÒÒÒÒÒÒÒÒÒÒÒÒÒÒÒÒÒÒÐÐ£Ssr “²4²U%"3b&×0Ð£Ss‚ “²Ôb'W&âöfbF–pÐ£Ss’ “²ÒÒÒÒÒÒÒÒÒÒÒÒÒÒÒÒÒÒÒÒÒÒÒÒÒÒÐÐ£SƒV#RƒbÄT#S¢ ”ÄD2D “²ôB6‚Â„Ö72—"6Vç6÷"6‚Ð£SƒV#r&Bc&R ”¥5"Äc$R “²FòôB7V'&÷WF–æPÐ£Sƒ"V##3"#2 ”4ÕÄ3##2 “²f–Â"ôòFW7B–b„ÄÒôBâã“dD0Ð£Sƒ2V#B#" ”$„’ÄT#’ “²%"”bÔbôBdÂÅBã“dD0Ð£SƒB “²âââVÇ6PÐ£SƒRV#b#3"#B ”4ÕÄ3##B “²f–Â"ôòFW7B–bôBÅBC×fF0Ð£SƒbV#"#RR ”$52ÄT#’ “²%"”bÔbdÂÂåBâ# Ð£Sƒr “²âââVÇ6PÐ£Sƒ‚V#BR2C ”$4Å"C2CC “²4Å"#bÂU%"3bÂ$òd”ÄT@Ð£Sƒ’V#r## ”%$ÄT#3’ “²U„•Bf–%E0Ð£S“V#’#b#ÄT#“¢ ”ÄDC# “²U%"3b4õTåDU Ð£S“V#2#3"#" ”4ÕÄ3##" “²bf–Ç2&Wf÷"U%"3`Ð£S“"V#b#Bb ”$42ÄT##r “²%"”bU%"UdTåE2ÂåBâ`Ð£S“2 “²âââVÇ6PÐ£S“BV##F2 ””ä4 “²”ä5"U%"3b4õTå@Ð£S“RV##"#r# •5DC# “²4dRäUrU%"3b4õTåDU Ð£S“bV##R#" ”%$ÄT#3’ “°Ð£S“rV##rB2CÄT##s¢ ”%4UBC2CC “²4UB#bÂU%"3bÂÔb%U$âôdbd”ÀÐ£S“‚V#&#B ”%$ÄT#3’ “²U„•Bf–%E0Ð£S“’V#&26RCÄT#$3¢ ”ÄE‚2DC “²S2Ã#C€Ð£cV#&bfb6bF •5E‚C4dD “²Ö72—""åRârDÕ Ð£cV#3"22C2 ”%$4Å"C2CCÄT#3’ “²%"”b#bÂU%"3bÂÔb%U$âôdbd”ÀÐ£c" “²âââVÇ6PÐ£c2V#3bBFRƒ ”%4UBCDRCƒ “²4UB#rÂäUrU%" Ð£cBV#3’3’ÄT#3“¢ •%E2 “°Ð£cR “²¢¢¢¢¢¢¢¢¢¢¢¢¢¢¢¢¢¢¢¢¢¢¢¢¢¢¢¢¢¢¢¢¢¢¢¢¢¢¢¢¢¢¢¢¢¢¢¢¢¢¢¢¢¢ Ð£cb “²¢¢¢¢¢¢¢¢¢¢¢¢¢¢¢¢¢¢¢¢¢¢¢¢¢¢¢¢¢¢¢¢¢¢¢¢¢¢¢¢¢¢¢¢¢¢¢¢¢¢¢¢¢¢ Ð£cr “²¢Ô¤õ"Äôõ5T%$õUD”äPÐ£c‚ “² Ð£c’ “²¢4TrÂÆ²UÖâ—"FV×f"w0Ð£c “² Ð£c “²¢¢¢¢¢¢¢¢¢¢¢¢¢¢¢¢¢¢¢¢¢¢¢¢¢¢¢¢¢¢¢¢¢¢¢¢¢¢¢¢¢¢¢¢¢¢¢¢¢¢¢¢¢¢ Ð£c"V#6CbÄT#4¢ ”ÄD"C “²Ô¥"Äôõ4åE Ð£c2V#623R ”$•D"2C “²#@Ð£cBV#6R#b" ”$äRÄT#T" “²%"”b#@Ð£cR “²âââVÇ6PÐ£cb “²ÒÒÒÒÒÒÒÒÒÒÒÒÒÒÒÒÒÒÒÒÒÒÒÒÒÒÒÒÒÒÒÒÒÒÒÒÒÒÒÐÐ£cr “²Ä²U´äô4²R&V6÷fW'’&FRg2%ÐÐ£c‚ “°Ð£c’ “²$T4õdU%’õ4T2¢#SbóS Ð£c# “²ÒÒÒÒÒÒÒÒÒÒÒÒÒÒÒÒÒÒÒÒÒÒÒÒÒÒÒÒÒÒÒÒÒÒÒÒÒÒÒÐÐ£c#V#C“bSb ”ÄDCSb “²%Òó#PÐ£c#"V#C"CB ”Å5$ “²D•b%’@Ð£c#2V#C2CB ”Å5$ “°Ð£c#BV#CB6R332 ”ÄE‚2D332 “²´äô4²5Bâ$T4õdU%’$DRF&ÀÐ£c#RV#Cr&Bc"3b ”¥5"Äc$3b “²&BÆ²WÂ„æòöfg6WBÐ£c#b “°Ð£c#r “²4Ä2´äô4²$UD$B2$ôBô`Ð£c#‚ “²$DRäB´äô4²$UD$Bt•D‚Ô”àÐ£c#’ “²dÂ„TÄBDòôäPÐ£c3 “°Ð£c3V#FCbR ”ÄD"DR “²&WF&Bf÷"¶æö6°Ð£c3"V#F26B ”ÕTÂ “²$UD$B¢Ä²U$U5TÅ@Ð£c32V#FBƒ’ ”D43 “²$õTä@Ð£c3BV#FbC ”äTt “°Ð£c3RV#S#b" ”$äRÄT#SB “²%"”bå Ð£c3b “²ââVÇ6PÐ£c3rV#S"ƒbfb ”ÄD3#SR “²U4RÔ‚dÀÐ£c3‚V#SB–"RÄT#SC¢ ”DDDR “²&WF&Bf÷"¶æö6°Ð£c3’V#Sb#R ”$52ÄT#S’ “°Ð£cC “²âââVÇ6PÐ£cCV#S‚Fb ”4Å$ “²4Å"$UD$BdÅTPÐ£cC"V#S’“rRÄT#S“¢ •5DDR “²&WF&Bf÷"¶æö6°Ð£cC2 “°Ð£cCB “²4²”bU%"3C2Tä$ÄT@Ð£cCR “²„´äô4²d”ÂÐ£cCb “°Ð£cCrV#V"#b3C"ÄT#T#¢ ”ÄDÄ3C" “²Ö6²f÷"U%"fÆr0Ð£cC‚V#VRƒR ”$•D2C “²#BU%"3C"´äô4²d”ÀÐ£cC’V#c#rS ”$UÄT$#2 “²$R”bäõB#@Ð£cS “²âââVÇ6PÐ£cSV#c"Cb ”ÄD"C “²Ô¥"Äôõ4õTåDU Ð£cS"V#cB3 ”4Õ"3#b “²4²”bD”ÔRdõ"4T2Äôt”0Ð£cS2V#cb#b#r ”$äRÄT#„b “°Ð£cSB “²âââVÇ6PÐ£cSRV#c‚“b" ”ÄDC" “²ÔEtCÐ£cSbV#fƒRC ”$•D2CC “²#bÂU%"C2DU5BõdU"D„•25D%EU Ð£cSrV#f2#b# ”$äRÄT#„b “²%"”b#`Ð£cS‚ “²âââVÇ6PÐ£cS’V#fRƒR ”$•D2C “²#ÂU%"C2DU5B”âtõ$°Ð£ccV#s#b ”$äRÄT#ƒ" “²%"”b# Ð£cc “²âââVÇ6PÐ£cc"V#s"vB# •E5BD# “²Ô†’6çBw"Âƒ×2Ð£cc2V#sR#b‚ ”$äRÄT#„b “°Ð£ccB “²âââVÇ6PÐ£ccRV#srCbc2 ”ÄD"Cc2 “²f–ÇFW&VBÆBfÇVPÐ£ccbV#s’c3"&B ”4Õ"Ä3#$B “²Åbs Ð£ccrV#v2#R ”$52ÄT#„b “²%"”bÄBdÂÅBsÂ„D•4$ÄRU%"C2Ð£cc‚ “²âââVÇ6PÐ£cc’V#vR† ”õ$2C “²# Ð£csV#ƒ#" ”%$ÄT#„B “°Ð£csV#ƒ"ƒBfRÄT#ƒ#¢ ”äD2DdR “² Ð£cs"V#ƒBCbV" ”ÄD"CT" “²4ôôÄå@Ð£cs2V#ƒbc3"&2 ”4Õ"Ä3#$2 “²“2Ô”âdõ"U%"C2Tä$ÄPÐ£csBV#ƒ’#2" ”$Å2ÄT#„B “²%"”b4ôôÂÅB“2Â„D•4$ÄRU%"C2Ð£csR “²âââVÇ6PÐ£csbV#†"†3 ”õ$2D3 “²4UB#bb#rÂU%"3BõdU"bd”ÄT@Ð£csrV#†B“r"ÄT#„C¢ •5DC" “°Ð£cs‚V#†b“bBÄT#„c¢ ”ÄDDB “°Ð£cs’V#“F2 ””ä4 “²”ä5 Ð£cƒV#“"ƒ#r ”4Õ33’ “°Ð£cƒV#“B#rB ”$UÄT#” “²%"”`Ð£cƒ" “²âââVÇ6PÐ£cƒ2V#“b“rB •5DDB “²4dRäUpÐ£cƒBV#“‚#’ ”%$ÄT$#2 “°Ð£cƒRV#–vbBÄT#”¢ ”4Å"DB “°Ð£cƒbV#–Bf26b6 ”ÄDBC4d4 “²6÷VçFW"32ÂbãT¶‡ Ð£cƒrV&3b •4„ “°Ð£cƒ‚V&Cb6" ”ÄD"C4" “°Ð£cƒ’V&23BFb ”äD"2DDb “²Ð£c“V&R“2 •5T$D2 “°Ð£c“V&r#3"#’ ”4ÕÄ3##’ “²–b´äô4²Æ÷rF–ÖRâ2ãcr6V2ÄVæ Ð£c“" “²U%"3C0Ð£c“2V&#R" ”$52ÄT$R “²%"”`Ð£c“B “²âââVÇ6PÐ£c“RV&26# ”õ$"2C# “²#PÐ£c“bV&RCr6"ÄT$S¢ •5D"C4" “°Ð£c“rV&#3" •TÄ “°Ð£c“‚V&#“r2 •5DD2 “°Ð£c“’ “²ÒÒÒÒÒÒÒÒÒÒÒÒÒÒÒÒÒÒÒÒÒÒÒÒÒÒÒÒÒÒÒÒÒÒÒÒÒÒÒÒÒÒÒÒÒÒÒÒÒÐÐ£s “²ÒÒÒÒÒÒÒÒÒÒÒÒÒÒÒÒÒÒÒÒÒÒÒÒÒÒÒÒÒÒÒÒÒÒÒÒÒÒÒÒÒÒÐÐ£s “²$TBÔâ•"DTÕäB4²U%$õ"#2ó#PÐ£s" “°Ð£s2 “²ÒÒÒÒÒÒÒÒÒÒÒÒÒÒÒÒÒÒÒÒÒÒÒÒÒÒÒÒÒÒÒÒÒÒÒÒÒÒÒÒÒÒÐÐ£sBV&#2ƒbƒÄT$#3¢ ”ÄD2Cƒ “²ôB6‚‚ÂÔ@Ð£sRV&#R&Bc&R ”¥5"Äc$R “²FòôB7V'&÷WF–æPÐ£sbV&#‚C2 ”4ôÔ “²”ådU%BDTÕU$EU$PÐ£srV&#’#r&" •5DC$" “²ôBÔBdÅTPÐ£s‚V&&2“rc •5DCc “²Ô@Ð£s’ “°Ð£s “²U%"#2ÔBÄõpÐ£s “°Ð£s"V&&RFR ”ÄE‚C “²Tär%TâD”ÔR…6V2Ð£s2V&3&23VR ”5‚Ä3TR “²#4T2u2Ô”â%TâD”ÔRdõ"U%"#2ó#PÐ£sBV&32#2VB ”$Å2ÄT3#" “²%"”b%TâD”ÔRuB#4T2u2„U„•BÐ£sR “²âââVÇ6PÐ£sbV&3RCbcR ”ÄD"CcR “²Õ‚óÐ£srV&3r“bc ”ÄDCc “²Ô@Ð£s‚V&3’#3V2 ”4ÕÄ3T2 “²FBÔ‚ÔBDòTä$ÄRU%"#0Ð£s’V&62#B ”$42ÄT$Db “²%"”bÔBuBFB„4Å"U%"#2D„•252Ð£s# “²âââVÇ6PÐ£s#V&6R“b2 ”ÄDD2 “²ÆòÔBW'"3#2D”ÔU Ð£s#"V&C#3VB ”4ÕÄ3TB “²"6V2&Wf÷"U%"#0Ð£s#2V&C2#"" ”$„’ÄT$Sr “²%"”bD”ÔU"ÅB"6V0Ð£s#B “²âââVÇ6PÐ£s#RV&CRc3c ”4Õ"Ä3c “²Õ‚Ô”âDòTä$ÄRU%"#2ó#PÐ£s#bV&C‚#"‚ ”$„’ÄT$S" “²%"”bg72ÅBÕ‚Â„4Å"U%"#2Ð£s#r “²âââVÇ6PÐ£s#‚V&Fv22 ””ä2D2 “²”ä5"ÆòÔBW'"#2DÕ Ð£s#’V&FB#" ”%$ÄT$T “²Dò„’ÔB$õUD”äPÐ£s3V&FbRC2ÄT$Dc¢ ”$4Å"CC2C “²4Å"U%"#2D„•252dÄpÐ£s3V&S"vb2ÄT$S#¢ ”4Å"D2 “²4Å"ÆòÔBW'"#0Ð£s3"V&SR#2 ”%$ÄT$T “²Dò„’ÔB$õUD”äPÐ£s32V&SrBC2ÄT$Ss¢ ”%4UBCC2C “²4UBU%"#2D„•252dÄpÐ£s3B “²ÒÒÒÒÒÒÒÒÒÒÒÒÒÒÒÒÒÒÒÒÒÒÒÒÒÒÒÒÒÒÒÒÒÒÒÒÒÒÒÒÒÒÒÒÒÒÒÒÒÐÐ£s3R “°Ð£s3b “²U%"#RÂ„”t‚Ô@Ð£s3r “°Ð£s3‚V&V“bcÄT$T¢ ”ÄDCc “²Ô@Ð£s3’V&V2#3c‚ ”4ÕÄ3c‚ “²–bÔBâ#C2F†VâVæ&ÆRU%"#PÐ£sCV&Vb#R ”$52ÄT3" “²%"”bÔBÅB#C6@Ð£sC “²âââVÇ6PÐ£sC"V&c“bB ”ÄDDB “²†’ÔBD”ÔU"ÂW'"#PÐ£sC2V&c2#3c’ ”4ÕÄ3c’ “²"6V2w2&Wf÷"U%"#PÐ£sCBV&cb#"" ”$„’ÄT3 “°Ð£sCR “²âââVÇ6PÐ£sCbV&c‚c3c ”4Õ"Ä3c “²Õ‚Ô”âDòTä$ÄRU%"#2ó#PÐ£sCrV&f"#2‚ ”$Å2ÄT3R “²%"”bg72uBÕ€Ð£sC‚ “²âââVÇ6PÐ£sC’V&fBv2B ””ä2DB “²%TÕU†’ÔBD”ÔU"ÂW'"#PÐ£sSV3#" ”%$ÄT3B “²U„•BU%"#R$õUD”äPÐ£sSV3"RC"ÄT3#¢ ”$4Å"CCC" “²4Å"#ÀÐ£sS"V3RvbBÄT3S¢ ”4Å"DB “²4ÄT"†’ÔBD”ÔU"ÂW'"#PÐ£sS2V3‚#2 ”%$ÄT3B “²U„•BU%"#R$õUD”äPÐ£sSBV3BC"ÄT3¢ ”%4UBCCC" “²4UBU%"#RD„•250Ð£sSRV3B"C2’ÄT3C¢ ”%%4UBCC2CÄT3 “²%"”b#BÂU%"#2D„•250Ð£sSb “²âââVÇ6PÐ£sSrV32C"B ”%$4Å"CCC"ÄT3#" “²%"”bäõB#ÂäòU%"#BÂU„•Bf–%E0Ð£sS‚ “²âââVÇ6PÐ£sS’V3RBFBC ”%4UBCDBCC “²4UB#bÂU%"#RdÄpÐ£scV3‚#2 ”%$ÄT3B “²%"Dò4UBDTeTÅBÔBdÅTPÐ£scV3BF2ÄT3¢ ”%4UBCD2C “²4UB#ÂU%"#2dÄpÐ£sc"V3B#b3cÄT3C¢ ”ÄDÄ3c “²#–BÂ–bU%"W6R2FVfVÇBÔ@Ð£sc2V3#“rc •5DCc “²Ô@Ð£scBV3#"3’ÄT3##¢ •%E2 “°Ð£scR “²¢¢¢¢¢¢¢¢¢¢¢¢¢¢¢¢¢¢¢¢¢¢¢¢¢¢¢¢¢¢¢¢¢¢¢¢¢¢¢¢¢¢¢¢¢¢¢¢¢¢¢¢¢¢ Ð£scb “²¢¢¢¢¢¢¢¢¢¢¢¢¢¢¢¢¢¢¢¢¢¢¢¢¢¢¢¢¢¢¢¢¢¢¢¢¢¢¢¢¢¢¢¢¢¢¢¢¢¢¢¢¢¢ Ð£scr “²¢Ô¤õ"Äôõ5T%$õUD”äR4Tr`Ð£sc‚ “² Ð£sc’ “²¢gVVÂô—"Ö¦÷"Ç Ð£ss “² Ð£ss “²¢¢¢¢¢¢¢¢¢¢¢¢¢¢¢¢¢¢¢¢¢¢¢¢¢¢¢¢¢¢¢¢¢¢¢¢¢¢¢¢¢¢¢¢¢¢¢¢¢¢¢¢¢¢ Ð£ss"V3#2“bÄT3#3¢ ”ÄDC “²Ô¥"Äôõ4åE Ð£ss2V3#RƒR ”$•D2C “°Ð£ssBV3#r#bC’ ”$äRÄT3s" “²%•52#Õ4T25ETdbââàÐ£ssR “°Ð£ssb “²#ÔU42$õUD”äPÐ£ssr “°Ð£ss‚V3#’6R2 ”ÄE‚2C2 “²ô”åBDò$ÄÒ4TÄÅ0Ð£ss’V3&2“b3 ”ÄDD3 “²4TÄÂ¤U$òDÔU Ð£sƒV3&RF2 ””ä4 “²”ä5"DÕ Ð£sƒV3&b#r" ”$UÄT332 “²%"”b Ð£sƒ" “²âââVÇ6PÐ£sƒ2V33“r3 •5DD3 “²äUr4TÄÂ¤U$òDÔU"dÅTPÐ£sƒB “°Ð£sƒR “²4²”b$ÂTä$ÄTBóðÐ£sƒb “²‚CCB#Ð£sƒr “°Ð£sƒ‚V332CbCBÄT333¢ ”ÄD"CCB “°Ð£sƒ’V33R3R" ”$•D"2C" “²#Ð£s“V33r#r3‚ ”$UÄT3s “²%"”b$ÂäõBTä$ÄT@Ð£s“ “²âââVÇ6PÐ£s“" “°Ð£s“2 “²4²4ôôÄåBdõ"4ÒTä$ÄPÐ£s“B “²ƒƒ‚Ò2Ð£s“R “°Ð£s“bV33’CbV" ”ÄD"CT" “²4ôôÄå@Ð£s“rV36"c3RVB ”4Õ"Ä3TTB “²–bFV×Âƒ†2F†Vâ6¶—4ÒWFFPÐ£s“‚V36R#R3 ”$52ÄT3s “²%"”b4ôôÂÅBƒ†0Ð£s“’ “²âââVÇ6PÐ£ƒV3Cc3RVR ”4Õ"Ä3TTR “²–bFV×â2F†Vâ6¶—4ÒWFFPÐ£ƒV3C2#B&2 ”$42ÄT3s “²%"”b4ôôÂÅB0Ð£ƒ" “²âââVÇ6PÐ£ƒ2 “°Ð£ƒB “²4²dõ"”DÄRôäôâ”DÄR4TÄÅ0Ð£ƒR “°Ð£ƒbV3CRCb&b ”ÄD"D$b “²$ÄÒ†6VÆÇ2ÓrÐ£ƒrV3Cr6 ”%‚ “²DB4TÄÂåTÔ$U"DòDE$U52ô”åDU Ð£ƒ‚V3C‚b ”ÄDÅ‚ “²tUB4TÄÂdÅTPÐ£ƒ’V3Fc3RV ”4Õ"Ä3TT “²Â6Ò6VÆÂçVÖ&W"Â–FÆPÐ£ƒV3FB#r ”$UÄT3c “²%"”b4TÄÂ Ð£ƒ “²âââVÇ6PÐ£ƒ"V3Fbc3RV" ”4Õ"Ä3TT" “²’Â4Ò6VÆÂ"çVÖ&W"Âæöâ–FÆPÐ£ƒ2V3S"#bB ”$äRÄT3s “²%"”bäõB4TÄÂÐ£ƒB “²âââVÇ6PÐ£ƒRV3SBFR2 ”ÄE‚C2 “²4Ò6VÆÂ Ð£ƒbV3Sbcb3Rc ”ÄD"Ä3Tc “²#FBÂ4Ò"f–ÇFW"6öVbàÐ£ƒrV3S’&Bc"S ”¥5"Äc#S “²DòÄrd”ÅDU Ð£ƒ‚V3V2FB2 •5DBC2 “²4Ò6VÆÂ Ð£ƒ’V3VR# ”%$ÄT3s “²U„•Bd”%E0Ð£ƒ#V3cCb3ÄT3c¢ ”ÄD"D3 “²4TÄÂ¤U$òDÕ Ð£ƒ#V3c"c3RV2 ”4Õ"Ä3TT2 “²7F÷6VÆÂòWFFRv†VâF–ÖRW Ð£ƒ#" “²R4T2u0Ð£ƒ#2V3cR#B ”$42ÄT3s “²%"”bD”ÔRÅBR4T2u0Ð£ƒ#B “²âââVÇ6PÐ£ƒ#RV3crFR ”ÄE‚C “²W'"3RfÆrv÷&@Ð£ƒ#bV3c’cb3RVb ”ÄD"Ä3TTb “²4Òf–ÇFW"6öVbàÐ£ƒ#rV3f2&Bc"S ”¥5"Äc#S “²DòÄrd”ÅDU Ð£ƒ#‚V3fbFB •5DBC “´W'"3RfÆrv÷&@Ð£ƒ#’V3s3’ÄT3s¢ •%E2 “°Ð£ƒ3 “²ÒÒÒÒÒÒÒÒÒÒÒÒÒÒÒÒÒÒÒÒÒÒÒÒÒÒÒÒÒÒÒÒÒÒÒÒÒÒÒÒÒÒÒÒÒÒÒÐÐ£ƒ3 “²ÒÒÒÒÒÒÒÒÒÒÒÒÒÒÒÒÒÒÒÒÒÒÒÒÒÒÒÒÒÒÒÒÒÒÒÒÒÒÒÒÒÒÒÒÒÒÒÒÐÐ£ƒ3" “²dôÅDtR4ôÕÂ4ôôÂ÷"Ô@Ð£ƒ32 “²Ä²UDT4TÄÂb44TÂVç"6ööÂf7F÷"g24ôôÀÐ£ƒ3B “°Ð£ƒ3R “²ÒÒÒÒÒÒÒÒÒÒÒÒÒÒÒÒÒÒÒÒÒÒÒÒÒÒÒÒÒÒÒÒÒÒÒÒÒÒÒÒÒÒÒÒÒÒÒÒÒÐÐ£ƒ3bV3s"“bV"ÄT3s#¢ ”ÄDCT" “²4ôôÄå@Ð£ƒ3rV3sB6R32C2 ”ÄE‚2D33C2 “²4ôôÂÕTÅBF&ÂÀÐ£ƒ3‚V3sr&Bc"&b ”¥5"Äc$$b “²&BÆ²Wrò–çFW' Ð£ƒ3’V3v“rSr •5DDSr “²66VÂVç"6ööÂf7F÷ Ð£ƒCV3v2Cb3B ”ÄD"C3B “°Ð£ƒCV3vR&"C" ”$Ô’ÄT43" “°Ð£ƒC" “²âââVÇ6PÐ£ƒC2V3ƒCb ”ÄD"C “²äôâdôÂ$ÒÖöFRv÷&@Ð£ƒCBV3ƒ"3R‚ ”$•D"2C‚ “²#0Ð£ƒCRV3ƒB#b62 ”$äRÄT43" “°Ð£ƒCb “²¢¢¢¢¢¢¢¢¢¢¢¢¢¢¢¢¢¢¢¢¢¢¢¢¢¢¢¢¢¢¢¢¢¢¢¢¢¢¢¢¢ Ð£ƒCr “²¢e"Ô¤õ"Äôõ$õUD”äPÐ£ƒC‚ “² Ð£ƒC’ “²¢¢¢¢¢¢¢¢¢¢¢¢¢¢¢¢¢¢¢¢¢¢¢¢¢¢¢¢¢¢¢¢¢¢¢¢¢¢¢¢¢¢ Ð£ƒS “²ÒÒÒÒÒÒÒÒÒÒÒÒÒÒÒÒÒÒÒÒÒÒÒÒÒÒÒÒÒÒÒÒÒÒÒÒÒÒÒÒÒÒÒÒÒÒÒÒÒÐÐ£ƒS “²Ä²U5D%BUTå$”4‚g24ôôÀÐ£ƒS" “°Ð£ƒS2 “°Ð£ƒSB “²D$ÂÒ"ãSb¢5B4„pÐ£ƒSR “²ÒÒÒÒÒÒÒÒÒÒÒÒÒÒÒÒÒÒÒÒÒÒÒÒÒÒÒÒÒÒÒÒÒÒÒÒÒÒÒÒÒÒÒÒÒÒÒÒÒÐÐ£ƒSbV3ƒb“bVR ”ÄDCTR “²d”ÅB4ôôÂDTÕ Ð£ƒSrV3ƒ‚6R32SB ”ÄE‚2D34SB “²5D%BUTå$”4€Ð£ƒS‚V3†"&Bc"3b ”¥5"Äc$3b “²&BÆ²WÂ„æòöfg6WBÐ£ƒS’V3†RVb ”4Å$" “°Ð£ƒcV3†bFBR •5DBCR “²ôb&F–òF–ÖR÷W@Ð£ƒc “²ÒÒÒÒÒÒÒÒÒÒÒÒÒÒÒÒÒÒÒÒÒÒÒÒÒÒÒÒÒÒÒÒÒÒÒÒÒÒÒÒÒÒÒÒÒÒÒÒÒÐÐ£ƒc" “²ÒÒÒÒÒÒÒÒÒÒÒÒÒÒÒÒÒÒÒÒÒÒÒÒÒÒÒÒÒÒÒÒÒÒÒÒÒÒÒÒÒÒÒÒÒÒÒÒÒÐÐ£ƒc2 “²5D%BU5$²Edä4Rg25D%BU4ôôÄåBDTÕ Ð£ƒcB “°Ð£ƒcR “²D$ÂÒ4FVr¢ƒ#Sbó“Ð£ƒcb “²ÒÒÒÒÒÒÒÒÒÒÒÒÒÒÒÒÒÒÒÒÒÒÒÒÒÒÒÒÒÒÒÒÒÒÒÒÒÒÒÒÒÒÒÒÒÒÒÒÒÐÐ£ƒcrV3“6R3v ”ÄE‚2D3t “²5D%BU5$²D$ÀÐ£ƒc‚V3“B“bVb ”ÄDCTb “²5D%BU4ôôÀÐ£ƒc’V3“bƒC ”4Õ3#‚ “²4²Ô‚Ä²UdÂÂV0Ð£ƒsV3“‚#R" ”$52ÄT3”2 “°Ð£ƒsV3–ƒbC ”ÄD3#‚ “²U4RV2Ô‚dõ"Ä²U Ð£ƒs"V3–23bÄT3”3¢ •4„ “°Ð£ƒs2V3–B&Bc"3b ”¥5"Äc$3b “²6ÆÂ&BÆ²WÂ„æòöfg6WBÐ£ƒsBV6Vb ”4Å$" “°Ð£ƒsRV6FB2 •5DBC2 “²7&²GbF–ÖR÷W@Ð£ƒsb “²ÒÒÒÒÒÒÒÒÒÒÒÒÒÒÒÒÒÒÒÒÒÒÒÒÒÒÒÒÒÒÒÒÒÒÒÒÒÒÒÒÒÒÒÒÒÒÒÒÒÐÐ£ƒsr “²ÒÒÒÒÒÒÒÒÒÒÒÒÒÒÒÒÒÒÒÒÒÒÒÒÒÒÒÒÒÒÒÒÒÒÒÒÒÒÒÒÐÐ£ƒs‚ “²Ä²U5D%BU5²EbDT4’g24ôôÄå@Ð£ƒs’ “²F&ÆRfÇVRÒ”ä¤T5E0Ð£ƒƒ “°Ð£ƒƒ “²D$ÂÒ"ãƒCB¢DTr5°Ð£ƒƒ" “²ÒÒÒÒÒÒÒÒÒÒÒÒÒÒÒÒÒÒÒÒÒÒÒÒÒÒÒÒÒÒÒÒÒÒÒÒÒÒÒÒÐÐ£ƒƒ2V623" •TÄ “²Æ²Wf Ð£ƒƒBV6B6R3† ”ÄE‚2D3„ “²F&ÂFG"ÀÐ£ƒƒRV6r&Bc"3b ”¥5"Äc$3b “²&BÆ²WÂ„æòöfg6WBÐ£ƒƒbV66R3ƒ‚ ”ÄE‚2D3ƒ‚ “²×VÇBf÷"7F'BW7&²G`Ð£ƒƒrV6B&Bc"cb ”¥5"Äc#cb “²ÕTÂ‚‚b5U$õUD”äPÐ£ƒƒ‚V6#FBR •5DBCR “²7&²FV6’FVÆÐ£ƒƒ’ “²ÒÒÒÒÒÒÒÒÒÒÒÒÒÒÒÒÒÒÒÒÒÒÒÒÒÒÒÒÒÒÒÒÒÒÒÒÒÒÒÒÒÒÒÒÒÒÒÒÒÐÐ£ƒ“ “²ÒÒÒÒÒÒÒÒÒÒÒÒÒÒÒÒÒÒÒÒÒÒÒÒÒÒÒÒÒÒÒÒÒÒÒÒÒÒÒÒÐÐ£ƒ“ “²Ä²U5D%BUTå"DTÄ’DT4’g24ôôÄå@Ð£ƒ“" “²F&ÂfÂÒçVÒöb–æ¦V7G0Ð£ƒ“2 “²ÒÒÒÒÒÒÒÒÒÒÒÒÒÒÒÒÒÒÒÒÒÒÒÒÒÒÒÒÒÒÒÒÒÒÒÒÒÒÒÒÐÐ£ƒ“BV6#"6R32cB ”ÄE‚2D34cB “²5D%BUTå"DTÄ’DT4’D$ÀÐ£ƒ“RV6#R“bVR ”ÄDCTR “²4ôôÂ`Ð£ƒ“bV6#r&Bc"3b ”¥5"Äc$3b “²&BÆ²WÂ„æòöfg6WBÐ£ƒ“rV6&6R32c" ”ÄE‚2D34c" “²66ÆRf7F÷"f÷"F&ÆRÂƒ"Ð£ƒ“‚V6&B&Bc"cb ”¥5"Äc#cb “²ÕTÂ‚‚b5U$õUD”äPÐ£ƒ“’V63FB •5DBC “°Ð£“ “²ÒÒÒÒÒÒÒÒÒÒÒÒÒÒÒÒÒÒÒÒÒÒÒÒÒÒÒÒÒÒÒÒÒÒÒÒÒÒÒÒÒÒÒÒÒÒÒÒÒÐÐ£“ “²ÒÒÒÒÒÒÒÒÒÒÒÒÒÒÒÒÒÒÒÒÒÒÒÒÒÒÒÒÒÒÒÒÒÒÒÒÒÒÒÒÒÒÒÒÒÒÐÐ£“" “²Ä²UÂ÷VâÆö÷ôbR6†ævRg26ööÂFV× Ð£“2 “²D$ÂÒ"ãSb¢T4„rDòe Ð£“B “²ÒÒÒÒÒÒÒÒÒÒÒÒÒÒÒÒÒÒÒÒÒÒÒÒÒÒÒÒÒÒÒÒÒÒÒÒÒÒÒÒÒÒÒÒÒÒÐÐ£“RV63"6R3BbÄT43#¢ ”ÄE‚2D3Cb “²÷âÇôbD$ÀÐ£“bV63R“bVR ”ÄDCTR “²4ôôÂ`Ð£“rV63r&Bc"3b ”¥5"Äc$3b “²&BÆ²WÂ„æòöfg6WBÐ£“‚V66“r6B •5DD4B “°Ð£“’ “²ÒÒÒÒÒÒÒÒÒÒÒÒÒÒÒÒÒÒÒÒÒÒÒÒÒÒÒÒÒÒÒÒÒÒÒÒÒÒÒÒÒÒÒÒÒÒÒÒÒÐÐ£“ “²ÒÒÒÒÒÒÒÒÒÒÒÒÒÒÒÒÒÒÒÒÒÒÒÒÒÒÒÒÒÒÒÒÒÒÒÒÒÒÒÒÒÒÒÒÒÒÒÒÒÐÐ£“ “²Ä²U66VÂVç&–6‚FV6’f7F÷"g26ööÆçBFV×àÐ£“" “°Ð£“2 “²F&ÆRfÇVR²F–fbÆBfÂ7BvvRW"–æ¦V7@Ð£“B “°Ð£“R “²F&ÂfÂÒT6†r¢ƒ#SbóÐ£“b “²ÒÒÒÒÒÒÒÒÒÒÒÒÒÒÒÒÒÒÒÒÒÒÒÒÒÒÒÒÒÒÒÒÒÒÒÒÒÒÒÒÒÒÒÒÒÒÒÒÒÐÐ£“rV6626R32FB ”ÄE‚2D33DB “²66VÂVç&–6‚FV6’f7F÷"D$ÀÐ£“‚V66b“bV" ”ÄDCT" “²4ôôÄå@Ð£“’V6C&Bc"&b ”¥5"Äc$$b “²&BÆ²Wrò–çFW' Ð£“#V6CB“rS2 •5DDS2 “°Ð£“# “²ÒÒÒÒÒÒÒÒÒÒÒÒÒÒÒÒÒÒÒÒÒÒÒÒÒÒÒÒÒÒÒÒÒÒÒÒÒÒÒÒÒÒÒÒÒÒÒÒÒÐÐ£“#" “²ÒÒÒÒÒÒÒÒÒÒÒÒÒÒÒÒÒÒÒÒÒÒÒÒÒÒÒÒÒÒÒÒÒÒÒÒÒÒÒÒÒÒÒÒÒÒÐÐ£“#2 “²Ä²Ut$Ò$²”2õ4•Bg24ôôÄå@Ð£“#B “°Ð£“#R “²ÒÒÒÒÒÒÒÒÒÒÒÒÒÒÒÒÒÒÒÒÒÒÒÒÒÒÒÒÒÒÒÒÒÒÒÒÒÒÒÒÒÒÒÒÒÒÐÐ£“#bV6Cb6R3b“ ”ÄE‚2D3c“ “²F&ÂFG"ÀÐ£“#rV6C’“bV" ”ÄDCT" “²4ôôÄå@Ð£“#‚V6F"&Bc"&b ”¥5"Äc$$b “²6ÆÂ&BÆ²Wrò–çFW' Ð£“#’V6FR#r2 •5DC2 “²4dR$²õ4•@Ð£“3V6S#’ ”4ÕC’ “°Ð£“3V6SB#B2 ”$42ÄT4S’ “²%"”bD$ÂdÂÅB5U%$TåBõ4•@Ð£“3" “²âââVÇ6PÐ£“32V6Sb#r’ •5DC’ “°Ð£“3BV6S’3’ÄT4S“¢ •%E2 “°Ð£“3R “²¢¢¢¢¢¢¢¢¢¢¢¢¢¢¢¢¢¢¢¢¢¢¢¢¢¢¢¢¢¢¢¢¢¢¢¢¢¢¢¢¢¢¢¢¢¢¢¢¢¢¢¢¢¢ Ð£“3b “²¢¢¢¢¢¢¢¢¢¢¢¢¢¢¢¢¢¢¢¢¢¢¢¢¢¢¢¢¢¢¢¢¢¢¢¢¢¢¢¢¢¢¢¢¢¢¢¢¢¢¢¢¢¢ Ð£“3r “²¢Ô¥"Äôõ5T%$õUD”äR4TrPÐ£“3‚ “² Ð£“3’ “²¢6Ç6BÇTÂu2Â¥Dòô2b6ööÂdàÐ£“C “² Ð£“C “²¢¢¢¢¢¢¢¢¢¢¢¢¢¢¢¢¢¢¢¢¢¢¢¢¢¢¢¢¢¢¢¢¢¢¢¢¢¢¢¢¢¢¢¢¢¢¢¢¢¢¢¢¢¢ Ð£“C" “°Ð£“C2 “²4²4Äõ4TBÄôõTÂu0Ð£“CB “°Ð£“CRV6V“bÄT4T¢ ”ÄDC “²Ô¥"Å4åE Ð£“CbV6V2ƒR ”$•D2C “²#@Ð£“CrV6VR#bb ”$äRÄT4cb “²%"”b#@Ð£“C‚ “²âââVÇ6PÐ£“C’V6c&BFbF ”¥5"ÄDcD “²tòDòdâbô0Ð£“SV6c2vRFb–B ”¤ÕÄDc”B “²ô24ÅUD4€Ð£“S “°Ð£“S" “²4²”bTär%Tää”äpÐ£“S2 “°Ð£“SBV6cb“b3BÄT4cc¢ ”ÄDC3B “°Ð£“SRV6c‚&"B ”$Ô’ÄT4dR “²%"”b%Tää”äpÐ£“Sb “²âââVÇ6PÐ£“SrV6f2‚s’ ”%$4Å"CC‚ÄTCsr “²%"”bäõB#2ÂäõB%Tää”ärÀÐ£“S‚ “²$õU"4…UBDàÐ£“S’ “²âââVÇ6PÐ£“c “°Ð£“c “²4²”bU%"CBóCPÐ£“c" “°Ð£“c2V6fR“bCÄT4dS¢ ”ÄDCC “°Ð£“cBVCƒR" ”$•D2C" “²#ÂU%"CBóCPÐ£“cRVC"#rR ”$UÄTC’ “²%"”bäõB#Ð£“cb “²âââVÇ6PÐ£“crVCBvb&R ”4Å"D$R “²4Å"6Ç6BÇó"æ÷B&G’F–ÖW"ÀÐ£“c‚ “²ƒ#×2–æ2’bdõ$4RõTâÄôõ Ð£“c’VCr#fR ”%$ÄTCsr “°Ð£“s “°Ð£“s “²4²”bÄDÂ÷"D”rÔôDPÐ£“s" “°Ð£“s2VC’“b3RÄTC“¢ ”ÄDC3R “°Ð£“sBVC"ƒB3 ”äD2C3 “²Ô4²dõ"#Bb#RÂ„ÄDÂôD”rÔôDRÐ£“sRVCB#b3’ ”$äRÄTCC‚ “²%"”b#Bb#PÐ£“sb “²âââVÇ6PÐ£“sr “²ÒÒÒÒÒÒÒÒÒÒÒÒÒÒÒÒÒÒÒÒÒÒÒÒÒÒÒÒÒÒÒÒÒÒÒÒÒÒÒÒÒÒÒÒÒÒÒÒÒÒÒÐÐ£“s‚ “²4²”b”âÄDÂÔôDRBÂÒÒÒÒ¢¢¢¢ Ð£“s’ “²ÔôDRtBâââæBÔBtBââàÐ£“ƒ “°Ð£“ƒ “²ÒÒÒÒÒÒÒÒÒÒÒÒÒÒÒÒÒÒÒÒÒÒÒÒÒÒÒÒÒÒÒÒÒÒÒÒÒÒÒÒÒÒÒÒÒÒÒÒÒÒÒÐÐ£“ƒ"VCb23R‚ ”%$4Å"C3RC‚ÄTC#B “²%"”bäõB#2Â„äõB”âƒ“"ÔôDRBÐ£“ƒ2 “²ââââVÇ6PÐ£“ƒBVC26RSB ”ÄE‚2CSB “²”äDU‚ÄDÂÔBtBâàÐ£“ƒRVCbbb ”%$4Å"Å‚CÄTC# “²%"”bäõB#Â”b4ôÔÔäD”äreTTÂÂ¢¢ Ð£“ƒb “²âââVÇ6PÐ£“ƒrVCbS’ ”%$4Å"Å‚CÄTCsr “²%"”bäõB#Â”b4ôÔÔäD”ärõTâÄôõÂ Ð£“ƒ‚ “²âââVÇ6PÐ£“ƒ’VCR##‚ ”%$ÄTCC‚ “²%"Dò4Äõ4TBÄôõ Ð£““VC#RBBS2ÄTC#¢ ”%%4UBBÅ‚CBÄTCsr “²%"”b#"Â”b4ôåE$ôÄÄ”äre"Â¢¢¢¢ Ð£““ “²ââââVÇ6PÐ£““" “²ÒÒÒÒÒÒÒÒÒÒÒÒÒÒÒÒÒÒÒÒÒÒÒÒÒÒÒÒÒÒÒÒÒÒÒÒÒÒÒÒÒÒÒÒÒÒÒÒÒÒÒÐÐ£““2 “°Ð£““B “²4²”b4Å4BÄôõD”ÔU"•2D”ÔTBõUBóðÐ£““R “°Ð£““bVC#BCbÄTC#C¢ ”ÄD"C “°Ð£““rVC#b3R" ”$•D"2C" “°Ð£““‚VC#‚#bR ”$äRÄTCC‚ “°Ð£““’ “²âââVÇ6PÐ£VC&F2 ”ÄDBC “²Vær'VâF–ÖR‡6V2Ð£VC&2B ”Å5$B “²44R%’"dõ"DÕ"4°Ð£"VC&B6R3RSb ”ÄE‚2D3SSb “²sR4T2Â6öÆB6Æ÷6VBÇF–ÖW Ð£2VC3“bVb ”ÄDCTb “²4ôôÀÐ£BVC3"#3RS2 ”4ÕÄ3SS2 “²W6R6öÆB2Æö÷F–ÖW"–b6ööÂÃÒV0Ð£RVC3R#2r ”$Å2ÄTC4R “²%"”b4ôôÂuBf0Ð£b “²âââVÇ6PÐ£rVC3r‚ ””å‚ “²Ä3SSrÂv&Ò6Æ÷6VBÇF–ÖW Ð£‚VC3‚#3RS" ”4ÕÄ3SS" “²W6R†÷B2Æö÷F–ÖW"–b6ööÂBãÒs0Ð£’VC6"#2 ”$Å2ÄTC4R “²%"”b4ôôÂuBs0Ð£ “²âââVÇ6PÐ£VC6B‚ ””å‚ “²Ä3SS‚Â†÷B6Æ÷6VBÇF–ÖW Ð£"VC6RSÄTC4S¢ ”4Õ"Å‚ “°Ð£2VCC#R3R ”$52ÄTCsr “°Ð£B “²âââVÇ6PÐ£RVCC"“b ”ÄDC “°Ð£bVCCB†" ”õ$2C" “²4UB#ÀÐ£rVCCb“r •5DC “°Ð£‚VCC‚“bV"ÄTCCƒ¢ ”ÄDCT" “²4ôôÄå@Ð£’VCF#3RS ”4ÕÄ3SS “²C2ÂÖ–âFV×f÷"6Æ÷6VBÆö÷ Ð£#VCFB#2#‚ ”$Å2ÄTCsr “²%"”b4ôôÂuBC0Ð£# “²âââVÇ6PÐ£#"VCFb“b32 ”ÄDC32 “²Ô”äõ"ÄôõÔBtBÐ£#2VCS&b ”%ÂÄTCS’ “°Ð£#B “²âââVÇ6PÐ£#RVCS2“bF" ”ÄDCD" “²…R5²dÄu0Ð£#bVCSRƒB3 ”äD2C3 “² Ð£#rVCSr#bR ”$äRÄTCsr “°Ð£#‚ “²âââVÇ6PÐ£#’VCS’B32#ÄTCS“¢ ”%4UBC32C# “²4UB#RÂ„Tä$ÄRÔb"ôòÐ£3VCV2Cb ”ÄD"C “°Ð£3 “°Ð£3" “²4²6ÂôÇó"æ÷B&VG’F–ÖW Ð£32 “°Ð£3BVCVR“b&R ”ÄDD$R “²6ÂôÇó"å"F–ÖW"Âƒ#×2–æ2Ð£3RVCc#3RV" ”4ÕÄ3ST" “²6V2f÷"ó"Ö‚ôÖ–àÐ£3bVCc2#BR ”$42ÄTCd “²%"”bD”ÔRuB4T2u0Ð£3r “²âââVÇ6PÐ£3‚VCcRF2 ””ä4 “²”ä5"DÕ Ð£3’VCcb“r&R •5DD$R “²6ÂôÇó"å"F–ÖW"Âƒ#×2–æ2Ð£CVCc‚#B ”%$ÄTCdR “°Ð£CVCf3BfRÄTCd¢ ”äD"2DdR “²4Å"# Ð£C"VCf2Cr •5D"C “°Ð£C2VCfRSbÄTCdS¢ •$õ$" “°Ð£CBVCfb#Bb ”$42ÄTCsr “°Ð£CR “²âââVÇ6PÐ£CbVCsCbCB ”ÄD"CCB “°Ð£CrVCs26ƒ ”õ$"2Cƒ “²4UB#pÐ£C‚VCsR#B ”%$ÄTCt" “°Ð£C’VCsrCbCBÄTCss¢ ”ÄD"CCB “°Ð£SVCs’3Bvb ”äD"2Ctb “²4Å"#pÐ£SVCv"CrCBÄTCt#¢ •5D"CCB “°Ð£S"VCvB&2 ”%ÂÄTC”" “°Ð£S2 “²âââVÇ6PÐ£SB “²¢¢¢¢¢¢¢¢¢¢¢¢¢¢¢¢¢¢¢¢¢¢¢¢¢¢¢¢¢¢¢¢¢¢¢ Ð£SR “²¢$Â5Dõ$RTÂu0Ð£Sb “² Ð£Sr “²¢¢¢¢¢¢¢¢¢¢¢¢¢¢¢¢¢¢¢¢¢¢¢¢¢¢¢¢¢¢¢¢¢¢¢ Ð£S‚VCvb“bV" ”ÄDCT" “²tUB5U%$TåB4ôôÄå@Ð£S’VCƒ#3RFB ”4ÕÄ3TDB “²–b6ööÆçBS2ÃÒF—6&ÆR$ÄÒWFFPÐ£cVCƒB#2R ”$Å2ÄTC”" “²%"”b4ôôÂuBS0Ð£c “²âââVÇ6PÐ£c"VCƒb#3RFR ”4ÕÄ3TDR “²–b6ööÆçBãÒC2F—6&ÆR$ÄÒWFFPÐ£c2VCƒ’#" ”$„’ÄTC”" “²%"”b4ôôÂÅBC0Ð£cB “²âââVÇ6PÐ£cRVC†"FR6R ”ÄE‚D4R “²F÷FÂe"fÇVPÐ£cbVC†B&2326" ”5‚Ä344" “²5Dô4‚$D”ðÐ£crVC“#b’ ”$äRÄTC”" “²%"”be"•2äõBB5Dô4€Ð£c‚ “²âââVÇ6PÐ£c’ “°Ð£s “²TÂu2ÔUBÂTä$ÄR$Â5Dõ$PÐ£s “°Ð£s"VC“"6" ”õ$"2C" “²4UB#Ð£s2VC“B“bc2 ”ÄDCc2 “°Ð£sBVC“b#3RFb ”4ÕÄ3TDb “²ÂÖ–âÆBfÂf÷"$ÄÐÐ£sRVC“’#B" ”$42ÄTC”B “°Ð£sb “²âââVÇ6PÐ£sr “°Ð£s‚ “²TÂu2äõBÔUBÂD•4$ÄR$Â5Dõ$PÐ£s’ “°Ð£ƒVC–"3BfBÄTC”#¢ ”äD"2DdB “²4Å"#Ð£ƒVC–BCrCBÄTC”C¢ •5D"CCB “°Ð£ƒ"VC–b&BFb–B ”¥5"ÄDc”B “²Dòô2$õUD”äPÐ£ƒ2VF"3’ •%E0Ð£ƒB “²¢¢¢¢¢¢¢¢¢¢¢¢¢¢¢¢¢¢¢¢¢¢¢¢¢¢¢¢¢¢¢¢¢¢¢¢¢¢¢¢¢¢¢¢¢¢¢¢¢¢¢¢¢¢ Ð£ƒR “²¢¢¢¢¢¢¢¢¢¢¢¢¢¢¢¢¢¢¢¢¢¢¢¢¢¢¢¢¢¢¢¢¢¢¢¢¢¢¢¢¢¢¢¢¢¢¢¢¢¢¢¢¢¢ Ð£ƒb “²¢Ô¥"Äôõ4TrÂ÷WGWB&—B6–rrÂ…D42Â45WF2Ð£ƒr “² Ð£ƒ‚ “² Ð£ƒ’ “² Ð£“ “²¢¢¢¢¢¢¢¢¢¢¢¢¢¢¢¢¢¢¢¢¢¢¢¢¢¢¢¢¢¢¢¢¢¢¢¢¢¢¢¢¢¢¢¢¢¢¢¢¢¢¢¢¢¢ Ð£“VF2“bvRÄTD3¢ ”ÄDCtR “²&GBföÇG2fÇVRÂ„ôBÐ£“"VFRƒ" ”4Õ3s “²rãdD0Ð£“2VFr#R ”$52ÄTD$ “²%"”b$EBbÅBrãdD0Ð£“B “²âââVÇ6PÐ£“RVF’B6R ”%4UBC4RC “²6WBfÆrFòF—6&ÆR'W&âöf`Ð£“bVF223RCR ”%$4Å"C3RCCÄTD#R “²%"”bäõB#bÂ„„’b$EDU%’Ð£“r “²âââVÇ6PÐ£“‚VF#BFbC ”%4UBCDbCC “²–b–W26WBfÆr†#bÐ£“’VF#2# ”%$ÄTD3R “°Ð£VF#RB3RCÄTD#S¢ ”%4UBC3RCC “²4UB#bÂ„„’b$EDU%’Ð£VF#‚#2 ”%$ÄTD$B “°Ð£"VF&R3RCÄTD$¢ ”$4Å"C3RCC “²4Å"#bÂ„„’b$EDU%’’ Ð£2VF&BFR3BÄTD$C¢ ”ÄE‚C3B “²6²Vær'VâbF–rÖöFW2 Ð£BVF&b&"62 ”$Ô’ÄTDdB “²vò–bVær'Vææ–ær Ð£R “²âââVÇ6R Ð£bVF3FRC ”ÄE‚CC “²vWB7&BF–rv÷&B Ð£rVF32&"R ”$Ô’ÄTD4 “²vò–b–âF–r Ð£‚ “²âââVÇ6PÐ£’VF3R6RCÄTD3S¢ ”ÄE‚2DC “² Ð£VF3‚#2 ”%$ÄTD4B “² Ð£ “²ÒÒÒÒÒÒÒÒÒÒÒÒÒÒÒÒÒÒÒÒÒÒÒÒÒÒÒÒÒÒÒÒÒÒÒ Ð£" “²–âF–rbVæræ÷B'Vææ–ær Ð£2 “²ÒÒÒÒÒÒÒÒÒÒÒÒÒÒÒÒÒÒÒÒÒÒÒÒÒÒÒÒÒÒÒÒÒÒÒÒ Ð£BVF66RFbfbÄTD4¢ ”ÄE‚2DDddb “² Ð£RVF6Bfb6bC"ÄTD4C¢ •5E‚C4dC" “²Tu"r÷WB6çBw Ð£bVFC&Bc2#R ”¥5"Äc4#R “²W6V2FVÆ’ Ð£rVFC2fb6bCb •5E‚C4dCb “²D42r÷WB6çBw" Ð£‚VFCb&Bc2#R ”¥5"Äc4#R “²W6V2FVÆ’ Ð£’VFC’fb6bC‚ •5E‚C4dC‚ “²45r÷WB6çBw" Ð£#VFF2&Bc2#R ”¥5"Äc4#R “²W6V2FVÆ’ Ð£#VFFbfb6b62 •5E‚C4d42 “²rÖöB6çBw"Â…‚’$2 Ð£#"VFS"&Bc2#R ”¥5"Äc4#R “²W6V2FVÆ’ Ð£#2VFSRfb6bCB •5E‚C4dCB “µrÖöB6çBw"Â6VÆÂVç&–6‚ Ð£#BVFS‚†2C ”5‚2DC “² Ð£#RVFV"#br ”$äRÄTDcB “² Ð£#b “²âââVÇ6R Ð£#rVFVB#bCB ”ÄDCCB “µ"’ôò55" Ð£#‚VFcƒBfB ”äD2Dd@’² Ð£#’VFc"#R ”%$ÄTDc’ “² Ð£3VFcB#bCBÄTDcC¢ ”ÄDCCB “µ"’ôò55" Ð£3VFcr†" ”õ$3" “³ Ð£3"VFc’#rCBÄTDc“¢ •5DCCB “µ"’ôò55" Ð£32VFf23’ •%E2² Ð£3B “²ÒÒÒÒÒÒÒÒÒÒÒÒÒÒÒÒÒÒÒÒ Ð£3R “²—"–æ¢6çBvÂ Ð£3b “²ÒÒÒÒÒÒÒÒÒÒÒÒÒÒÒÒÒÒÒÒ Ð£3rVFfB6RFbfbÄTDdC¢ ”ÄE‚2DDddb “² Ð£3‚ “²ÒÒÒÒÒÒÒÒÒÒÒÒÒÒÒÒÒÒÒÒÒÒÒÒÒÒÒÒÒÒÒÒÒÒÒÒÒÒÒÒÒÒÒÒÒÒÒÒÒÒ Ð£3’ “²4²”b”âÄDÂÔôDRBÂÒÒÒÒ¢¢¢¢ÄTS$ Ð£C “²—"–æ¢6çBvÂ Ð£C “² Ð£C" “²4åBtÂtBRÂ#RÂTä$ÄR•"ÔôB Ð£C2 “²4åBtÂtBbÂ•"”ä¢tÒdÂ Ð£CB “²ÒÒÒÒÒÒÒÒÒÒÒÒÒÒÒÒÒÒÒÒÒÒÒÒÒÒÒÒÒÒÒÒÒÒÒÒÒÒÒÒÒÒÒÒÒÒÒÒÒÒ Ð£CRVS23R‚r ”%$4Å"C3RC‚ÄTS" “²%"”bäõB#2ÂÔôDRB Ð£CbVSBcbSb ”ÄD"CSb “²4åBtÂtBÂ#R Ð£CrVSr3R# ”$•D"2C# “²#RÂTä$ÄR•"ÔôB Ð£C‚VS’#r ”$UÄTS" “²%"”bäõBÂ„Tä$ÄTB’ Ð£C’ “²âââVÇ6R Ð£SVS"cbSr ”ÄD"CSr “²4åBtÂtBbÂ•"”ä¢tÒdÂ Ð£SVSRƒb3B ”ÄD2C3B “² Ð£S"VSR ”4ÄB “² Ð£S2VSR ”4ÄB “² Ð£SBVS"62 ”õ$"32 “²#b# Ð£SRVSB3r •4„" “² Ð£SbVSR3b •4„ “² Ð£SrVSb3‚ •TÅ‚ “² Ð£S‚VSr“b6R ”ÄDC4R “²vWB—"ÖöFRvBâ Ð£S’VS’#’ ”%$ÄTS#B “² Ð£c “²ÒÒÒÒÒÒÒÒÒÒÒÒÒÒÒÒÒÒÒÒÒÒÒÒÒÒÒÒÒÒÒÒÒÒÒÒÒÒÒÒÒÒÒÒÒÒÒÒÒÒ Ð£cVS"“b6RÄTS#¢ ”ÄDC4R “²tUB•"ÔôDRvBâ Ð£c"VSBƒR" ”$•D3" “²•"”ä¢$UTU5DTB Ð£c2VSb#b2 ”$äRÄTS#B “²”b”U2vòEU$âôâ Ð£cB “²âââVÇ6R Ð£cRVS#6RC ”ÄE‚2DC “²”bäòâââ Ð£cbVS#Bfb6b62ÄTS#C¢ •5E‚C4d42 “²„ÕR55"’ÂEU$âôdb Ð£crVS#r6RFbfb ”ÄE‚2DDddb “²ÆöBRBä2â Ð£c‚ “²ÒÒÒÒÒÒÒÒÒÒÒÒÒÒÒÒÒÒÒÒÒÒÒÒÒÒÒÒÒÒÒÒÒÒÒÒÒÒÒÒÒÒÒÒÒÒÒÒÒÒ Ð£c’ “²4²”b”âÄDÂÔôDRBÂÒÒÒÒ¢¢¢¢TS$¢ Ð£s “² Ð£s “²4åBtÂtBRÂ#bÀÐ£s" “²4åBtÂtBbÂtÒdÀÐ£s2 “²ÒÒÒÒÒÒÒÒÒÒÒÒÒÒÒÒÒÒÒÒÒÒÒÒÒÒÒÒÒÒÒÒÒÒÒÒÒÒÒÒÒÒÒÒÒÒÒÒÒÐÐ£sBVS&23R‚R ”%$4Å"C3RC‚ÄTSC2 “²%"”bäõB#2ÂÔôDRB Ð£sR “²âââVÇ6R Ð£sbVS&RcbSb ”ÄD"CSb “²4åBtÂtBRÂ#b Ð£srVS33RC ”$•D"2CC “²#b Ð£s‚VS32#rR ”$UÄTSC2 “²%"”bäõB#b Ð£s’ “²âââW6ÆR Ð£ƒVS3RcbSr ”ÄD"CSr “²4åBtÂtBbÂtÒBä2àÐ£ƒVS3‚ƒb3B ”ÄD2C3B “°Ð£ƒ"VS6R ”4ÄB “°Ð£ƒ2VS6"R ”4ÄB “°Ð£ƒBVS6262 ”õ$"2C2 “°Ð£ƒRVS6R3r •4„" “°Ð£ƒbVS6b3b •4„ “°Ð£ƒrVSC3‚ •TÅ‚ “°Ð£ƒ‚VSC#2 ”%$ÄTSDb “°Ð£ƒ’ “²ÒÒÒÒÒÒÒÒÒÒÒÒÒÒÒÒÒÒÒÒÒÒÒÒÒÒÒÒÒÒÒÒÒÒÒÒÒÒÒÒÒÒÒÒÒÒÒÒÒÐÐ£“VSC2cb3RÄTSC3¢ ”ÄD"Ä3R “²vWBgVVÂô—"ÖöFRvB Ð£“VSCb#rB ”$UÄTSD2 “²%"”b Ð£“" “²âââVÇ6PÐ£“2VSC‚ƒRB ”$•D2CB “²#"ÒåTÒôb•"dÅdU0Ð£“BVSF#b2 ”$äRÄTSDb “²vò–b–W0Ð£“R “²âââVÇ6PÐ£“bVSF26RCÄTSD3¢ ”ÄE‚2DC “²4Å"Tä"&—@Ð£“rVSFbfb6bCBÄTSDc¢ •5E‚C4dCB “²Tå$”4‚r4åBu Ð£“‚ “²Òâ6öçBv—F‚ô2VâôF—0Ð£“’ “²ÒÒÒÒÒÒÒÒÒÒÒÒÒÒÒÒÒÒÒÒÒÒÒÒÒÒÒÐÐ£# “²D42æB÷"ô26ÇWF6€Ð£# “²ÒÒÒÒÒÒÒÒÒÒÒÒÒÒÒÒÒÒÒÒÒÒÒÒÒÒÒÐÐ£#"VSS"6RFbfb ”ÄE‚2DDddb “°Ð£#2 “°Ð£#B “²4²”b6²”bô2–bæ÷BFòD40Ð£#R “°Ð£#bVSSRcb3r ”ÄD"Ä3r “²e"ÔBtB@Ð£#r “²#rÒW6RD42÷WBFò6çBvÂô26ÇWF6€Ð£#‚VSS‚&2 ”%ÂÄTSdB “°Ð£#’ “²âââVÇ6PÐ£# “²ÒÒÒÒÒÒÒÒÒÒÒÒÒÒÒÒÒÒÒÒÒÒÒÒÒÒÒÒÒÒÒÒÒÒÒÒÒÒÒÒÒÒÒÒÒÒÒÒÒÐÐ£# “²4²”b”âÄDÂÔôDRBÂÒÒÒÒ¢¢¢ Ð£#" “²ÔôDRBÔBtBââÂ#Ð£#2 “²ô2óðÐ£#B “²ÒÒÒÒÒÒÒÒÒÒÒÒÒÒÒÒÒÒÒÒÒÒÒÒÒÒÒÒÒÒÒÒÒÒÒÒÒÒÒÒÒÒÒÒÒÒÒÒÒÐÐ£#RVSV23R‚r ”%$4Å"C3RC‚ÄTScR “²%"”bäõB#2ÂÔôDR@Ð£#b “²âââVÇ6PÐ£#rVSVR#bSb ”ÄDCSb “²ÔôDRBÔBtBâàÐ£#‚VScƒR" ”$•D2C" “²#Ð£#’VSc2#bb ”$äRÄTSƒB “²%"”b#Ð£## “²âââVÇ6PÐ£## “²ÒÒÒÒÒÒÒÒÒÒÒÒÒÒÒÒÒÒÒÒÒÒÒÒÒÒÒÒÒÒÒÒÒÒÒÒÒÒÒÒÒÒÒÒÒÒÒÒÒÐÐ£##" “²ÒÒÒÒÒÒÒÒÒÒÒÒÒÒÒÒÒÒÒÒÒÒÒÒÒÒÒÒÒÒÒÒÒÒÒÒÒÒÒÒÒÒÒÒÒÒÒÒÒÐÐ£##2 “²–bô2F†Vâ6WBWô2&—B–çfW'@Ð£##B “°Ð£##R “²ÒÒÒÒÒÒÒÒÒÒÒÒÒÒÒÒÒÒÒÒÒÒÒÒÒÒÒÒÒÒÒÒÒÒÒÒÒÒÒÒÒÒÒÒÒÒÒÒÒÐÐ£##bVScRCb3BÄTScS¢ ”ÄD"C3B “²vWBÖöFRvB3Ð£##rVScr3B# ”äD"2C# “² Ð£##‚VSc’3‚# ”Tõ$"2C# “²–çfW'@Ð£##’VSf"##’ ”%$ÄTS“b “²Fò÷WGWBG7@Ð£#3VSfBcb3BÄTSdC¢ ”ÄD"Ä3B “²vWBgVVÂô—"ÖöFRvBÐ£#3VSsS‚ ”4Ä" “²—2D426–rW6VB26†gBÆ× Ð£#3"VSs&b ”%ÂÄTSs’ “²vò–bæ÷@Ð£#32VSs223Rƒ# ”%$4Å"C3RCƒÄTS“‚ “²%"”bäõB#rÂõdU$E$•dRôàÐ£#3B “²GW&âöfb–bÆ×÷W@Ð£#3RVSsr##" ”%$ÄTS”" “°Ð£#3b “²ÒÒÒÒÒÒÒÒÒÒÒÒÒÒÒÒÒÒÒÒÒÒÒÒÒÒÒÒÒÒÒÒÒÒÒÒÒÒÒÒÒÒÒÒÒÒÒÒÒÐÐ£#3r “²ÒÒÒÒÒÒÒÒÒÒÒÒÒÒÒÒÒÒÒÒÒÒÒÒÒÒÒÒÒÒÒÒÒÒÒÒÒÒÒÒÒÒÒÒÒÒÒÒÒÐÐ£#3‚ “²4²”b”âÄDÂÔôDRBÂÒÒÒÒ¢¢¢ Ð£#3’ “²ÔôDRBÔBtBââÂ# Ð£#C “°Ð£#C “²D42óðÐ£#C" “²ÒÒÒÒÒÒÒÒÒÒÒÒÒÒÒÒÒÒÒÒÒÒÒÒÒÒÒÒÒÒÒÒÒÒÒÒÒÒÒÒÒÒÒÒÒÒÒÒÐÐ£#C2VSs’23R‚RÄTSs“¢ ”%$4Å"C3RC‚ÄTS“" “²%"”räõB#2ÂÔôDR@Ð£#CB “²âââVÇ6PÐ£#CRVSvB#bSb ”ÄDCSb “²ÔôDRBÔBtBâàÐ£#CbVSƒƒRB ”$•D2CB “²# Ð£#CrVSƒ"#rR ”$UÄTS“" “²%"”bäõB# Ð£#C‚ “²âââVÇ6PÐ£#C’ “²ÒÒÒÒÒÒÒÒÒÒÒÒÒÒÒÒÒÒÒÒÒÒÒÒÒÒÒÒÒÒÒÒÒÒÒÒÒÒÒÒÒÒÒÒÒÒÒÒÒÐÐ£#S “²ÒÒÒÒÒÒÒÒÒÒÒÒÒÒÒÒÒÒÒÒÒÒÒÒÒÒÒÒÒÒÒÒÒÒÒÒÒÒÒÒÒÒÒÒÒÒÒÒÒÐÐ£#S “²%"„U$Re$ôÒÄDÂÔôDRB$õUD”äPÐ£#S" “°Ð£#S2 “°Ð£#SB “²ÒÒÒÒÒÒÒÒÒÒÒÒÒÒÒÒÒÒÒÒÒÒÒÒÒÒÒÒÒÒÒÒÒÒÒÒÒÒÒÒÒÒÒÒÒÒÒÒÒÐÐ£#SRVSƒBƒb3BÄTSƒC¢ ”ÄD2C3B “°Ð£#SbVSƒbcbSr ”ÄD"CSr “²ÄDÂÔBtBââàÐ£#SrVSƒ’R ”4ÄB “°Ð£#S‚VS†R ”4ÄB “°Ð£#S’VS†"62 ”õ$"32 “°Ð£#cVS†B3r •4„" “°Ð£#cVS†R3b •4„ “°Ð£#c"VS†b3‚ •TÅ‚ “°Ð£#c2VS“#’ ”%$ÄTS”" “°Ð£#cB “²ÒÒÒÒÒÒÒÒÒÒÒÒÒÒÒÒÒÒÒÒÒÒÒÒÒÒÒÒÒÒÒÒÒÒÒÒÒÒÒÒÒÒÒÒÒÒÒÒÒÐÐ£#cR “²ÒÒÒÒÒÒÒÒÒÒÒÒÒÒÒÒÒÒÒÒÒÒÒÒÒÒÒÒÒÒÒÒÒÒÒÒÒÒÒÒÒÒÒÒÒÒÒÒÒÐÐ£#cb “²%"„U$Re$ôÒÄDÂÔôDRB$õUD”äPÐ£#cr “²D424åBtÀÐ£#c‚ “°Ð£#c’ “²ÒÒÒÒÒÒÒÒÒÒÒÒÒÒÒÒÒÒÒÒÒÒÒÒÒÒÒÒÒÒÒÒÒÒÒÒÒÒÒÒÒÒÒÒÒÒÒÒÒÐÐ£#sVS“"Cb3rÄTS“#¢ ”ÄD"C3r “²G7B–bD422ô"Æö6¶V@Ð£#sVS“B3R# ”$•D"2C# “²#PÐ£#s"VS“b#b2ÄTS“c¢ ”$äRÄTS”" “²%"”b#RÂD42Äô4´TG0Ð£#s2 “²âââVÇ6PÐ£#sBVS“‚6RCÄTS“ƒ¢ ”ÄE‚2DC “²–bæ÷BÂ6Ç"Æö6²&—@Ð£#sRVS–"fb6bCbÄTS”#¢ •5E‚C4dCb “²D42r6çBw Ð£#sb “²ÒÒÒÒÒÒÒÒÒÒÒÒÒÒÒÒÒÒÒÒÒÒÒÒÒÒÒÒÒÒÒÒÒÒÒÒÒÒÒÒÒÒÒÒÒÒÒÒÒÐÐ£#sr “²ÒÒÒÒÒÒÒÒÒÒÒÒÒÒÒÒÒÒÒÒÒÒÒÒÒÒÒÒÒÒÒÒÒÒÒÒÒÒÒÒÒÒÒÒÒÒÒÒÒÐÐ£#s‚ “²456çBvÀÐ£#s’ “°Ð£#ƒ “°Ð£#ƒ “²ÒÒÒÒÒÒÒÒÒÒÒÒÒÒÒÒÒÒÒÒÒÒÒÒÒÒÒÒÒÒÒÒÒÒÒÒÒÒÒÒÒÒÒÒÒÒÒÒÒÐÐ£#ƒ" “²ÒÒÒÒÒÒÒÒÒÒÒÒÒÒÒÒÒÒÒÒÒÒÒÒÒÒÒÒÒÒÒÒÒÒÒÒÒÒÒÒÒÒÒÒÒÒÒÒÒÐÐ£#ƒ2 “²4²”b”âÄDÂÔôDRBÂÒÒÒÒ¢¢¢ Ð£#ƒB “²ÔôDRBÔBtBââÂ#0Ð£#ƒR “°Ð£#ƒb “²45D0Ð£#ƒr “²ÒÒÒÒÒÒÒÒÒÒÒÒÒÒÒÒÒÒÒÒÒÒÒÒÒÒÒÒÒÒÒÒÒÒÒÒÒÒÒÒÒÒÒÒÒÒÒÒÐÐ£#ƒ‚VS–R23R‚2 ”%$4Å"C3RC‚ÄTTR “²%"”bäõB#2ÂÔôDR@Ð£#ƒ’ “²âââVÇ6PÐ£#“VV"#bSb ”ÄDCSb “²ÔôDRBÔBtBââÂ#0Ð£#“VVRƒR‚ ”$•D3‚ “²#0Ð£#“"VVr#rR ”$UÄTTR “°Ð£#“2 “²âââVÇ6PÐ£#“BVV’cbSr ”ÄD"CSr “²vWBW&vRGG’7–0Ð£#“RVV2#2 ”%$ÄTT# “°Ð£#“b “²ÒÒÒÒÒÒÒÒÒÒÒÒÒÒÒÒÒÒÒÒÒÒÒÒÒÒÒÒÒÒÒÒÒÒÒÒÒÒÒÒÒÒÒÒÒÒÒÒÐÐ£#“rVVRcb2ÄTTS¢ ”ÄD"C2 “²45pÐ£#“‚VV#ƒb3BÄTT#¢ ”ÄD2C3B “²DCv†Vâ6†gFVB"F–ÖW0Ð£#“’VV#2S2 ”4ôÔ" “°Ð£3VV#BR ”4ÄB “²×VÇBGG’7–6Â'’Bƒ3$‡¢Ð£3VV#RR ”4ÄB “°Ð£3"VV#b62 ”õ$"32 “²Ð£32VV#‚fB6bC‚ •5DBC4dC‚ “²45r6çBw Ð£3B “²ÒÒÒÒÒÒÒÒÒÒÒÒÒÒÒÒÒÒÒÒÒÐÐ£3R “²6ööÂfâ6çBvÀÐ£3b “²ÒÒÒÒÒÒÒÒÒÒÒÒÒÒÒÒÒÒÒÒÒÐÐ£3r “²ÒÒÒÒÒÒÒÒÒÒÒÒÒÒÒÒÒÒÒÒÒÒÒÒÒÒÒÒÒÒÒÒÒÒÒÒÒÒÒÒÒÒÒÒÒÒÒÒÒÐÐ£3‚ “²4²”b”âÄDÂÔôDRBÂÒÒÒÒ¢¢¢ Ð£3’ “²ÔôDRBÔBtBââÂ#0Ð£3 “°Ð£3 “²4ôôÂdàÐ£3" “²ÒÒÒÒÒÒÒÒÒÒÒÒÒÒÒÒÒÒÒÒÒÒÒÒÒÒÒÒÒÒÒÒÒÒÒÒÒÒÒÒÒÒÒÒÒÒÒÒÐÐ£32VV&"23R‚B ”%$4Å"C3RC‚ÄTTC2 “²%"”bäõB#2ÂÔôDR@Ð£3B “²âââVÇ6PÐ£3RVV&b#bS" ”ÄDCS" “²ÔôDRBÔBtBââÂ#0Ð£3bVV3"ƒR" ”$•D3" “²Â&—BÐ£3rVV3B#rB ”$UÄTTC2 “²–b6W@Ð£3‚ “²âââVÇ6PÐ£3’VV3b#bCB ”ÄDCCB “²"’ôò55 Ð£3#VV3’cbS2 ”ÄD"CS2 “°Ð£3#VV623B" ”äD"2C" “²Â&—BÐ£3#"VV6RƒBfB ”äD2DdB “²ÂÖ6²öfb&—B Ð£3#2VVC" ”$ “°Ð£3#BVVC# ”%$ÄTTS2 “°Ð£3#R “²ÒÒÒÒÒÒÒÒÒÒÒÒÒÒÒÒÒÒÒÒÒÒÒÒÒÒÒÒÒÒÒÒÒÒÒÒÒÒÒÒÒÒÒÒÒÒÒÒÐÐ£3#bVVC2#bCBÄTTC3¢ ”ÄDCCB “²"’ôò55 Ð£3#rVVCbƒBfB ”äD2DdB “²Ð£3#‚VVC‚vBcB •E5BDcB “²6²fâGG’7–0Ð£3#’VVF"#rb ”$UÄTTS2 “°Ð£33 “²âââVÇ6PÐ£33VVFB23B‚" ”%$4Å"C3B‚ÄTTS2 “²vò–bfâF—6&ÆRæ÷B6W@Ð£33" “²âââVÇ6PÐ£332VVS†" ”õ$2C" “²4UB#Ð£33BVVS2#rCBÄTTS3¢ •5DCCB “²"’ôò55 Ð£33R “²ÒÒÒÒÒÒÒÒÒÒÒÒÒÒÒÒÒÒÒÒÒÒÒÐÐ£33b “²Tu"b—"7v—F6€Ð£33r “²ÒÒÒÒÒÒÒÒÒÒÒÒÒÒÒÒÒÒÒÒÒÒÒÐÐ£33‚ “²ÒÒÒÒÒÒÒÒÒÒÒÒÒÒÒÒÒÒÒÒÒÒÒÒÒÒÒÒÒÒÒÒÒÒÒÒÒÒÒÒÒÒÒÒÒÒÒÒÒÐÐ£33’ “²4²”b”âÄDÂÔôDR@Ð£3C “²Tu"pÐ£3C “²ÄDÂÔôDRBÂÔBtBâââ# Ð£3C" “²ÒÒÒÒÒÒÒÒÒÒÒÒÒÒÒÒÒÒÒÒÒÒÒÒÒÒÒÒÒÒÒÒÒÒÒÒÒÒÒÒÒÒÒÒÒÒÒÒÒÐÐ£3C2VVSb23R‚2 ”%$4Å"C3RC‚ÄTTcb “²%"”bäõB#2ÂÔôDR@Ð£3CB “²âââVÇ6PÐ£3CRVVV#bSb ”ÄDCSb “²ÔBtBâââ# Ð£3CbVVVBƒR ”$•D2C “²# Ð£3CrVVVb#rR ”$UÄTTcb “²%"”bäõB# Ð£3C‚ “²âââVÇ6PÐ£3C’VVccbSr ”ÄD"CSr “²tUBÔôDRBÔBtBâàÐ£3SVVcB#B ”%$ÄTTd “°Ð£3S “²ÒÒÒÒÒÒÒÒÒÒÒÒÒÒÒÒÒÒÒÒÒÒÒÒÒÒÒÒÒÒÒÒÒÒÒÒÒÒÒÒÒÒÒÒÒÒÒÒÒÐÐ£3S"VVcbcb"ÄTTcc¢ ”ÄD"C" “²÷WBfÒTu"rÖö@Ð£3S2VVc’S2 ”4ôÔ" “°Ð£3SB “²ÒÒÒÒÒÒÒÒÒÒÒÒÒÒÒÒÒÒÒÒÒÒÒÒÒÒÒÒÒÒÒÒÒÒÒÒÒÒÒÒÒÒÒÒÒÒÒÒÒÐÐ£3SRVVfƒb3BÄTTd¢ ”ÄD2C3B “°Ð£3SbVVf2R ”4ÄB “²×VÇB‚Bf÷"3"‡¢÷w0Ð£3SrVVfBR ”4ÄB “°Ð£3S‚VVfR62 ”õ$"2C2 “²4UB#b#Ð£3S’VcfB6bC" •5DBC4dC" “²w"FòTu"r6çBw Ð£3cVc23’ •%E2 “°Ð£3c “²¢¢¢¢¢¢¢¢¢¢¢¢¢¢¢¢¢¢¢¢¢¢¢¢¢¢¢¢¢¢¢¢¢¢¢¢¢¢¢¢¢¢¢¢¢¢¢¢¢¢¢¢¢¢ Ð£3c" “²¢¢¢¢¢¢¢¢¢¢¢¢¢¢¢¢¢¢¢¢¢¢¢¢¢¢¢¢¢¢¢¢¢¢¢¢¢¢¢¢¢¢¢¢¢¢¢¢¢¢¢¢¢¢ Ð£3c2 “²¢Ô¤õ"Äôõ5T%$õUD”äR4TrBÀÐ£3cB “² Ð£3cR “²¢F–væ÷7F–70Ð£3cb “² Ð£3cr “²¢¢¢¢¢¢¢¢¢¢¢¢¢¢¢¢¢¢¢¢¢¢¢¢¢¢¢¢¢¢¢¢¢¢¢¢¢¢¢¢¢¢¢¢¢¢¢¢¢¢¢¢¢¢ Ð£3c‚ “°Ð£3c’ “²D”täõ5D”50Ð£3s “°Ð£3s “²VW†7WFVBöâ×26Æ°Ð£3s" “²FòÆöv–ærÂæB&Æ–æ¶–æröbW'"Æ× Ð£3s2 “°Ð£3sBVcBCbÄTcC¢ ”ÄD"C “²vWBÖ–æ÷"Ç6÷VçFW Ð£3sRVcb“b6b ”ÄDC4b “²vWBF–rÖöFRvB3Ð£3sbVc‚3Bc ”äD"2Dc “²ÂÖ6²ðÐ£3srVc#b’ ”$äRÄTcR “°Ð£3s‚ “²âââVÇ6PÐ£3s’Vc2†‚ ”õ$3‚ “²Â&—B0Ð£3ƒVcRCb" ”ÄD"C" “°Ð£3ƒVcSb •$õ$" “°Ð£3ƒ"Vc#B" ”$42ÄTcR “°Ð£3ƒ2 “²âââVÇ6PÐ£3ƒBVc2† ”õ$2C “²Â&—B@Ð£3ƒRVcR“r6bÄTcS¢ •5DC4b “²6fRF–rvB3Ð£3ƒbVcrCbC ”ÄD"CC “°Ð£3ƒrVc’“b3R ”ÄDC3R “²Ôå"ÄôõÔBtB Ð£3ƒ‚Vc"ƒR ”$•D2C “²#BÂD”r5r”âD”rÔôDPÐ£3ƒ’VcB#bB ”$äRÄTc$2 “²%"”b#BÀÐ£3“ “²âââVÇ6PÐ£3“Vcb3Bvb ”äD"2Ctb “°Ð£3“"Vc#CrC •5D"CC “°Ð£3“2 “°Ð£3“BVc#2“b62 ”ÄDC42 “°Ð£3“RVc#RƒBS2 ”äD2DS2 “°Ð£3“bVc#r“r62 •5DC42 “°Ð£3“r “°Ð£3“‚Vc#’vRVb“" ”¤ÕÄTc“" “°Ð£3“’Vc&26ƒÄTc$3¢ ”õ$"2Cƒ “°Ð£CVc&RCrC •5D"CC “°Ð£CVc3vb# ”4Å"D# “²W'"Æ×F×"Âƒ×2Ð£C"Vc32“b3B ”ÄDC3B “°Ð£C2Vc3R&"’ ”$Ô’ÄTcC “°Ð£CB “²âââVÇ6PÐ£CRVc3r“b62 ”ÄDC42 “°Ð£CbVc3’ƒBS2 ”äD2DS2 “°Ð£CrVc6"“r62 •5DC42 “°Ð£C‚Vc6BvRVbfR ”¤ÕÄTddR “°Ð£C’VcCCbCBÄTcC¢ ”ÄD"CCB “°Ð£CVcC"&"B ”$Ô’ÄTcS “°Ð£C “²âââVÇ6PÐ£C"VcCB“b62ÄTcCC¢ ”ÄDC42 “°Ð£C2VcCbƒBcr ”äD2Dcr “°Ð£CBVcC‚ƒ‚C ”Tõ$2CC “°Ð£CRVcF“r62 •5DC42 “°Ð£CbVcF2C‚ ”4Ä “°Ð£CrVcFB&"3‚ ”$Ô’ÄTcƒr “°Ð£C‚ “²âââVÇ6PÐ£C’VcFb##r ”%$ÄTcs‚ “°Ð£C#VcS“b62ÄTcS¢ ”ÄDC42 “°Ð£C#VcS2ƒR‚ ”$•D2C‚ “°Ð£C#"VcSR#b ”$äRÄTcc‚ “°Ð£C#2 “²âââVÇ6PÐ£C#BVcSrCb6b ”ÄD"C4b “°Ð£C#RVcS’3R‚ ”$•D"3‚ “°Ð£C#bVcV"#rSr ”$UÄTcCB “°Ð£C#r “²âââVÇ6PÐ£C#‚VcVB†‚ ”õ$3‚ “°Ð£C#’VcVb“r62 •5DC42 “°Ð£C3VccCbCBÄTcc¢ ”ÄD"CCB “°Ð£C3Vcc2S‚ ”4Ä" “°Ð£C3"VccB&"’ ”$Ô’ÄTctb “°Ð£C32 “²âââVÇ6PÐ£C3BVccb#2 ”%$ÄTcƒB “°Ð£C3RVcc‚“b6bÄTccƒ¢ ”ÄDC4b “°Ð£C3bVcfƒR‚ ”$•D3‚ “°Ð£C3rVcf2#r’ ”$UÄTcƒr “°Ð£C3‚ “²âââVÇ6PÐ£C3’VcfR“b62 ”ÄDC42 “°Ð£CCVcsƒR ”$•D2C “²#@Ð£CCVcs"#rVB ”$UÄTcc “²%"”bäõB#@Ð£CC" “²âââVÇ6PÐ£CC2VcsBƒBVb ”äD2DTb “²Ð£CCBVcsb“r62 •5DC42 “°Ð£CCRVcs‚f26bf2ÄTcsƒ¢ ”ÄDBC4dd2 “²Ô5R55 Ð£CCbVcv"3R‚ ”$•D"2C‚ “²#0Ð£CCrVcvB#rR ”$UÄTcƒB “²%"”bäõB#0Ð£CC‚ “²âââVÇ6PÐ£CC’Vcvb&BcB“‚ÄTctc¢ ”¥5"ÄcC“‚ “°Ð£CSVcƒ"#2 ”%$ÄTcƒr “°Ð£CSVcƒB&BcBbÄTcƒC¢ ”¥5"ÄcDb “°Ð£CS"VcƒrVbÄTcƒs¢ ”4Å$" “°Ð£CS2Vcƒ‚CrC" •5D"CC" “²D”r4åBtÂt@Ð£CSBVc†“b62 ”ÄDC42 “°Ð£CSRVc†2†B ”õ$2CB “°Ð£CSbVc†R“r62 •5DC42 “°Ð£CSrVc“#6 ”%$ÄTd42 “°Ð£CS‚ “²ÒÒÒÒÒÒÒÒÒÒÒÒÒÒÒÒÒÒÒÒÒÒÒÒÒÒÒÐÐ£CS’ “²VæBöbf–VÆB6WbÖöFPÐ£Cc “²ÒÒÒÒÒÒÒÒÒÒÒÒÒÒÒÒÒÒÒÒÒÒÒÒÒÒÒÐÐ£CcVc“"VbÄTc“#¢ ”4Å$" “²&W6WBfÆ6‚6çBvÂv@Ð£Cc"Vc“2CrC" •5D"CC" “²D”r4åBtÂt@Ð£Cc2Vc“R“bFR ”ÄDCDR “²äUrU%" Ð£CcBVc“r“BS2 ”äDCS2 “°Ð£CcRVc“’ƒB ”äD2C “°Ð£CcbVc–"#r2 ”$UÄTd’ “°Ð£Ccr “²âââVÇ6PÐ£Cc‚Vc–B–r ”õ$Cr “²W'"32fÆrv÷&@Ð£Cc’Vc–b“rr •5DCr “²W'"32fÆrv÷&@Ð£CsVf&Bc2r ”¥5"Äc4r “²åbÔTÒvBw26²7VÐÐ£CsVfBFB‚ •5DBC‚ “²6fR6²7VÒôbW'"v÷&G0Ð£Cs"VfbvRcf2 ”¤ÕÄcd2 “°Ð£Cs2Vf’“b3BÄTd“¢ ”ÄDC3B “²6²–bTär'Vææ–æpÐ£CsBVf"&"b ”$Ô’ÄTd42 “²%"”b”U2ÂtõBDòD”pÐ£CsR “²âââVÇ6PÐ£CsbVfBCrr •5D"Dr “²E2W'"6çBw"Âƒ×2Ð£CsrVfbCr" •5D"D" “²e52W'"6çBw Ð£Cs‚Vf#Cr‚ •5D"D‚ “²ó"Æâ6çBw"ƒ"6V2Ð£Cs’Vf#2Cr’ •5D"D’ “²ó"6Vç6÷"&–6‚F×"Âƒ"6V2Ð£CƒVf#RCr •5D"D “²ó"6Vç6÷"‡g’ÆB6çBw"Âƒ"6V2Ð£CƒVf#rCr#R •5D"D#R “²U%"3BDÕ Ð£Cƒ"Vf#’Cr2 •5D"D2 “²ÆòÔBW'"3#0Ð£Cƒ2Vf&"CrB •5D"DB “²†’ÔB6çBw"ÂW'"3#PÐ£CƒBVf&BCrR •5D"DR “²Tu"F–r6çBwG Ð£CƒRVf&bCrb •5D"Db “°Ð£CƒbVf3“b32 ”ÄDC32 “²Ô”äõ"ÄôõÔBtBÐ£CƒrVf32ƒR ”$•D2C “²#BÂƒÒ”tâôâÐ£Cƒ‚Vf3R#r" ”$UÄTd3’ “²tò–b–W0Ð£Cƒ’ “²âââVÇ6PÐ£C“Vf3rCr# •5D"D# “²6Ç"W'"32F–ÖW Ð£C“Vf3’vRVbfRÄTd3“¢ ”¤ÕÄTddR “²v÷FòFòW'"Æörf–ÇFW Ð£C“" “²¢¢¢¢¢¢¢¢¢¢¢¢¢¢¢¢¢¢¢¢¢¢¢¢¢¢¢¢¢¢¢¢¢¢¢¢¢¢¢¢¢¢¢¢¢¢¢¢¢¢¢¢¢¢ Ð£C“2 “²¢¢¢¢¢¢¢¢¢¢¢¢¢¢¢¢¢¢¢¢¢¢¢¢¢¢¢¢¢¢¢¢¢¢¢¢¢¢¢¢¢¢¢¢¢¢¢¢¢¢¢¢¢¢ Ð£C“B “²¢Ô”â$4´u$õTäBD”täõ5D”50Ð£C“R “² Ð£C“b “² Ð£C“r “²¢¢¢¢¢¢¢¢¢¢¢¢¢¢¢¢¢¢¢¢¢¢¢¢¢¢¢¢¢¢¢¢¢¢¢¢¢¢¢¢¢¢¢¢¢¢¢¢¢¢¢¢¢¢ Ð£C“‚Vf62“b6bÄTd43¢ ”ÄDC4b “²vWBF–rÖöFRvB3Ð£C“’Vf6RƒR" ”$•D2C" “²#Ð£SVfC#b#’ ”$äRÄTdd" “²vòFòW'"6†V6·0Ð£S “²âââVÇ6PÐ£S" “°Ð£S2 “²6Ç"'VÆ"G7BgFW"FÇ’F–ÖPÐ£SB “²bVær'Vææ–æpÐ£SR “°Ð£SbVfC"Cb" ”ÄD"C" “°Ð£SrVfCBc3F ”4Õ"Ä3D “²Â6²VærÆ×'VÆ"G7BF–ÖPÐ£S‚VfCr#R#" ”$52ÄTdd" “°Ð£S’ “²âââVÇ6PÐ£SVfC’†" ”õ$2C" “²#Ð£SVfF"“r6b •5DC4b “°Ð£S"VfFBv2r ””ä2Cr “²–æ2æòW'"6÷VçFW Ð£S2VfS“br ”ÄDCr “²æòW'"6÷VçFW Ð£SBVfS"#3CR ”4ÕÄ3CR “°Ð£SRVfSR#2B ”$Å2ÄTdd" “²&Vv–âW'"6†²w0Ð£Sb “²âââVÇ6PÐ£Sr “²ÒÒÒÒÒÒÒÒÒÒÒÒÒÒÒÒÒÒÒÐÐ£S‚ “²4Å"ÄÂU%$õ%0Ð£S’ “²ÒÒÒÒÒÒÒÒÒÒÒÒÒÒÒÒÒÒÐÐ£S#VfSrFb ”4Å$ “²–b–W2Â6Ç"ÆÂW''2b6²7VÐÐ£S#VfS‚“rR •5DCR “²W'"3fÆrv÷&@Ð£S#"VfV“rb •5DCb “²W'"3"fÆrv÷&@Ð£S#2VfV2“rr •5DCr “²W'"32fÆrv÷&@Ð£S#BVfVR“r‚ •5DC‚ “²W'"3BfÆbv÷&@Ð£S#RVfc“r’ •5DC’ “²W'"3RfÆrv÷&@Ð£S#bVfc"“rr •5DCr “²æòW'"6÷VçFW Ð£S#rVfcB“rC" •5DCC" “²D”r4åBtÂt@Ð£S#‚Vfcb&Bc2r ”¥5"Äc4r “²6ÆÂTU$ôÒU%"vBw26²7VÐÐ£S#’Vfc’FB‚ •5DBC‚ “²6²7VÒôbW'"v÷&G0Ð£S3Vff"&BSBcrÄTdd#¢ ”¥5"ÄSDcr “°Ð£S3 “°Ð£S3" “²W'"Æövvöærf–ÇFW Ð£S32 “²GW&â7—2W'"–bF–ÖR6öç7G&–çG2ÖVW@Ð£S3B “°Ð£S3R “°Ð£S3bVffR“b62ÄTddS¢ ”ÄDC42 “²Ä4ÂÔôBt@Ð£S3rcƒRB ”$•D2CB “²#"Âd”TÂ4U%d”4RÔôDPÐ£S3‚c"#r2 ”$UÄcr “²%"”bäõB# Ð£S3’ “²âââVÇ6PÐ£SCcBvRcfb ”¤ÕÄcdb “²U„•BD„•2$õUD”äPÐ£SCcr“bCÄcs¢ ”ÄDCC “²D”rÔôDRt@Ð£SC"c’&2 ”%ÂÄcR “²%"”b”àÐ£SC2 “²âââVÇ6PÐ£SCBc"vRcR ”¤ÕÄcR “°Ð£SCRcR“b32ÄcS¢ ”ÄDC32 “²Ô”äõ"ÄôõÔBtBÐ£SCbcƒR ”$•D2C “²#BÂƒÒ”tâôâÐ£SCrc"#r2 ”$UÄcr “²%"”bäõB#@Ð£SC‚ “²âââVÇ6PÐ£SC’cBvRcfb ”¤ÕÄcdb “°Ð£SScr“bSÄcs¢ ”ÄDCS “°Ð£SSc’–S" ”õ$CS" “°Ð£SS"c"–S2 ”õ$CS2 “°Ð£SS2cB–SB ”õ$CSB “°Ð£SSBcb–SR ”õ$CSR “°Ð£SSRc##b3R ”$äRÄcS‚ “²%"”bå Ð£SSb “²âââVÇ6PÐ£SSrc#2F2F2 ”ÄDBCD2 “²äUrU%" “°Ð£SS‚c#R#B3C ”äDÄ3C “²ÂÖ6²f÷"ÖÂgVæ7BfÆrÐ£SS’c#‚cB3C ”äD"Ä3C “²ÂÖ6²f÷"ÖÂgVæ7BfÆr Ð£Scc&"FBS •5DBCS “°Ð£Scc&Bf23C" ”ÄDBÄ3C" “²Ö6²f÷"U%"fÆr0Ð£Sc"c3† ”õ$2C “²U%"6öFRS&öÒW'&÷ Ð£Sc2c3"“BFR ”äDCDR “²äUrU%" Ð£ScBc3BCBFb ”äD"CDb “°Ð£ScRc3bFBS2 •5DBCS2 “°Ð£Scbc3‚“bS ”ÄDCS “²äUrU%"0Ð£Scrc6#B3CB ”äDÄ3CB “²Ö6²f÷"U%"fÆrPÐ£Sc‚c6B“rSR •5DCSR “°Ð£Sc’c6b“b# ”ÄDD# “²W'"Æ×F×"Âƒ×2Ð£SscC#rb ”$UÄcC’ “°Ð£Ss “²âââVÇ6PÐ£Ss"cC2v# ”DT2D# “²W'"Æ×F×"Âƒ×2Ð£Ss2cCbvRc3‚ ”¤ÕÄc3‚ “°Ð£SsBcC’“bCÄcC“¢ ”ÄDCC “°Ð£SsRcF"ƒBfR ”äD2CdR “°Ð£SsbcFB“rC •5DCC “°Ð£SsrcFb“b6" ”ÄDC4" “°Ð£Ss‚cSƒBf" ”äD2Cd" “°Ð£Ss’cS2“r6" •5DC4" “°Ð£SƒcSRvRc3‚ ”¤ÕÄc3‚ “°Ð£SƒcS‚FbÄcSƒ¢ ”4Å$ “°Ð£Sƒ"cS’‚6R3CB ”ÄE’2D3CB “°Ð£Sƒ2cVB6RS ”ÄE‚2CS “°Ð£SƒBcc‚SbÄcc¢ ”ÄD"Å“°Ð£SƒRcc2SB ”äD"Å‚ “°Ð£SƒbccRSBR ”äD"RÅ‚ “°Ð£SƒrccrSrR •5D"RÅ‚ “°Ð£Sƒ‚cc’#r ”$UÄcd2 “°Ð£Sƒ’ “²âââVÇ6PÐ£S“cf"F2 ””ä4 “°Ð£S“cf2‚’Äcd3¢ ”DU’ “°Ð£S“"cfR’ ”DU‚ “°Ð£S“2cfb†2F" ”5‚2CD" “°Ð£S“Bcs"#bV2 ”$äRÄcc “°Ð£S“R “²âââVÇ6PÐ£S“bcsBv2# ””ä2D# “²W'"Æ×F×"Âƒ×2Ð£S“rcsrCbC ”ÄD"CC “°Ð£S“‚cs’FB •E5D “°Ð£S“’cv#bB ”$äRÄc“ “°Ð£c “²âââVÇ6PÐ£ccv2“b# ”ÄDD# “²W'"Æ×F×"Âƒ×2Ð£c"cvRSb •$õ$" “°Ð£c2cvb#RR ”$52Äcƒb “°Ð£cB “²âââVÇ6PÐ£cRcƒcb3Cb ”ÄD"Ä3Cb “°Ð£cbcƒB#2 ”%$Äcƒ’ “°Ð£crcƒbcb3C‚Äcƒc¢ ”ÄD"Ä3C‚ “°Ð£c‚cƒ’Äcƒ“¢ ”4$ “°Ð£c’c†#R62 ”$52Äc3‚ “°Ð£c “²âââVÇ6PÐ£cc†2Cr# •5D"D# “´W'"Æ×F×"Âƒ×2Ð£c"c†R#3‚ ”%$Äc3‚ “°Ð£c2c““b#Äc“¢ ”ÄDD# “´W'"Æ×F×"Âƒ×2Ð£cBc“"Sb •$õ$" “°Ð£cRc“2#RR ”$52Äc” “°Ð£cb “²âââVÇ6PÐ£crc“Rcb3Cr ”ÄD"Ä3Cr “°Ð£c‚c“‚#2 ”%$Äc”B “°Ð£c’c–cb3C’Äc”¢ ”ÄD"Ä3C’ “°Ð£c#c–BÄc”C¢ ”4$ “°Ð£c#c–R#R#‚ ”$52Äc3‚ “°Ð£c#" “²âââVÇ6PÐ£c#2c#b3C‚ ”ÄDÄ3C‚ “°Ð£c#Bc2“r# •5DD# “²W'"Æ×F×"Âƒ×2Ð£c#RcR“bC ”ÄDCC “°Ð£c#bcr† ”õ$2C “°Ð£c#rc’“rC •5DCC “°Ð£c#‚c"Vb ”4Å$" “°Ð£c#’c26RR ”ÄE‚2CR “°Ð£c3cbbBÄcc¢ ”ÄDBÅ‚ “°Ð£c3c#S ”õ$CSÅ‚ “°Ð£c3"c#2rB •5DBÅ‚ “°Ð£c32c#RSrS •5D"CSÅ‚ “°Ð£c3Bc#r’ ”DU‚ “°Ð£c3Rc#‚#bcR ”$äRÄcb “°Ð£c3b “²âââVÇ6PÐ£c3rc&vbr ”4Å"Cr “²æòW'"6÷VçFW Ð£c3‚ “°Ð£c3’c&B&Bc2r ”¥5"Äc4r “²6ÆÂTU$ôÒU%"vBw26²7VÐÐ£cCc3FB‚ •5DBC‚ “²6²7VÒôbW'"v÷&G0Ð£cCc3"“b6" ”ÄDC4" “°Ð£cC"c3B†B ”õ$3B “°Ð£cC2c3b“r6" •5DC4" “°Ð£cCBc3‚“b3BÄc3ƒ¢ ”ÄDC3B “°Ð£cCRc6&"‚ ”$Ô’ÄcCB “°Ð£cCb “²âââVÇ6PÐ£cCrc62ƒR" ”$•D3" “°Ð£cC‚c6R#b&2 ”$äRÄcd2 “°Ð£cC’ “²âââVÇ6PÐ£cScC†" ”õ$3" “°Ð£cScC"#" ”%$ÄcCb “°Ð£cS"cCBƒBfBÄcCC¢ ”äD2DdB “°Ð£cS2cCb“r3BÄcCc¢ •5DC3B “°Ð£cSB “²ÒÒÒÒÒÒÒÒÒÒÒÒÒÒÒÒÒÒÒÒÒÒÒÒÒÒÒÒÒÒÒÒÒÒÒÒÒÒÒÒÒÒÒÒÒÒÒÒÒÐÐ£cSR “²4²”b”âÄDÂÔôDR@Ð£cSb “°Ð£cSr “°Ð£cS‚ “²ÄDÂÔôDRBÂÔBtBâââ# Ð£cS’ “°Ð£cc “²ÒÒÒÒÒÒÒÒÒÒÒÒÒÒÒÒÒÒÒÒÒÒÒÒÒÒÒÒÒÒÒÒÒÒÒÒÒÒÒÒÒÒÒÒÒÒÒÒÒÐÐ£cccC‚23R‚ ”%$4Å"C3RC‚ÄcT2 “°Ð£cc" “²âââVÇ6PÐ£cc2cF2#bS" ”ÄDCS" “²ÔBtBââ# Ð£ccBcFbƒR ”$•D2C “°Ð£ccRcS#r’ ”$UÄcT2 “°Ð£ccb “²âââVÇ6PÐ£ccrcS2#bS2 ”ÄDCS2 “²ÔBtBââ# Ð£cc‚cSbƒR ”$•D2C “°Ð£cc’cS‚#rB ”$UÄccr “°Ð£cs “²âââVÇ6PÐ£cscV# ”%$Äcd2 “°Ð£cs" “²ÒÒÒÒÒÒÒÒÒÒÒÒÒÒÒÒÒÒÒÒÒÒÒÒÒÒÒÒÒÒÒÒÒÒÒÒÒÒÒÒÒÒÒÒÒÒÒÒÒÐÐ£cs2cV2“bCÄcT3¢ ”ÄDCC “°Ð£csBcVRCb •$õ$ “°Ð£csRcVb#R" ”$52Äcd2 “°Ð£csb “²âââVÇ6PÐ£csrcc“b6b ”ÄDC4b “°Ð£cs‚cc2ƒR" ”$•D3" “°Ð£cs’ccR#rR ”$UÄcd2 “°Ð£cƒ “²âââVÇ6PÐ£cƒccr&BcBbÄccs¢ ”¥5"ÄcDb “°Ð£cƒ"cf#2 ”%$Äcdb “°Ð£cƒ2cf2&BcB“‚Äcd3¢ ”¥5"ÄcC“‚ “°Ð£cƒB “°Ð£cƒR “²U„•B„U$RââàÐ£cƒb “°Ð£cƒrcfb“b6bÄcdc¢ ”ÄDC4b “²U%"ÔBt@Ð£cƒ‚cƒBSr ”äD2DSr “²4ÄRb"4T2dÄu0Ð£cƒ’c2“r6b •5DC4b “°Ð£c“ “°Ð£c“ “´4ÄT"ÄÂäUrU%"u0Ð£c“" “°Ð£c“2cRFb ”4Å$ “°Ð£c“BcbVb ”4Å$" “°Ð£c“RcrFBF2 •5DBCD2 “²äUrU%"Ð£c“bc’FBFR •5DBCDR “²äUrU%" Ð£c“rc"“rS •5DCS “²äUrU%"0Ð£c“‚cB3’ •%E2 “°Ð£c“’ “²¢¢¢¢¢¢¢¢¢¢¢¢¢¢¢¢¢¢¢¢¢¢¢¢¢¢¢¢¢¢¢¢¢¢¢¢¢¢¢¢¢¢¢¢¢¢¢¢¢¢¢¢¢¢ Ð£s “²¢¢¢¢¢¢¢¢¢¢¢¢¢¢¢¢¢¢¢¢¢¢¢¢¢¢¢¢¢¢¢¢¢¢¢¢¢¢¢¢¢¢¢¢¢¢¢¢¢¢¢¢¢¢ Ð£s “²¢dÄ4‚U%$õ"4ôDU2dõ"T4‚U%"”âÔTÐÐ£s" “² Ð£s2 “²¢¢¢¢¢¢¢¢¢¢¢¢¢¢¢¢¢¢¢¢¢¢¢¢¢¢¢¢¢¢¢¢¢¢¢¢¢¢¢¢¢¢¢¢¢¢¢¢¢¢¢¢¢¢ Ð£sBcR“bC"ÄcS¢ ”ÄDCC" “°Ð£sRcƒRC ”$•D2CC “²#bÀÐ£sbc"#rS" ”$UÄccb “°Ð£sr “²âââVÇ6PÐ£s‚cBv&B ”DT2D$B “°Ð£s’crCb&B ”ÄD"D$B “°Ð£sc’#r" ”$UÄcB “°Ð£s “²âââVÇ6PÐ£s"c"#S" ”%$Äcdb “°Ð£s2cBƒRÄcC¢ ”$•D2C “²#BÂÄ”t…BôàÐ£sBcb#r ”$UÄc$" “²%"”bäõ@Ð£sR “²âââVÇ6PÐ£sbc#ƒBVb ”äD2DTb “²4Å"#BÂEU$âôdbÄ”t…@Ð£src#23bB ”ÄD"2CB “²#"ÀÐ£s‚c#R“rC"Äc#S¢ •5DCC" “°Ð£s’c#rCr&BÄc#s¢ •5D"D$B “°Ð£s#c#’#62 ”%$Äccr “°Ð£s# “°Ð£s#" “²$TE’dõ"$äB%•DRðÐ£s#2 “°Ð£s#Bc&"ƒR#Äc$#¢ ”$•D2C# “²#RÀÐ£s#Rc&B#b ”$äRÄc3’ “°Ð£s#b “²âââVÇ6PÐ£s#rc&bCb#’ ”ÄD"D#’ “´4åE"f÷"&Æ²7BU%"6öFRD–v—@Ð£s#‚c3#bb ”$äRÄcC" “°Ð£s#’c323b‚ ”ÄD"3‚ “°Ð£s3c3R†# ”õ$2C# “°Ð£s3c3r#V2 ”%$Äc#R “°Ð£s3" “°Ð£s32 “²$äB%•DRDôäRðÐ£s3B “°Ð£s3Rc3’Cb&Äc3“¢ ”ÄD"D$ “´4åE"f÷"&Æ²&æBU%"6öFRF–v—@Ð£s3bc6"#r" ”$UÄcDb “°Ð£s3r “²âââVÇ6PÐ£s3‚c6BV ”DT4" “°Ð£s3’c6RCr& •5D"D$ “²4åE"f÷"&Æ²&æBU%"6öFRF–v—@Ð£sCcC#2 ”%$ÄcCR “°Ð£sCcC"VÄcC#¢ ”DT4" “°Ð£sC"cC2Cr#’ •5D"D#’ “²4åE"f÷"&Æ²7BU%"6öFRF–v—@Ð£sC2cCR†ÄcCS¢ ”õ$2C “²EU$âÄ”t…BôàÐ£sCBcCr“rC" •5DCC" “°Ð£sCRcC’ƒbB ”ÄD2CB “°Ð£sCbcF"“r&B •5DD$B “°Ð£sCrcFB#B ”%$Äcd2 “°Ð£sC‚ “°Ð£sC’ “°Ð£sS “°Ð£sScFbCb&"ÄcDc¢ ”ÄD"D$" “²6çBf÷"7W'&VçBW'"–â&Æ–æ²÷W@Ð£sS"cSƒB2 ”äD2C2 “°Ð£sS2cS2#rr ”$UÄcT2 “°Ð£sSB “²âââVÇ6PÐ£sSRcSR“bC" ”ÄDCC" “°Ð£sSbcSrF ”DT4 “°Ð£sSrcS‚ƒBFb ”äD2CDb “°Ð£sS‚cV#Fb ”%$Äc" “°Ð£sS’cV2“b&2ÄcT3¢ ”ÄDD$2 “²6çG"f÷"&÷F–çBW'"–â&Ææ²F—7 Ð£sccVRV2ÄcTS¢ ””ä4" “°Ð£sccVb3#R ”4Õ"2C#R “°Ð£sc"cc#RR ”$52Äcc‚ “°Ð£sc2 “²âââVÇ6PÐ£scBcc2Fb ”4Å$ “°Ð£scRccB#&b ”%$Äc#R “°Ð£scbccb3b"Äccc¢ ”ÄD"3" “°Ð£scrcc‚3"Äccƒ¢ ”4Õ"3" “°Ð£sc‚cf#b‚ ”$äRÄcsB “°Ð£sc’ “²âââVÇ6PÐ£sscf2“bR ”ÄDCR “²W'"3fÆrv÷&@Ð£sscfR#B3C ”äDÄ3C “°Ð£ss"csC’ •$ôÄ “°Ð£ss2cs"#3 ”%$ÄcR “°Ð£ssBcsB3ÄcsC¢ ”4Õ"3 “°Ð£ssRcsb#br ”$äRÄctb “°Ð£ssb “²âââVÇ6PÐ£ssrcs‚“bb ”ÄDCb “²W'"3"fÆrv÷&@Ð£ss‚cv#B3C ”äDÄ3C “²Ö6²f÷"U%"fÆr Ð£ss’cvB##2 ”%$Äc" “°Ð£sƒcvb3"Äctc¢ ”4Õ"2C" “°Ð£sƒcƒ#b’ ”$äRÄc„2 “°Ð£sƒ" “²âââVÇ6PÐ£sƒ2cƒ2#b3C" ”ÄDÄ3C" “²Ö6²f÷"U%"fÆr0Ð£sƒBcƒb† ”õ$3 “²4UB# Ð£sƒRcƒ‚“Br ”äDCr “²W'"32fÆrv÷&@Ð£sƒbc†#b ”%$Äc" “°Ð£sƒrc†23Äc„3¢ ”4Õ"2C “°Ð£sƒ‚c†R#br ”$äRÄc“r “°Ð£sƒ’ “²âââVÇ6PÐ£s“c“#b3C2 ”ÄDÄ3C2 “²Ö6²f÷"U%"fÆr@Ð£s“c“2“B‚ ”äDC‚ “²W'"3BfÆrv÷&@Ð£s“"c“R#" ”%$Äc" “°Ð£s“2c“r3#"Äc“s¢ ”4Õ"2C#" “°Ð£s“Bc“’#br ”$äRÄc" “°Ð£s“R “²âââVÇ6PÐ£s“bc–"“b’ ”ÄDC’ “²W'"3RfÆrv÷&@Ð£s“rc–BƒBS ”äD2DS “°Ð£s“‚c–b#B3CB ”äDÄ3CB “²Ö6²f÷"U%"fÆrPÐ£s“’c"C’Äc#¢ •$ôÄ “°Ð£ƒc2#B#’ ”$42ÄcTR “°Ð£ƒ “²âââVÇ6PÐ£ƒ"cR“r&2ÄcS¢ •5DD$2 “²6çG"f÷"&÷FFFRW'"–â&Ææ²F—7 Ð£ƒ2crCr&" •5D"D$" “²6çBf÷"7W'&VçBW'"–â&Æ–æ²÷W@Ð£ƒBc’ƒbC" ”ÄD2CC" “°Ð£ƒRc"“rC"Äc#¢ •5DCC" “°Ð£ƒbcBFb ”4Å$ “°Ð£ƒrcRF2ÄcS¢ ””ä4 “°Ð£ƒ‚cb3b •5T$"3b “°Ð£ƒ’c##"f" ”$„’ÄcR “°Ð£ƒ “²âââVÇ6PÐ£ƒc#26"b ”DD"2Cb “°Ð£ƒ"c#R“r#’ •5DD#’ “²4åE"f÷"&Æ²7BU%"6öFRF–v—@Ð£ƒ2c#rCr& •5D"D$ “²4åE"f÷"&Æ²&æBU%"6öFRF–v—@Ð£ƒBc#’3b2 ”ÄD"2C2 “°Ð£ƒRc&"vRc#r ”¤ÕÄc#r “°Ð£ƒb “²¢¢¢¢¢¢¢¢¢¢¢¢¢¢¢¢¢¢¢¢¢¢¢¢¢¢¢¢¢¢¢¢¢¢¢¢¢¢¢¢¢¢¢¢¢¢¢¢¢¢¢¢¢¢ Ð£ƒr “²¢¢¢¢¢¢¢¢¢¢¢¢¢¢¢¢¢¢¢¢¢¢¢¢¢¢¢¢¢¢¢¢¢¢¢¢¢¢¢¢¢¢¢¢¢¢¢¢¢¢¢¢¢¢ Ð£ƒ‚ “²¢5T%$õUD”äU0Ð£ƒ’ “² Ð£ƒ# “²¢T$Ä”2VçF–W2f÷# Ð£ƒ# “²¢Äc$RôB&V@Ð£ƒ#" “²¢Äc32$TBôBõ%BbÔôä•Dõ"%U52dõ"d”ÀÐ£ƒ#2 “²¢ÄcS44U52dÔBÄ”äR5DEU0Ð£ƒ#B “²¢Äcc’„Ô•BDDôâ324U$”Â%U50Ð£ƒ#R “²¢Äc#Re$5D”ôäÂD•d”DPÐ£ƒ#b “²¢Äc#DôttÄRdÔB4õ Ð£ƒ#r “²¢Äc#3tUB”DÄR•"4ôäD•D”ôàÐ£ƒ#‚ “²¢Äc#C"EU$âôâôôdb”24ô”Å0Ð£ƒ#’ “²¢Äc#SÄrd”ÅDU##C Ð£ƒ3 “²¢Äc#cb‚‚bÕTÅB…$RÔTåE$åBÐ£ƒ3 “²¢Äc#t26BD$ÄRÄ²U Ð£ƒ3" “²¢Äc$#’&BD$ÄRÄ²U Ð£ƒ32 “²¢Äc$cb‚bÕTÅD•ÅÐ£ƒ3B “²¢Äc3$R4Ä5TÄDR5DBtÒ4„T4µ5TÐÐ£ƒ3R “²¢Äc4r4Ä5TÄDRU%"tB4„T4µ5TÐÐ£ƒ3b “²¢Äbäõ$ÔÄ¤TBE0Ð£ƒ3r “²¢Äc4#RW6V2DTÄÐ£ƒ3‚ “²¢ÄcCcRÄ”Ô•B$TrdÂu0Ð£ƒ3’ “²¢ÄcCs"f7F÷"–â‚‚b×VÇF—ÇÐ£ƒC “²¢ÄcC“‚6WBWÔ5R55 Ð£ƒC “²¢ÄcC”GW&âöfb55"&—@Ð£ƒC" “²¢ÄcDbEU$âôdbU%"ÄÕ Ð£ƒC2 “²¢ÄcD‚GW&âöâ55"&—@Ð£ƒCB “²¢¢¢¢¢¢¢¢¢¢¢¢¢¢¢¢¢¢¢¢¢¢¢¢¢¢¢¢¢¢¢¢¢¢¢¢¢¢¢¢¢¢¢¢¢¢¢¢¢¢¢¢¢¢ Ð£ƒCR “²¢¢¢¢¢¢¢¢¢¢¢¢¢¢¢¢¢¢¢¢¢¢¢¢¢¢¢¢¢¢¢¢¢¢¢¢¢¢¢¢¢¢¢¢¢¢¢¢¢¢¢¢¢¢ Ð£ƒCb “²¢ôB7V"&÷WF–æPÐ£ƒCr “² Ð£ƒC‚ “²¢VçFW"v—F‚ôB6‚Ò"–â&VràÐ£ƒC’ “²¢&WGW&ârõ&W7VÇFG2–â&VràÐ£ƒS “² Ð£ƒS “² Ð£ƒS" “²¢¢¢¢¢¢¢¢¢¢¢¢¢¢¢¢¢¢¢¢¢¢¢¢¢¢¢¢¢¢¢¢¢¢¢¢¢¢¢¢¢¢¢¢¢¢¢¢¢¢¢¢¢¢ Ð£ƒS2c&RbÄc$S¢ •4T’ “²6WB–çBÖ6°Ð£ƒSBc&b†B" ”%5"Äc32 “²FòôB&÷WF–æPÐ£ƒSRc3R ”4Ä’ “²6Ç"–çBÖ6²Â–çBw2Væ&ÆV@Ð£ƒSbc3"3’ •%E2 “°Ð£ƒSr “²ÒÒÒÒÒÒÒÒÒÒÒÒÒÒÒÒÒÒÒÒÒÒÒÒÒÒÒÒÒÒÒÒÒÒÐÐ£ƒS‚ “²ôB7V'&÷WF–æPÐ£ƒS’ “²ÒÒÒÒÒÒÒÒÒÒÒÒÒÒÒÒÒÒÒÒÒÒÒÒÒÒÒÒÒÒÒÒÒÒÐÐ£ƒcc323rÄc33¢ •4„" “²6fR&VrÇ0Ð£ƒcc3B62 •4…‚ “°Ð£ƒc"c3R6RC" ”ÄE‚2CC" “²ö–çBFò6W&–ÂFFÆF6€Ð£ƒc2c3‚B‚ ”$4Å"Å‚‚ “²6Ç"&—B€Ð£ƒcBc6"&Bcc’ ”¥5"Äcc’ “²†Ö—BFò6W&–ÂFFÐ£ƒcRc6R“rcB •5DCcB “²6fRFò$Ò'VffW Ð£ƒcbcCƒbr ”ÄD3r “²DTÄ’dÅTPÐ£ƒcrcC"FÄcC#¢ ”DT4 “°Ð£ƒc‚cC2#bfB ”$äRÄcC" “²Æö÷F–ÆÂ Ð£ƒc’ “²âââVÇ6PÐ£ƒscCRƒb# ”ÄD2D# “²sf@Ð£ƒscCr&Bcc’ ”¥5"Äcc’ “²†Ö—BFò6W&–ÂFFÐ£ƒs"cF2‚ ”%4UBÅ‚‚ “²6WB#2ÂD•4$ÄR4@Ð£ƒs2cFB3‚ •TÅ‚ “²&W7F÷&R&Vrw0Ð£ƒsBcFR32 •TÄ" “°Ð£ƒsRcFb3’ •%E2 “°Ð£ƒsb “²¢¢¢¢¢¢¢¢¢¢¢¢¢¢¢¢¢¢¢¢¢¢¢¢¢¢¢¢¢¢¢¢¢¢¢¢¢¢¢¢¢¢¢¢¢¢¢¢¢¢¢¢¢¢ Ð£ƒsr “²¢¢¢¢¢¢¢¢¢¢¢¢¢¢¢¢¢¢¢¢¢¢¢¢¢¢¢¢¢¢¢¢¢¢¢¢¢¢¢¢¢¢¢¢¢¢¢¢¢¢¢¢¢¢ Ð£ƒs‚ “²¢BÔôDRt”ärDUd”4RÂ5’$T@Ð£ƒs’ “² Ð£ƒƒ “²¢âÄcSÂ4TÂdÔBôâ5’b$TB%•DRÂt„”4‚„2dÔ@Ð£ƒƒ “²¢DU45$UDU0Ð£ƒƒ" “² Ð£ƒƒ2 “²¢"âÄcSRÂ4TÂdÔBôâ5’b$TB%•DR Ð£ƒƒB “² Ð£ƒƒR “² Ð£ƒƒb “²¢$UEU$å2t•Dƒ Ð£ƒƒr “²¢%•DR”â&VpÐ£ƒƒ‚ “²¢5’4Å"”bäòd”ÅU$PÐ£ƒƒ’ “²¢¢¢¢¢¢¢¢¢¢¢¢¢¢¢¢¢¢¢¢¢¢¢¢¢¢¢¢¢¢¢¢¢¢¢¢¢¢¢¢¢¢¢¢¢¢¢¢¢¢¢¢¢¢ Ð£ƒ“ “°Ð£ƒ“ “²$TB%•DRÐ£ƒ“" “°Ð£ƒ“2cSR3ƒÄcS¢ ”$4Å"C3Cƒ “²4Å"#rÂ4TÂdÔB#$T@Ð£ƒ“BcS2#2 ”%$ÄcS‚ “°Ð£ƒ“R “°Ð£ƒ“b “²$TB%•DR Ð£ƒ“r “°Ð£ƒ“‚cSRB3ƒÄcSS¢ ”%4UBC3Cƒ “²4UB#rÂ4TÂdÔB#"$T@Ð£ƒ“’cS‚62ÄcSƒ¢ •4…‚ “°Ð£“cS’6RC" ”ÄE‚2CC" “²Tä$ÄR52dõ"dÔ@Ð£“cV22B ”%4UBÅ‚B “²6WB# Ð£“"cVb“b3 ”ÄDC3 “²4UBUdÔB5’”åU@Ð£“2cc&Bcc’ ”¥5"Äcc’ “²$TB4TÂdÔB%•DU0Ð£“BccBBB ”$4Å"Å‚B “²4Å"#"ÂD•4$ÄRdÔ@Ð£“Rccr3‚ •TÅ‚ “°Ð£“bcc‚3’ •%E2 “°Ð£“r “²¢¢¢¢¢¢¢¢¢¢¢¢¢¢¢¢¢¢¢¢¢¢¢¢¢¢¢¢¢¢¢¢¢¢¢¢¢¢¢¢¢¢¢¢¢¢¢¢¢¢ Ð£“‚ “²¢¢¢¢¢¢¢¢¢¢¢¢¢¢¢¢¢¢¢¢¢¢¢¢¢¢¢¢¢¢¢¢¢¢¢¢¢¢¢¢¢¢¢¢¢¢¢¢¢¢ Ð£“’ “²¢†Ö—BFò5’FFÐ£“ “² Ð£“ “²¢DDe$ôÒ&VrÄôB5’5"äBE$å4Ô•E0Ð£“" “²¢Dò4TÄT4TBDUd”4Rd”5Ð£“2 “² Ð£“B “²¢4ÄÃ Ð£“R “²¢ÒDDDò$R„Ô•DTBd”5Ð£“b “² Ð£“r “²¢$UEU$ä”äs Ð£“‚ “²¢Ò%‚tTB5’DD„ò”b5’d”ÂÐ£“’ “² Ð£“# “²¢¢¢¢¢¢¢¢¢¢¢¢¢¢¢¢¢¢¢¢¢¢¢¢¢¢¢¢¢¢¢¢¢¢¢¢¢¢¢¢¢¢¢¢¢¢¢¢¢¢ Ð£“#cc’62Äcc“¢ •4…‚ “²6fR‚&VpÐ£“#"cf#rC •5DCC “²Fò5’2õ&VràÐ£“#2cfB6RC ”ÄE‚2CC “°Ð£“#Bc#Bƒ ”$4Å"Å‚Cƒ “²6Ç"#rÂDò5D%B5’„Ô•@Ð£“#R “°Ð£“#b “²t•Bdõ"5’Dòd”ä•4‚Â#Sb5”2Ô”àÐ£“#r “°Ð£“#‚c#2ƒbb ”ÄD3#" “²D”ÔRDTÄ’dÀÐ£“#’c#R2 ”4Ä2 “²4Å"5’Â5’’ôòU%"dÄpÐ£“3c#bRƒbÄc#c¢ ”%%4UBÅ‚CƒÄc# “²%"”b#rÂ5’DôäPÐ£“3 “²âââVÇ6PÐ£“3"c#F ”DT4 “²DT2DTÄ’dÅTPÐ£“32c#"#bc’ ”$äRÄc#b “²%"”bDTÄ’äõBDôäPÐ£“3B “²âââVÇ6PÐ£“3Rc#BB •4T2 “°Ð£“3bc#R#2 ”%$Äc#2 “°Ð£“3r “°Ð£“3‚ “²tUB$UEU$äTBDDe$ôÒ5Ð£“3’ “°Ð£“Cc##bCÄc#¢ ”ÄDCC “²fÒ5’2õ&VpÐ£“Cc#23‚Äc#3¢ •TÅ‚ “°Ð£“C"c#B3’ •%E2 “°Ð£“C2 “²¢¢¢¢¢¢¢¢¢¢¢¢¢¢¢¢¢¢¢¢¢¢¢¢¢¢¢¢¢¢¢¢¢¢¢¢¢¢¢¢¢¢¢¢¢¢¢¢¢¢ Ð£“CB “²¢¢¢¢¢¢¢¢¢¢¢¢¢¢¢¢¢¢¢¢¢¢¢¢¢¢¢¢¢¢¢¢¢¢¢¢¢¢¢¢¢¢¢¢¢¢¢¢¢¢ Ð£“CR “²¢e$5D”ôäÂD•d”DPÐ£“Cb “² Ð£“Cr “² Ð£“C‚ “²¢¢¢¢¢¢¢¢¢¢¢¢¢¢¢¢¢¢¢¢¢¢¢¢¢¢¢¢¢¢¢¢¢¢¢¢¢¢¢¢¢¢¢¢¢¢¢¢¢¢ Ð£“C’c#R2Äc#S¢ ”dD•b “²D•d”DPÐ£“Sc#b62 •4…‚ “²4dRõUD”Tå@Ð£“Sc#r3" •TÄ “°Ð£“S"c#‚32 •TÄ" “°Ð£“S2c#’3’ •%E2 “°Ð£“SB “²¢¢¢¢¢¢¢¢¢¢¢¢¢¢¢¢¢¢¢¢¢¢¢¢¢¢¢¢¢¢¢¢¢¢¢¢¢¢¢¢¢¢¢¢¢¢¢¢¢¢ Ð£“SR “²¢¢¢¢¢¢¢¢¢¢¢¢¢¢¢¢¢¢¢¢¢¢¢¢¢¢¢¢¢¢¢¢¢¢¢¢¢¢¢¢¢¢¢¢¢¢¢¢¢ Ð£“Sb “²¢DôttÄRdÔB4õ Ð£“Sr “²¢ÄBdÔB5’”ÔtPÐ£“S‚ “²¢DôttÄR4õ"–â%•DPÐ£“S’ “²¢õUEUBf–5Ð£“c “² Ð£“c “²¢¢¢¢¢¢¢¢¢¢¢¢¢¢¢¢¢¢¢¢¢¢¢¢¢¢¢¢¢¢¢¢¢¢¢¢¢¢¢¢¢¢¢¢¢¢¢¢¢ Ð£“c"c#62Äc#¢ •4…‚ “°Ð£“c2c#"“b3 ”ÄDC3 “²44U525’%•DPÐ£“cBc#Bƒ‚" ”Tõ$2C" “²4õ Ð£“cRc#b“r3 •5DC3 “°Ð£“cbc##b •4T’ “°Ð£“crc##"6RC" ”ÄE‚2CC" “²BFò5’FFÆF6€Ð£“c‚c##R2B ”%4UBÅ‚B “²4TÂdÔB4„• Ð£“c’c##‚&Bcc’ ”¥5"Äcc’ “²†Ö—Bf–5Ð£“sc#&"BB ”$4Å"Å‚B “²TâÕ4TÂdÔB4„• Ð£“sc#&RR ”4Ä’ “°Ð£“s"c#&b3‚ •TÅ‚ “°Ð£“s2c#33’ •%E0Ð£“sB “²¢¢¢¢¢¢¢¢¢¢¢¢¢¢¢¢¢¢¢¢¢¢¢¢¢¢¢¢¢¢¢¢¢¢¢¢¢¢¢¢¢¢¢¢¢¢¢¢¢¢ Ð£“sR “²¢¢¢¢¢¢¢¢¢¢¢¢¢¢¢¢¢¢¢¢¢¢¢¢¢¢¢¢¢¢¢¢¢¢¢¢¢¢¢¢¢¢¢¢¢¢¢¢¢¢ Ð£“sb “²¢tUB”DÄR•"4ôäD•D”ôå0Ð£“sr “² Ð£“s‚ “²¢$UEU$å2t•Dƒ Ð£“s’ “²¢5DEU2ôb”2Ä"b0Ð£“ƒ “²¢¢¢¢¢¢¢¢¢¢¢¢¢¢¢¢¢¢¢¢¢¢¢¢¢¢¢¢¢¢¢¢¢¢¢¢¢¢¢¢¢¢¢¢¢¢¢¢¢¢ Ð£“ƒc#362Äc#3¢ •4…‚ “°Ð£“ƒ"c#3"#bC" ”ÄDCC" “²vWB5’FFÆF6€Ð£“ƒ2c#3RƒB2 ”äD2C2 “²Ô4²ôdb”2$•E0Ð£“ƒBc#3r6RCB ”ÄE‚2CCB “²”ò4åBtÂ$Trõ%BDE$U50Ð£“ƒRc#6bB" ”%$4Å"Å‚BÄc#C “²”22ôàÐ£“ƒb “²âââVÇ6PÐ£“ƒrc#6R†B ”õ$2CB “²EU$âôâ$•@Ð£“ƒ‚c#C3‚Äc#C¢ •TÅ‚ “°Ð£“ƒ’c#C3’ •%E2 “°Ð£““ “²¢¢¢¢¢¢¢¢¢¢¢¢¢¢¢¢¢¢¢¢¢¢¢¢¢¢¢¢¢¢¢¢¢¢¢¢¢¢¢¢¢¢¢¢¢¢¢¢¢¢¢¢¢¢ Ð£““ “²¢¢¢¢¢¢¢¢¢¢¢¢¢¢¢¢¢¢¢¢¢¢¢¢¢¢¢¢¢¢¢¢¢¢¢¢¢¢¢¢¢¢¢¢¢¢¢¢¢¢¢¢¢¢ Ð£““" “²¢õUEUBD„R”24ôÄTäô”E0Ð£““2 “²¢DôttÄU2ôb”24ôÄTäô”E0Ð£““B “² Ð£““R “² Ð£““b “²¢¢¢¢¢¢¢¢¢¢¢¢¢¢¢¢¢¢¢¢¢¢¢¢¢¢¢¢¢¢¢¢¢¢¢¢¢¢¢¢¢¢¢¢¢¢¢¢¢¢¢¢¢¢ Ð£““rc#C"3rÄc#C#¢ •4„" “°Ð£““‚c#C2ƒB2 ”äD2C2 “²Ô4²#b#Ð£““’c#CRcbC" ”ÄD"CC" “²vWB5’FFÆF6€Ð£#c#C‚3Bf2 ”äD"2Dd2 “²Ô4²ôdbÄõrõ$DU Ð£#c#F" ”$ “²äUr5DDPÐ£#"c#F"#rC" •5DCC" “²Fò5’FFÆF6€Ð£#2c#FR32 •TÄ" “°Ð£#Bc#Fb3’ •%E2 “°Ð£#R “²¢¢¢¢¢¢¢¢¢¢¢¢¢¢¢¢¢¢¢¢¢¢¢¢¢¢¢¢¢¢¢¢¢¢¢¢¢¢¢¢¢¢¢¢¢¢¢¢¢¢¢¢¢¢ Ð£#b “²¢¢¢¢¢¢¢¢¢¢¢¢¢¢¢¢¢¢¢¢¢¢¢¢¢¢¢¢¢¢¢¢¢¢¢¢¢¢¢¢¢¢¢¢¢¢¢¢¢¢¢¢¢¢ Ð£#r “²¢d•%5Bõ$DU"Ärd”ÅDU Ð£#‚ “² Ð£#’ “²¢4ÄÄ”äs Ð£# “²¢‚ÒôÄBd”ÅBdÅTPÐ£# “²¢ÒäUrdÅTRDò$Rd”ÅDU$T@Ð£#" “²¢"Òd”ÅB4ôå5Då@Ð£#2 “² Ð£#B “²¢$UEU$ä”äs Ð£#R “²¢BÒäUrd”ÅBdÅTPÐ£#b “² Ð£#r “²¢¢¢¢¢¢¢¢¢¢¢¢¢¢¢¢¢¢¢¢¢¢¢¢¢¢¢¢¢¢¢¢¢¢¢¢¢¢¢¢¢¢¢¢¢¢¢¢¢¢¢¢¢¢ Ð£#‚c#S62Äc#S¢ •4…‚ “°Ð£#’c#S3r •4„" “°Ð£##c#S"6B ”ÕTÂ “°Ð£##c#S23r •4„" “°Ð£##"c#SB3b •4„ “°Ð£##2c#SR3 •E5‚ “°Ð£##Bc#Sbb" ”ÄDC"Å‚ “°Ð£##Rc#S‚‚ ””å‚ “°Ð£##bc#S’‚ ””å‚ “°Ð£##rc#V‚ ””å‚ “°Ð£##‚c#V"C ”äTt “°Ð£##’c#V2&Bc"cb ”¥5"Äc#cb “²ÕTÃ…ƒ`Ð£#3c#Vb3 •E5‚ “°Ð£#3c#cS2 ”DDBÅ‚ “°Ð£#3"c#c"3‚ •TÅ‚ “°Ð£#32c#c23 ””å2 “°Ð£#3Bc#cB3‚ •TÅ‚ “°Ð£#3Rc#cR3’ •%E0Ð£#3b “²¢¢¢¢¢¢¢¢¢¢¢¢¢¢¢¢¢¢¢¢¢¢¢¢¢¢¢¢¢¢¢¢¢¢¢¢¢¢¢¢¢¢¢¢¢¢¢¢¢¢¢¢¢¢ Ð£#3r “²¢¢¢¢¢¢¢¢¢¢¢¢¢¢¢¢¢¢¢¢¢¢¢¢¢¢¢¢¢¢¢¢¢¢¢¢¢¢¢¢¢¢¢¢¢¢¢¢¢¢¢¢¢¢ Ð£#3‚ “²¢ÕTÃ…ƒ`Ð£#3’ “²¢‚‚b×VÇF—Ç’v—F‚b&—B&W7VÇBàÐ£#C “² Ð£#C “²¢÷WGWB—2&÷VæFVBf÷"b&—B&W7VÇBàÐ£#C" “² Ð£#C2 “²¢6ÆÆ–ær&s Ð£#CB “²¢42Ò‚$•B×VÇF—Æ–W Ð£#CR “²¢‚$TrÒFG&W72öbb&—B×VÇF—Æ–6æ@Ð£#Cb “² Ð£#Cr “²¢&WGW&ç2v—Fƒ Ð£#C‚ “²¢42ÒÕ4"öb&W7VÇ@Ð£#C’ “²¢"42ÒÅ4"b&W7VÇ@Ð£#S “²¢&VvW7FW'2ffV7FVC Ð£#S “²¢Â"b6öæF—F–öç2&VvW7FW Ð£#S" “²¢W†V7WF–öâF–ÖS Ð£#S2 “²¢c‚5R7–6ÆW0Ð£#SB “²¢7F6²W6VC Ð£#SR “²¢B'—FW0Ð£#Sb “²¢7V'26ÆÆVC Ð£#Sr “²¢æöæPÐ£#S‚ “²¢¢¢¢¢¢¢¢¢¢¢¢¢¢¢¢¢¢¢¢¢¢¢¢¢¢¢¢¢¢¢¢¢¢¢¢¢¢¢¢¢¢¢¢¢¢¢¢¢¢¢¢¢¢ Ð£#S’c#cb ”õ$rDc#c`Ð£#cc#cbÄc#cc¢ Ð£#cc#cb62 •4…‚ “²6fR×WF—Æ6æBöâ7G€Ð£#c"c#cr3b •4„ “²6fR×VÇBvW"öâ7G€Ð£#c2c#c‚Sb ”ÄD"Å€Ð£#cBc#f6B ”ÕTÂ “²vWB7B'F–Â&ö@Ð£#cRc#f"ƒ’ ”D43 Ð£#cbc#fB3b •4„ “²6fR'F–Â&öBàÐ£#crc#fRb ”ÄDÅ€Ð£#c‚c#s3 •E5€Ð£#c’c#sSb ”ÄD"Å€Ð£#sc#s26B ”ÕTÂ “²vWB&æB'F–Â&öBàÐ£#sc#sBV" ”DD"Å‚ “²FB7B'B&öBFò&æBàÐ£#s"c#sbƒ’ ”D43 Ð£#s2c#s‚3‚ •TÅ‚ “²&W7F÷&R5E€Ð£#sBc#s’3‚ •TÅ‚ “²vWB×WFÂv6æBFò‚&VràÐ£#sRc#v3’ •%E2 “²b&WGW&àÐ£#sb “²ÒÒÒÒÒÒÒÒÒÒÒÒÒÒÒÒÒÒÒÒÒÒÒÒÒÒÒÒÒÒÒÒÒÒÒÒÒÒÒÒÒÒÒÒÒÒÒÒÐÐ£#sr “²F‡&÷r÷WBW‡G&æ–÷W2–çFW'WG0Ð£#s‚ “²ÒÒÒÒÒÒÒÒÒÒÒÒÒÒÒÒÒÒÒÒÒÒÒÒÒÒÒÒÒÒÒÒÒÒÒÒÒÒÒÒÒÒÒÒÒÒÒÒÐÐ£#s’c#v"6" •%DÐ£#ƒ “²¢¢¢¢¢¢¢¢¢¢¢¢¢¢¢¢¢¢¢¢¢¢¢¢¢¢¢¢¢¢¢¢¢¢¢¢¢¢¢¢¢¢¢¢¢¢¢¢¢¢¢¢¢¢ Ð£#ƒ “²¢¢¢¢¢¢¢¢¢¢¢¢¢¢¢¢¢¢¢¢¢¢¢¢¢¢¢¢¢¢¢¢¢¢¢¢¢¢¢¢¢¢¢¢¢¢¢¢¢¢¢¢¢¢ Ð£#ƒ" “²ÄµU4Bç7&2e$ôÒ%Tä$”âÂƒbdUEDPÐ£#ƒ2 “²Ö–âÆöö²W7V'&÷WF–æRÂƒ2FVÒÐ£#ƒB “°Ð£#ƒR “²VçFW"v—Fƒ Ð£#ƒb “²"ÒçVÖ&W"öb&÷w2–âF&ÆPÐ£#ƒr “²ÒÖ–æ–×VÒfÇVRöb6öÇVÖç0Ð£#ƒ‚ “²$åTÒÒçVÖ&W"öbfÇVW2Â„åTÒôb$²ô”åE2Ð£#ƒ’ “°Ð£#“ “²Ö‚fÇVRF–fb&WGvVVâFÆ&RVçG&–W2Ò#SPÐ£#“ “²6ÆÂv—Fƒ Ð£#“" “²Ò&÷r&pÐ£#“2 “²"Ò6öÂ&pÐ£#“B “²‚ÒF&ÂFG Ð£#“R “°Ð£#“b “²&WGW&ç2v—Fƒ Ð£#“r “²44Ò&W7VÇBÂ…’Òb…Å"Ð£#“‚ “°Ð£#“’ “²&VvW7FW'2ffV7FVC Ð£# “²42b6öæF—F–öç2&VvW7FW Ð£# “°Ð£#" “²W†V7WF–öâF–ÖS Ð£#2 “²SR5R7–6ÆW2²ƒ"¢FÆ·W·FÆ·W"Ð£#B “°Ð£#R “²7F6²W6VC Ð£#b “²'—FW0Ð£#r “°Ð£#‚ “²7V'26ÆÆVC Ð£#’ “²FÆ·WÐ£# “²FÆ·W Ð£# “°Ð£#" “°Ð£#2 “²Dc#t2ÒDc$TbÂ‚Cs’Â#B%•DU2Ð£#B “°Ð£#R “²¢¢¢¢¢¢¢¢¢¢¢¢¢¢¢¢¢¢¢¢¢¢¢¢¢¢¢¢¢¢¢¢¢¢¢¢¢¢¢¢¢¢¢¢¢¢¢¢¢¢¢¢¢¢ Ð£#bc#v2 ”õ$rDc#t0Ð£#rc#v2Äc#t3¢ •5T$Å‚ “²6Æ2&÷r&röfg6WBÂ„Æ×BFòÐ£#‚c#vR3r •4„" “²6fR6öÂ&rFò7F6°Ð£#’c#vb62 •4…‚ “²6fRF&Âöfg6WBFò7F6°Ð£##c#ƒ#B ”$42Äc#ƒ2 “²%"”bäòTäDU$dÄõpÐ£## “²âââVÇ6PÐ£##"c#ƒ"Fb ”4Å$ “°Ð£##2c#ƒ2SÄc#ƒ3¢ •5T$"Å‚ “²6Æ26öÂ&röfg6WBÂ„Æ×BFòÐ£##Bc#ƒR#B ”$42Äc#ƒ‚ “²%"”bäòTäDU$dÄõpÐ£##R “²âââVÇ6PÐ£##bc#ƒrVb ”4Å$" “°Ð£##rc#ƒ‚3rÄc#ƒƒ¢ •4„" “²6fR6öÂ&rFò7F6°Ð£##‚c#ƒ’3b ”ÄD"3b “²Ö¶R–â&r–çFò–çFW'–æ2w0Ð£##’c#†"6B ”ÕTÂ “²6Æ26öÂ&röfg6WBÂ„Æ×BFòÐ£#3c#†23r •4„" “²6fR–çFW'–æ2w2G7F6°Ð£#3c#†BSb" ”ÄD""Å‚ “²6WBFG"öbF&ÀÐ£#3"c#†b3r •4„" “°Ð£#32c#“6B ”ÕTÂ “°Ð£#3Bc#“6 ”%‚ “°Ð£#3Rc#“"‚ ””å‚ “°Ð£#3bc#“2‚ ””å‚ “°Ð£#3rc#“B‚ ””å‚ “°Ð£#3‚c#“R62 •4…‚ “²6fRF&ÂFG"öâ7F6°Ð£#3’c#“b3 •E5‚ “°Ð£#C “°Ð£#C “´6ÆÂ&BÆ²WÂ„æòöfg6WBÐ£#C" “°Ð£#C2c#“rbB ”ÄDBÅ‚ “´vWB6öÂ&rf÷"Æ²W Ð£#CBc#“’VR ”ÄE‚Å‚ “µF&ÂFG Ð£#CRc#–"&Bc"3b ”¥5"Äc$3b “´6ÆÂ&BÆ²WÂ„æòöfg6WBÐ£#Cbc#–R3b •4„ “µ6fR&W7VÇBöbÆ²WFò7F6°Ð£#Crc#–b3 •E5‚ “°Ð£#C‚c&bR ”ÄDRÅ‚ “²vWB6öÂ&pÐ£#C’c&"SbB ”ÄD"BÅ‚ “°Ð£#Sc&BSrR •5D"RÅ‚ “²WB"†Æ÷r’–â†–v†W7B5E€Ð£#Sc&bSb2 ”ÄD"2Å‚ “²$åTÐÐ£#S"c&‚VR ”ÄE‚Å‚ “²FG"öbF&ÆPÐ£#S2c&6 ”%‚ “²#²$åTÐÐ£#SBc&"&Bc"3b ”¥5"Äc$3b “²6ÆÂ&BÆ²WÂ„æòöfg6WBÐ£#SRc&Rb •D" “°Ð£#Sbc&b3" •TÄ “°Ð£#Src&#3‚ •TÅ‚ “°Ð£#S‚c&#3‚ •TÅ‚ “°Ð£#S’c&#"&Bc"Cb ”¥5"Äc$Cb “²6ÆÂ–çFW'öÆFR&÷WF–æPÐ£#cc&#R3 ””å2 “²&W7F÷&R7F6°Ð£#cc&#b3‚ •TÅ‚ “²&W7F÷&R€Ð£#c"c&#r32 •TÄ" “²&W7F÷&R Ð£#c2c&#‚3’ •%E0Ð£#cB “²¢¢¢¢¢¢¢¢¢¢¢¢¢¢¢¢¢¢¢¢¢¢¢¢¢¢¢¢¢¢¢¢¢¢¢¢¢¢¢¢¢¢¢¢¢¢¢¢¢¢¢¢¢¢ Ð£#cR “²ÒÒÒÒÒÒÒÒÒÒÒÒÒÒÒÒÒÒÒÒÒÒÒÒÒÒÒÒÒÒÒÒÒÒÒÒÒÒÒÒÒÒÒÒÒÒÒÒÒÐÐ£#cb “²¢¢¢¢¢¢¢¢¢¢¢¢¢¢¢¢¢¢¢¢¢¢¢¢¢¢¢¢¢¢¢¢¢¢¢¢¢¢¢¢¢¢¢¢¢¢¢¢¢¢¢¢¢¢ Ð£#cr “²Æöö²W&÷WF–æR"F–ÖVçF–öæÀÐ£#c‚ “°Ð£#c’ “²W6Rf÷"F&ÆW2v—F‚'—FRVç6–væVBfÇVW2æ@Ð£#s “²f—†VB76–æræB'—FRVç6–væVBf&–&ÆPÐ£#s “°Ð£#s" “²f÷W"VçG&–W2&R&÷f–FW2Â6VRV6‚f÷"VçG’bW†—@Ð£#s2 “²6öæF—F–öç2àÐ£#sB “²VçFW"v—Fƒ Ð£#sR “²dõU"TåE%’ô”åE3 Ð£#sb “°Ð£#sr “²âÄµU$C¢42Ò–æFWVæFVçBf"fÇVPÐ£#s‚ “²"42Òöfg6WBFò&R7V'G&7FVBfÒ40Ð£#s’ “²&–÷"FòF&ÆRÆöö²W Ð£#ƒ “°Ð£#ƒ “²"âÄµU¢42Ò–æFWVæFVçBf"fÇVRÂöfg6WCÓÐ£#ƒ" “²‚$TrÒFG&W72öbF&ÆPÐ£#ƒ2 “°Ð£#ƒB “²2âÄµU#¢42Ò7BfÇVRf÷"–çFW'VÆF–öàÐ£#ƒR “²"42Ò&æBfÇVRf÷"–çFW'VÆF–öàÐ£#ƒb “°Ð£#ƒr “²BâÄµU$3¢42Ò–æFWVæFVçBf"fÇVRÂöfg6WCÓÐ£#ƒ‚ “²‚$TrÒFG&W72öbF&ÆPÐ£#ƒ’ “°Ð£#“ “²&WGW&ç2v—Fƒ Ð£#“ “²42Ò&W7VÇBÂ…6–ævÆR'—FRVâ×6–væVBF&ÆRfÇVRÐ£#“" “°Ð£#“2 “²&VvW7FW'2ffV7FVC Ð£#“B “²42b6öæF—F–öç2&VvW7FW Ð£#“R “°Ð£#“b “²W†V7WF–öâF–ÖS Ð£#“r “²ÄµU$C¢#‚5R7–6ÆW0Ð£#“‚ “²ÄµU¢€Ð£#“’ “²ÄµU#¢c Ð£## “²ÄµU$3¢#`Ð£## “°Ð£##" “²7F6²W6VC Ð£##2 “²ÄµU$C¢'—FW0Ð£##B “²ÄµU¢'—FW0Ð£##R “²ÄµU#¢B'—FW0Ð£##b “²ÄµU$2'—FW0Ð£##r “°Ð£##‚ “²7V'26ÆÆVC Ð£##’ “²æöæPÐ£## “²¢¢¢¢¢¢¢¢¢¢¢¢¢¢¢¢¢¢¢¢¢¢¢¢¢¢¢¢¢¢¢¢¢¢¢¢¢¢¢¢¢¢¢¢¢¢¢¢¢¢¢¢¢¢ Ð£## “²¢¢¢¢¢¢¢¢¢¢¢¢¢¢¢¢¢¢¢¢¢¢¢¢¢¢¢¢¢¢¢¢¢¢¢¢¢¢¢¢¢¢¢¢¢¢¢¢¢¢¢¢¢¢ Ð£##" “·FÆ·W&BVçG'’ö–ç@Ð£##2 “°Ð£##B “²W6Rv†Vââöfg6WBöbF†R–æFWVæFVçBf"—2–â Ð£##R “°Ð£##b “²VçFW"v—Fƒ Ð£##r “²‚ÒFG"öbF&ÆPÐ£##‚ “²Ò–æFWVæFVçBf Ð£##’ “²"Òöfg6WBFò&R7V"vVBfÒÐ£### “°Ð£### “²&WGW&âv—Fƒ Ð£###" “²Ò&W7VÇG0Ð£###2 “°Ð£###B “²#‚7–6ÆW0Ð£###R “²¢¢¢¢¢¢¢¢¢¢¢¢¢¢¢¢¢¢¢¢¢¢¢¢¢¢¢¢¢¢¢¢¢¢¢¢¢¢¢¢¢¢¢¢¢¢¢¢¢¢¢¢¢¢ Ð£###bc&#’Äc$#“¢ •4$ “µ7V"öfb6W@Ð£###rc&&#B ”$42Äc$3b “¶–bæ÷BÂåBâ¦W&òÀÐ£###‚ “²Ò6ÆÂ&BÆ²WÂ„æòöfg6WBÐ£###’ “²âââVÇ6PÐ£##3c&&2Fb ”4Å$ “µ6WBFò¦W&ò–bÂåBàÐ£##3c&&B#r ”%$Äc$3b “²bvòFòÆ²W Ð£##3" “²Ò6ÆÂ&BÆ²WÂ„æòöfg6WBÐ£##32 “²ÒÒÒÒÒÒÒÒÒÒÒÒÒÒÒÒÒÒÒÒÒÒÒÒÒÒÒÒÒÒÒÒÒÒÒÒÒÒÒÒÒÒÒÒÒÒÒÒÒÐÐ£##3B “°Ð£##3R “²W6RFò–çFW'öÆFRfâF&ÆRv—F‚f—†VB76–ærv†–6€Ð£##3b “²—27V6–f–VB–â7B'—FRöbF&ÆRÂæò"öfg6WB—0Ð£##3r “²ÆÆ÷vVBàÐ£##3‚ “°Ð£##3’ “²VçFW"v—Fƒ Ð£##C “²‚ÒFG"öbF&ÆPÐ£##C “²Ò–æFWVæFVçBf&–&ÆPÐ£##C" “°Ð£##C2 “²&WGW&âv—Fƒ Ð£##CB “²Ò&W7VÇG0Ð£##CR “°Ð£##Cb “²#b7–6ÆW0Ð£##Cr “²ÒÒÒÒÒÒÒÒÒÒÒÒÒÒÒÒÒÒÒÒÒÒÒÒÒÒÒÒÒÒÒÒÒÒÒÒÒÒÒÒÒÒÒÒÒÒÒÒÒÒÐÐ£##C‚c&&b3rÄc$$c¢ •4„" “²6fR Ð£##C’c&362 •4…‚ “²6fRF&ÆRFG Ð£##Sc&3Sb ”ÄD"Å‚ “²vWB76–ærfÇVPÐ£##Sc&32‚ ””å‚ “°Ð£##S"c&3B#B ”%$Äc$4 “²v÷FòFòÆ²W Ð£##S2 “²ÒÒÒÒÒÒÒÒÒÒÒÒÒÒÒÒÒÒÒÒÒÒÒÒÒÒÒÒÒÒÒÒÒÒÒÒÒÒÒÒÒÒÒÒÒÒÒÒÒÒÒÒÒÒÒÒÒÐÐ£##SB “²&BÄ²UÂW6Rv†Vâæòöfg6WBöbF†R–æFWVæFVçBf"àÐ£##SR “°Ð£##Sb “²VçFW"v—Fƒ Ð£##Sr “²‚ÒFG"öbF&ÆPÐ£##S‚ “²Ò–æFWVæFVçBf"Â†öfg6WBÒÐ£##S’ “°Ð£##c “²&WGW&âv—Fƒ Ð£##c “²Ò&W7VÇG0Ð£##c" “°Ð£##c2 “²‚7–6ÆW0Ð£##cB “²ÒÒÒÒÒÒÒÒÒÒÒÒÒÒÒÒÒÒÒÒÒÒÒÒÒÒÒÒÒÒÒÒÒÒÒÒÒÒÒÒÒÒÒÒÒÒÒÒÒÒÐÐ£##cRc&3b3rÄc$3c¢ •4„" “²6fR6öÂ–çWB&pÐ£##cbc&3r62 •4…‚ “²6fRF&ÂFG Ð£##crc&3‚3b ”ÄD"3b “²6WB76–æpÐ£##c‚c&66BÄc$4¢ ”ÕTÂ “²6Æ2–æ7&VÖVç@Ð£##c’c&6"3r •4„" “²6fR–æ7&VÖVçBöâ7F6°Ð£##sc&62b •D" “°Ð£##sc&6B6 ”%‚ “°Ð£##s"c&6RV2 ”ÄDBÅ‚ “°Ð£##s2c&C†BB ”%5"Äc$Cb “²6ÆÂ–çFW'öÆFR&÷WF–æPÐ£##sBc&C"32 •TÄ" “²&W7F÷&R7F6°Ð£##sRc&C23‚ •TÅ‚ “°Ð£##sbc&CB32 •TÄ" “°Ð£##src&CR3’ •%E2 “²&WGW&âFò6ÆÆW Ð£##s‚ “²¢¢¢¢¢¢¢¢¢¢¢¢¢¢¢¢¢¢¢¢¢¢¢¢¢¢¢¢¢¢¢¢¢¢¢¢¢¢¢¢¢¢¢¢¢¢¢¢¢¢¢¢¢¢ Ð£##s’ “²¢¢¢¢¢¢¢¢¢¢¢¢¢¢¢¢¢¢¢¢¢¢¢¢¢¢¢¢¢¢¢¢¢¢¢¢¢¢¢¢¢¢¢¢¢¢¢¢¢¢¢¢¢¢ Ð£##ƒ “²–çFW'öÆF–öâ7V'&÷WF–æPÐ£##ƒ “°Ð£##ƒ" “²W6RFò–çFW'ÆFRGvò‚&—BfÇVW0Ð£##ƒ2 “°Ð£##ƒB “²VçFW"v—Fƒ Ð£##ƒR “²Ò7BfVÇVRf÷"–çFW'öÆF–öàÐ£##ƒb “²"Ò&æBfÇVRf÷"–çFW'öÆF–öàÐ£##ƒr “°Ð£##ƒ‚ “²&WGW&âv—Fƒ Ð£##ƒ’ “²7F6²Ò&W7VÇG0Ð£##“ “°Ð£##“ “²c"7–6ÆW0Ð£##“" “²¢¢¢¢¢¢¢¢¢¢¢¢¢¢¢¢¢¢¢¢¢¢¢¢¢¢¢¢¢¢¢¢¢¢¢¢¢¢¢¢¢¢¢¢¢¢¢¢¢¢¢¢¢¢ Ð£##“2c&Cb62Äc$Cc¢ •4…‚ “µ6fR€Ð£##“Bc&Cr3r •4„" “µ6fR Ð£##“Rc&C‚3b •4„ “µffRÐ£##“bc&C’ •4$ “´ÆW72F†âðÐ£##“rc&F3 •E5‚ “°Ð£##“‚c&F"Sbb ”ÄD"bÅ‚ “´vWB–æ7&VÖVçB×VÇF—Æ–W Ð£##“’c&FB#R’ ”$52Äc$S‚ “´–b7’6WBvðÐ£#3 “²âââVÇ6PÐ£#3 “²ÒÒÒÒÒÒÒÒÒÒÒÒÒÒÒÒÒÒÒÒÒÒÒÒÒÒÒÒÐÐ£#3" “²–çFW'b&æBGvâ–b&WV—&V@Ð£#32 “²ÒÒÒÒÒÒÒÒÒÒÒÒÒÒÒÒÒÒÒÒÒÒÒÒÒÒÒÒÐÐ£#3Bc&Fb6B ”ÕTÂ “°Ð£#3Rc&SC ”äTt “°Ð£#3bc&S" ”DDÅ€Ð£#3rc&S2S‚ ”4Ä" “°Ð£#3‚c&SBƒ" •4$43 “°Ð£#3’c&Sb#B ”%$Äc$T2 “°Ð£#3 “²ÒÒÒÒÒÒÒÒÒÒÒÒÒÒÒÒÒÒÒÐÐ£#3 “²–çFW'b&÷VæBU Ð£#3" “²ÒÒÒÒÒÒÒÒÒÒÒÒÒÒÒÒÒÒÒÐÐ£#32c&S‚CÄc$Sƒ¢ ”äTtÐ£#3Bc&S’6B ”ÕTÂ “°Ð£#3Rc&V’ ”D4Å‚ “°Ð£#3bc&V23Äc$T3¢ ””å2 “µ&W7F÷&R7F6°Ð£#3rc&VB32 •TÄ" “°Ð£#3‚c&VR3‚ •TÅ‚ “°Ð£#3’c&Vb3’ •%E2 “°Ð£#3# “²¢¢¢¢¢¢¢¢¢¢¢¢¢¢¢¢¢¢¢¢¢¢¢¢¢¢¢¢¢¢¢¢¢¢¢¢¢¢¢¢¢¢¢¢¢¢¢¢¢¢¢¢¢¢ Ð£#3# “²¢¢¢¢¢¢¢¢¢¢¢¢¢¢¢¢¢¢¢¢¢¢¢¢¢¢¢¢¢¢¢¢¢¢¢¢¢¢¢¢¢¢¢¢¢¢¢¢¢¢¢¢¢¢ Ð£#3#" “²ÕTÃeƒ`Ð£#3#2 “²b¢b×VÇBf—†VBö–çB&÷WF–æPÐ£#3#B “°Ð£#3#R “²6ÆÂv—Fƒ Ð£#3#b “²‚Ò×VÇF—Æ–6æ@Ð£#3#r “²ÒÕ4"öb×VÇF—Æ–W Ð£#3#‚ “²"ÒÅ4"öb×VÇF—Æ–W Ð£#3#’ “°Ð£#33 “²&WGW&ç2v—Fƒ Ð£#33 “²42ÒÖ–FFÆR"'—FW2öb3"&—B&öGV7@Ð£#33" “²"42ÒÖ–FFÆR"'—FW2öb3"&—B&öGV7@Ð£#332 “²‚$TrÒWW""'—FW2öb3"&—B&W7VÇBàÐ£#33B “°Ð£#33R “²&VvW7FW'2ffV7FVC Ð£#33b “²Â"Â‚b6öæF—F–öç2&VvW7FW Ð£#33r “²W†V7WF–öâF–ÖRÒƒ"5g–6ÆW2Ö€Ð£#33‚ “°Ð£#33’ “²Ö–FFÆR„b"’v–ÆÂ&R6WBFòDdddb–bÕ4"ööbF†PÐ£#3C “²&W7VÇB—2âå¢àÐ£#3C “²¢¢¢¢¢¢¢¢¢¢¢¢¢¢¢¢¢¢¢¢¢¢¢¢¢¢¢¢¢¢¢¢¢¢¢¢¢¢¢¢¢¢¢¢¢¢¢¢¢¢¢¢¢¢ Ð£#3C"c&c ”õ$rDc$c Ð£#3C2c&cÄc$c¢ Ð£#3CBc&c3b •4„ “²&W6W'fRf÷"Õ4"öb&W7VÇ@Ð£#3CRc&c62 •4…‚ “²&W6W'fRf÷"'B&W7VÇ@Ð£#3Cbc&c"62 •4…‚ “²6fR×WFÇ6æBFò7F6°Ð£#3Crc&c23r •4„" “²6fRÅ4"öb×VÇBFò7F6°Ð£#3C‚c&cB3b •4„ “²6fRÕ4"öb×VÇBFò7F6°Ð£#3C’c&cR3 •E5‚ “°Ð£#3Sc&cbb2 ”ÄD2Å‚ “°Ð£#3Sc&c‚6B ”ÕTÂ “²Å4"öb×VÇBv6æB¢Å4Òöb×VÇ@Ð£#3S"c&c’ƒ’ ”D43 “°Ð£#3S2c&f"rR •5DRÅ‚ “°Ð£#3SBc&fBV2 ”ÄDBÅ‚ “°Ð£#3SRc&fb6B ”ÕTÂ “²Å4"öb×VÇB¢Õ4"öb×VÇBv6æ@Ð£#3Sbc3V"R ”DD"RÅ‚ “°Ð£#3Src3"ƒ’ ”D43 “°Ð£#3S‚c3BVBB •5DBBÅ‚ “°Ð£#3S’c3bb ”ÄDÅ‚ “²Õ4"×VÇBwÇ"‚Å4"ÐÐ£#3c “²×VÇBv6æ@Ð£#3cc3‚Sb2 ”ÄD"2Å‚ “°Ð£#3c"c3fbb ”4Å"bÅ‚ “²6Ç"Õ4"öb&W7VÇ@Ð£#3c2c326B ”ÕTÂ “²Õ4"×VÇB¢Å4"öb×VÇBv6æ@Ð£#3cBc3BS2B ”DDBBÅ‚ “°Ð£#3cRc3bc’b •$ôÂbÅ‚ “°Ð£#3cbc3VBB •5DBBÅ‚ “°Ð£#3crc32b ”ÄDÅ€Ð£#3c‚c3RSb" ”ÄD""Å‚ “°Ð£#3c’c3r6B ”ÕTÂ “²Õ4"×VÇB¢Õ4"×VÇBv6æ@Ð£#3sc3‚V"B ”DD"BÅ‚ “²Õ4"&W7VÇB–âd Ð£#3sc3’b ”D4bÅ‚ “°Ð£#3s"c32SrB •5D"BÅ‚ “°Ð£#3s2c3RVB" •5DB"Å‚ “²"†–v‚'—FW2Fò€Ð£#3sBc3#FB •E5D “²†’'—FRâå¢âðÐ£#3sRc3##rR ”$UÄc3#‚ “²–bæòvðÐ£#3sb “²âââVÇ6PÐ£#3src3#262fbfb ”ÄDB2Ddddb “²VÇ6R6WBFòDddd`Ð£#3s‚c3#bVBB •5DBBÅ‚ “°Ð£#3s’c3#‚3‚Äc3#ƒ¢ •TÅ‚ “²†–v†W"'—FW2Fò€Ð£#3ƒc3#’3‚ •TÅ‚ “°Ð£#3ƒc3&3" •TÄ “²Ö–FFÆR'—FW2&W7VÇG2Fòb Ð£#3ƒ"c3&"32 •TÄ" “°Ð£#3ƒ2c3&23 ””å2 “²&W7F÷&R7F6°Ð£#3ƒBc3&B3’ •%E0Ð£#3ƒR “²¢¢¢¢¢¢¢¢¢¢¢¢¢¢¢¢¢¢¢¢¢¢¢¢¢¢¢¢¢¢¢¢¢¢¢¢¢¢¢¢¢¢¢¢¢¢¢¢¢¢¢¢¢ Ð£#3ƒb “²¢¢¢¢¢¢¢¢¢¢¢¢¢¢¢¢¢¢¢¢¢¢¢¢¢¢¢¢¢¢¢¢¢¢¢¢¢¢¢¢¢¢¢¢¢¢¢¢¢¢¢¢¢ Ð£#3ƒr “´4µ5TÓ Ð£#3ƒ‚ “²4Ä5TÄDR5DBtÒ4„T4µ5TÐÐ£#3ƒ’ “°Ð£#3“ “²÷WGWB—2b&—B&W7VÇBàÐ£#3“ “²6ÆÆ–ær&s Ð£#3“" “²"ÒçVÖ&W"öb'—FW2Fò6·7VÐÐ£#3“2 “²‚Ò7F'F–ærFG&W70Ð£#3“B “²&WGW&ç2v—Fƒ Ð£#3“R “²’Ò6†V6·7VÐÐ£#3“b “°Ð£#3“r “²W†V7WF–öâF–ÖS Ð£#3“‚ “²ƒSRÃs#b5R7–6ÆW2Â„dddb'—FW2Ð£#3“’ “²¢¢¢¢¢¢¢¢¢¢¢¢¢¢¢¢¢¢¢¢¢¢¢¢¢¢¢¢¢¢¢¢¢¢¢¢¢¢¢¢¢¢¢¢¢¢¢¢¢¢¢¢¢ Ð£#Cc3&R ”õ$rDc3$PÐ£#C°”UR4õCC" “²vF6‚FörF–ÖW Ð£#C"c3&RÄc3$S¢ Ð£#C2c3&R62 •4…‚ “²6fR7F'BFG"öb5TÐÐ£#CBc3&b3r •4„ Ð£#CRc333b •4„ “²6fRçVÒöb'—FW2Fò7VÐÐ£#Cbc33B ”Å5$B “²6÷VçB–â"w0Ð£#Crc33"3b •4„ “²6fR†’'—FR‚ó"’öâ7G€Ð£#C‚c332‚6R ”ÄE’3 “²6ÆV"’&VràÐ£#C’c33rr •D$ “²6²f÷"44"ÒgFW"6†–g@Ð£#Cc33‚#rR ”$UÄc3C€Ð£#C “²ââæVÇ6PÐ£#C"c36SbÄc34¢ ”ÄD"Å‚ “´vWB'—FPÐ£#C2c362‚6 ”%’ “´FBFò4„T4µ5TÐÐ£#CBc36RSb ”ÄD"Å‚ “´æW‡B'—FPÐ£#CRc3C‚6 ”%’ “´FBFò4„T4µ5TÐÐ£#Cbc3C"3b" ”ÄD"3 Ð£#Crc3CB6 ”%‚ “µö–çBFòæW‡B—"öb'—FW0Ð£#C‚c3CRF ”DT4 “´FV26÷VçFW Ð£#C’c3Cb#bc" ”$äRÄc34Ð£#C# “²âââVÇ6PÐ£#C#c3C‚Äc3Cƒ¢ Ð£#C#"c3C‚62 •4…‚ “²6fR7W'&VçBFG&W70Ð£#C#2c3C’6Rfb ”ÄE‚2Ddc “²4õF–ÖRfÇVPÐ£#C#Bc3F2fbC" •5E‚CC" “²FövvÆR4õ†WfW'’S"'—FW2Ð£#C#Rc3Fb3 •E5€Ð£#C#bc3Sf" ”DT2"Å‚ “²FV2†’÷&FW"'—FRöb6÷Vç@Ð£#C#rc3S"3‚ •TÅ‚ “²6öçF–çVRF–ÆÂÆÂ'—FW2FöæPÐ£#C#‚c3S2&SR ”%ÂÄc34Ð£#C#’ “²ââæVÇ6PÐ£#C3c3SR3 ””å2 “²GV×†’÷&FW"6÷VçFW Ð£#C3c3Sb3" •TÄ “²&W7F÷&R&VvW7FW'0Ð£#C3"c3Sr32 •TÄ Ð£#C32c3S‚3‚ •TÅ€Ð£#C3Bc3S’3’ •%E2 “²b&WGW&àÐ£#C3R “²¢¢¢¢¢¢¢¢¢¢¢¢¢¢¢¢¢¢¢¢¢¢¢¢¢¢¢¢¢¢¢¢¢¢¢¢¢¢¢¢¢¢¢¢¢¢¢¢¢¢¢¢¢¢ Ð£#C3b “²¢¢¢¢¢¢¢¢¢¢¢¢¢¢¢¢¢¢¢¢¢¢¢¢¢¢¢¢¢¢¢¢¢¢¢¢¢¢¢¢¢¢¢¢¢¢¢¢¢¢¢¢¢¢ Ð£#C3r “°Ð£#C3‚ “°Ð£#C3’ “°Ð£#CC “²¢¢¢¢¢¢¢¢¢¢¢¢¢¢¢¢¢¢¢¢¢¢¢¢¢¢¢¢¢¢¢¢¢¢¢¢¢¢¢¢¢¢¢¢¢¢¢¢¢¢¢¢¢¢ Ð£#CCc3VCb6bÄc3T¢ ”ÄD"C4b “°Ð£#CC" “°Ð£#CC2 “²4²”BU%"#Tä$ÄT@Ð£#CCB “°Ð£#CCRc3V2#b3C ”ÄDÄ3C “²Ö6²f÷"ÖÂgVæ7BfÆrÐ£#CCbc3VbƒRB ”$•D2CB “²#"ÂU%"6öFR#E2†–v€Ð£#CCrc3c#r2 ”$UÄc3db “²%"”bäõB# Ð£#CC‚ “²ââæVÇ6PÐ£#CC’c3c2“bƒ ”ÄDCƒ “²E2Â„ôBÐ£#CSc3cR#3Sb ”4ÕÄ3Sb “²”bE2ôBâ6WBU%"3#Ð£#CSc3c‚#2R ”$Å2Äc3db “°Ð£#CS" “²ââæVÇ6PÐ£#CS2c3f6B ”õ$"2CB “²4UB# Ð£#CSBc3f2BF2B ”%4UBCD2CB “²4UB# Ð£#CSRc3fbCr6bÄc3dc¢ •5D"C4b “°Ð£#CSbc3s“bƒ ”ÄDCƒ “²E2Â„ôBÐ£#CSrc3s23R#B ”$•D"2C#B “²#Rb# Ð£#CS‚c3sR#r2 ”$UÄc3t “²%"”bäõB#Rb# Ð£#CS’ “²ââæVÇ6PÐ£#Ccc3sr#b3V ”ÄDÄ3T “°Ð£#Ccc3v3bÄc3t¢ •4„ “°Ð£#Cc"c3v"Cbƒb ”ÄD"Cƒb “´bÇFW&VBÆ÷rE2Â„ôBÐ£#Cc2c3vB ”4$ “°Ð£#CcBc3vR#" ”$„’Äc3„ “°Ð£#CcR “²ââæVÇ6PÐ£#Ccbc3ƒFRƒb ”ÄE‚Cƒb “²fÇFW&VBÆ÷rE2Â„ôBÐ£#Ccrc3ƒ"cb32–2 ”ÄD"Ä33”2 “²ÆòE2f–ÇFW"6öV`Ð£#Cc‚c3ƒR&Bc"S ”¥5"Äc#S “°Ð£#Cc’c3ƒ‚FBƒb •5DBCƒb “²fÇFW&VBÆ÷rE2Â„ôBÐ£#Csc3†F2ƒbÄc3„¢ ”ÄDBCƒb “²fÇFW&VBÆ÷rE2Â„ôBÐ£#Csc3†232ƒ ”DDB2Cƒ “°Ð£#Cs"c3†bb •D" “°Ð£#Cs2c3“3" •TÄ “°Ð£#CsBc3“ •4$ “°Ð£#CsRc3“"#B ”$42Äc3“R “°Ð£#Csb “²ââæVÇ6PÐ£#Csrc3“BFb ”4Å$ “°Ð£#Cs‚c3“Rcb32–Äc3“S¢ ”ÄD"Ä33” “²†’ôÆòE2PÐ£#Cs’c3“‚6B ”ÕTÂ “°Ð£#Cƒc3“’32# ”DDB33" “°Ð£#Cƒc3–2R ”4ÄB “°Ð£#Cƒ" “²ââæVÇ6PÐ£#Cƒ2c3–B#R2 ”$52Äc4" “°Ð£#CƒB “²ââæVÇ6PÐ£#CƒRc3–bR ”4ÄB “°Ð£#Cƒbc6#B" ”$42Äc4B “°Ð£#Cƒr “²ââæVÇ6PÐ£#Cƒ‚c6"ƒbfbÄc4#¢ ”ÄD3#SR “²Ô‚dÅTPÐ£#Cƒ’c6B“rƒ"Äc4C¢ •5DCƒ" “²E2ÆB†—2f Ð£#C“c6b3’ •%E2 “°Ð£#C“ “²¢¢¢¢¢¢¢¢¢¢¢¢¢¢¢¢¢¢¢¢¢¢¢¢¢¢¢¢¢¢¢¢¢¢¢¢¢¢¢¢¢¢¢¢¢¢¢¢¢¢¢¢¢¢ Ð£#C“" “²¢¢¢¢¢¢¢¢¢¢¢¢¢¢¢¢¢¢¢¢¢¢¢¢¢¢¢¢¢¢¢¢¢¢¢¢¢¢¢¢¢¢¢¢¢¢¢¢¢¢¢¢¢¢ Ð£#C“2 “²¢Fò6†V6²7VÒöbäôâdôÂÔTÔõ%’W'"fÆrv÷&Bw0Ð£#C“B “² Ð£#C“R “²¢&WGW&âv—Fƒ Ð£#C“b “²¢ÒÕ4"öb6²7VÐÐ£#C“r “²¢"ÒÅ4"öb6²7VÐÐ£#C“‚ “²¢¢¢¢¢¢¢¢¢¢¢¢¢¢¢¢¢¢¢¢¢¢¢¢¢¢¢¢¢¢¢¢¢¢¢¢¢¢¢¢¢¢¢¢¢¢¢¢¢¢¢¢¢¢ Ð£#C“’c6r ”õ$rDc4pÐ£#Sc6r6RRÄc4s¢ ”ÄE‚3R “²6WBf÷"RTU$ôÒfÆrÇ0Ð£#Sc662 ”ÄDB3 “²–æ2f÷"æöâ¦W&ò7VÐÐ£#S"c6BV"BÄc4C¢ ”DD"BÅ‚ “²7VÒfÆrv÷&G0Ð£#S2c6bƒ’ ”D43 “°Ð£#SBc6#’ ”DU‚ “²FV2F–ÆÂFöæPÐ£#SRc6#"#bc’ ”$äRÄc4B “²Æö÷F–ÆÂFöæPÐ£#Sb “²ââæVÇ6PÐ£#Sr “°Ð£#S‚ “²T5RDTÄ’„U$PÐ£#S’ “²W7v0Ð£#Sc6#B3’ •%E0“°Ð£#Sc6#R3’Äc4#S¢ •%E2 “µ&WGW&âFò6ÆÆW Ð£#S" “²¢¢¢¢¢¢¢¢¢¢¢¢¢¢¢¢¢¢¢¢¢¢¢¢¢¢¢¢¢¢¢¢¢¢¢¢¢¢¢¢¢¢¢¢¢¢¢¢¢¢¢¢¢¢ Ð£#S2 “²¢¢¢¢¢¢¢¢¢¢¢¢¢¢¢¢¢¢¢¢¢¢¢¢¢¢¢¢¢¢¢¢¢¢¢¢¢¢¢¢¢¢¢¢¢¢¢¢¢¢¢¢¢¢ Ð£#SB “²¢Ô¤õ"Äôõ5T%$õUD”äR4TrbÀÐ£#SR “² Ð£#Sb “²¢Æör$ÒFòÔ5RÂ6ööÂô@Ð£#Sr “² Ð£#S‚ “² Ð£#S’ “²¢¢¢¢¢¢¢¢¢¢¢¢¢¢¢¢¢¢¢¢¢¢¢¢¢¢¢¢¢¢¢¢¢¢¢¢¢¢¢¢¢¢¢¢¢¢¢¢¢¢¢¢¢¢ Ð£#S# “°Ð£#S# “²&VB6ööÆçBFV×b6÷'&V7@Ð£#S#" “²&VF–ær–bf–ÇW&Rö67W'0Ð£#S#2 “°Ð£#S#Bc6#b&Bc‚c’Äc4#c¢ ”¥5"Äc„c’ “²Dò4TrBÂÆör$ÒFò‚åRàÐ£#S#Rc6#’ƒbC ”ÄD2CC “²ôB6‚BÂ„6ööÆçBFV×Ð£#S#bc6&"&Bc&R ”¥5"Äc$R “²vòFòFòô@Ð£#S#rc6&R3b •4„ “²6fRôB6ööÆçBfÇVPÐ£#S#‚ “²ÒÒÒÒÒÒÒÒÒÒÒÒÒÒÒÒÒÒÒÒÒÒÒÒÒÒÒÒÒÒÒÒÒÒÒÒÒÒÒÒÒÒÐÐ£#S#’ “²Ä²U4ôôÂdÅTRdÒ$BD$ÀÐ£#S3 “²3ƒCö†Ò4ôôÂF&ÆPÐ£#S3 “°Ð£#S3" “°Ð£#S32 “²ÒÒÒÒÒÒÒÒÒÒÒÒÒÒÒÒÒÒÒÒÒÒÒÒÒÒÒÒÒÒÒÒÒÒÒÒÒÒÒÒÒÒÐÐ£#S3Bc6&b6RfRr ”ÄE‚2DdTr “²”äDU‚3ƒCö†Ò4ôÄÄåBF&ÆPÐ£#S3Rc63""62ƒ’ ”%%4UBC42CƒÄc44b “²%"”b#rÂ4õ"æ÷BFövvÆV@Ð£#S3b “²âââVÇ6PÐ£#S3rc63b23R ”%$4Å"C3CÄc44b “²%"”bäõB#Â–bD²&W2fÇVR–âW6PÐ£#S3‚ “²âââVÇ6PÐ£#S3’ “²ÒÒÒÒÒÒÒÒÒÒÒÒÒÒÒÒÒÒÒÒÒÒÒÒÒÒÒÒÒÒÒÒÒÒÒÒÒÒÒÒÒÒÐÐ£#SC “²Ä²U4ôôÂdÅTRdÒ$BD$ÀÐ£#SC “²3C‚ö†ÒF&ÆPÐ£#SC" “°Ð£#SC2 “°Ð£#SCB “²ÒÒÒÒÒÒÒÒÒÒÒÒÒÒÒÒÒÒÒÒÒÒÒÒÒÒÒÒÒÒÒÒÒÒÒÒÒÒÒÒÒÒÐÐ£#SCRc666RfR#‚ ”ÄE‚2DdT#‚ “²”äDU‚3C‚ô„Ò6ööÂ6Vç6÷"F&ÆPÐ£#SCbc66B#b ”%$Äc4CR “²Æ²WfÀÐ£#SCr “°Ð£#SC‚c66b†"Äc44c¢ ”DD3 “²w&ðÐ£#SC’c6C#B" ”$42Äc4CR “²%"”bäòõdU"dÄõpÐ£#SS “²âââVÇ6PÐ£#SSc6C2ƒbfb ”ÄD3#SR “²Æ–Ö—BôBdÂÂ†Æ²Wf"Ð£#SS"c6CR&Bc"3bÄc4CS¢ ”¥5"Äc$3b “²6ÆÂ&BÆ²WÂ„æòöfg6WBÐ£#SS2c6C‚“rVB •5DCTB “²6fRf÷"ÄDÀÐ£#SSBc6Fƒs‚ ”4Õ3# “²SFVr0Ð£#SSRc6F2#"’ ”$„’Äc4Sr “²–bâS277VÖR3C‚ö†×0Ð£#SSb “²âââVÇ6PÐ£#SSrc6FRƒf ”4Õ3b “²3’ãR0Ð£#SS‚c6S#"‚ ”$„’Äc4T “²–b3’ãRFòS277VÖRæò6†ævPÐ£#SS’ “²âââVÇ6PÐ£#Scc6S"R3 ”$4Å"C3C “²W6RB²ö†×0Ð£#Scc6SR#2 ”%$Äc4T “°Ð£#Sc"c6SrB3Äc4Ss¢ ”%4UBC3C “²W6R3C‚ö†×0Ð£#Sc2c6VR62ƒÄc4T¢ ”$4Å"C42Cƒ “²&W6WB4õ"6ööÂfÆpÐ£#ScB “°Ð£#ScR “²W'&÷"3B†’FV×f–ÇW&PÐ£#Scb “°Ð£#Scrc6VB3" •TÄÐ£#Sc‚c6VR"6"‚3‚ ”%%4UBC4"C‚ÄcC$Ð£#Sc’c6c"3b •4„Ð£#Ssc6c2“bVB ”ÄDCTB “°Ð£#Ssc6cR3b# ”ÄD"2C# “´FòW'&÷"3@Ð£#Ss"c6cr#3S ”4ÕÄ3S “´–b6ööÂÂ6Æ–"6²F–ÖÖW"7BàÐ£#Ss2c6f3" •TÄÐ£#SsBc6f"#Br ”$42ÄcC@Ð£#SsR “°Ð£#Ssb “²W'&÷"3RÆ÷rFV×f–ÇW&PÐ£#Ssr “°Ð£#Ss‚c6fB3b ”ÄD"2C “²FòW'"3PÐ£#Ss’c6fb#3SR ”4ÕÄ3SPÐ£#SƒcC"#2b ”$Å2ÄcC “²–b6ööÂâ6Æ–"Âf–ÇFW Ð£#Sƒ “²âââVÇ6PÐ£#Sƒ"cCBFRÄcCC¢ ”ÄE‚C “°Ð£#Sƒ2cCb&23S2 ”5‚Ä3S2 “²6²Vær'VâF–ÖPÐ£#SƒBcC’#2r ”$Å2ÄcC Ð£#SƒR “²âââVÇ6PÐ£#SƒbcC"B3R" ”%4UBC3RC" “²4UB#ÂU%"BóRD„•25D%BU Ð£#SƒrcCRFF2 ”õ$"CD0Ð£#Sƒ‚cCCrF2 •5D"CD0Ð£#Sƒ’cC"#b3S"ÄcC#¢ ”ÄDÄ3S" “²W6RFVfVÇB6ööÂfÒWVFPÐ£#S“cCRVb ”4Å$ Ð£#S“cCbFBV" •5DBCT" “²4ôôÄå@Ð£#S“"cC‚# ”%$ÄcC$Ð£#S“2cC“bVBÄcC¢ ”ÄDCT@Ð£#S“BcC226"" ”%$4Å"C4"CÄcC$ Ð£#S“R “²âââVÇ6PÐ£#S“bcC#cb32–B ”ÄD"Ä33”B “´6ööÂFV×6öVbfÒ$ôÐÐ£#S“rcC#2FRV" ”ÄE‚CT" “²4ôôÄå@Ð£#S“‚cC#R&Bc"S ”¥5"Äc#S Ð£#S“’cC#‚FBV" •5DBCT" “²4ôôÄå@Ð£#ccC&3’ÄcC$¢ •%E0Ð£#ccC&"VbÄcC$#¢ ”4Å$ Ð£#c"cC&2FBV" •5DBCT" “²4ôôÄå@Ð£#c2cC&R“rVb •5DCT`Ð£#cBcC3B6" ”%4UBC4"C Ð£#cRcC323’ •%E0Ð£#cb “°Ð£#cr “²–çF–Æ—¦R$ÄÒF&ÆPÐ£#c‚ “°Ð£#c’cC3BVbÄcC3C¢ ”4Å$" “°Ð£#ccC3Rƒbƒ ”ÄD2Cƒ “²vWBFVfVÇBfÀÐ£#ccC3rFB •5DBC “²W'"3RfÆrv÷&@Ð£#c"cC3’FB2 •5DBC2 “²7G’Æ—fRÖVÒ6VÆÂ Ð£#c2cC6"6RÄcC4#¢ ”ÄE‚2C “²–æ—B$ÄÒ6VÆÇ0Ð£#cBcC6R’ÄcC4S¢ ”DU‚ “°Ð£#cRcC6br2 •5DC2Å€Ð£#cbcCC†2 ”5‚3 Ð£#crcCCB#bc‚ ”$äRÄcC4R “°Ð£#c‚ “²âââVÇ6PÐ£#c’cCCb3’ •%E2 “°Ð£#c# “°Ð£#c# “²4²ÄõrÄÕBdõ"4Ò4TÄÂu2b Ð£#c#" “°Ð£#c#2cCCr“b2ÄcCCs¢ ”ÄDC2 “²7G’Æ—fRÖVÒ6VÆÂ Ð£#c#BcCC’6R3RS‚ ”ÄE‚2D3TS‚ “²‚ÂÆ÷rÆ×Bf÷"÷F†W"4Ò6VÆÂw0Ð£#c#RcCF2†Br ”%5"ÄcCcR “°Ð£#c#bcCFR“r2 •5DC2 “²7G’Æ—fRÖVÒ6VÆÂ Ð£#c#rcCS†BS’ ”%5"ÄcC4" “°Ð£#c#‚cCS"“b ”ÄDC “°Ð£#c#’cCSB6R3RSb ”ÄE‚2D3TSb “²‚ÂÆ÷rÆ×Bf÷"4Ò6VÆÂ Ð£#c3cCSr†B2 ”%5"ÄcCcR “°Ð£#c3cCS’“r •5DC “°Ð£#c3"cCV"6R2 ”ÄE‚2C2 “²ô”åBDò$ÄÒ4TÄÅ0Ð£#c32cCVRcb3RV ”ÄD"Ä3TT “²Â4Ò6VÆÂçVÖ&W"Â–FÆPÐ£#c3BcCc6 ”%‚ “²DBDò$ÄÒô”åDU Ð£#c3RcCc"r •5DÅ‚ “°Ð£#c3bcCcB3’ •%E2 “°Ð£#c3r “²¢¢¢¢¢¢¢¢¢¢¢¢¢¢¢¢¢¢¢¢¢¢¢¢¢¢¢¢¢¢¢¢¢¢¢¢¢¢¢¢¢¢¢¢¢¢¢¢¢¢¢¢¢¢ Ð£#c3‚ “²¢¢¢¢¢¢¢¢¢¢¢¢¢¢¢¢¢¢¢¢¢¢¢¢¢¢¢¢¢¢¢¢¢¢¢¢¢¢¢¢¢¢¢¢¢¢¢¢¢¢¢¢¢¢ Ð£#c3’ “²¢Ä”Ô•@Ð£#cC “² Ð£#cC “²¢Æ–Ö—B&÷VæG2öâ‚&—B–çFW&vW Ð£#cC" “²¢…WW"bÆ÷vW"Ð£#cC2 “² Ð£#cCB “²¢6ÆÂv—Fƒ Ð£#cCR “²¢Ò–çWB&pÐ£#cCb “²¢‚Ò&÷Væ@Ð£#cCr “²¢&WGW&ã Ð£#cC‚ “²¢Ð£#cC’ “²¢¢¢¢¢¢¢¢¢¢¢¢¢¢¢¢¢¢¢¢¢¢¢¢¢¢¢¢¢¢¢¢¢¢¢¢¢¢¢¢¢¢¢¢¢¢¢¢¢¢¢¢¢¢ Ð£#cScCcRÄcCcS¢ Ð£#cScCcR ”4ÕÅ‚ “²—2&VrâÆ÷rÆ–Ö—BðÐ£#cS"cCcr#"" ”$„’ÄcCd" “²–b–W0Ð£#cS2 “²âââVÇ6PÐ£#cSBcCc’b ”ÄDÅ‚ “²–bæòÆBÆ÷rÆ–Ö—@Ð£#cSRcCf"ÄcCd#¢ ”4ÕÅ‚ “²†’Æ–Ö—BðÐ£#cSbcCfB#2" ”$Å2ÄcCs “²–b–W2ÂF†Vâ&WGW&àÐ£#cSrcCfbb ”ÄDÅ‚ “²–bæòÆB†–v‚Æ–Ö—@Ð£#cS‚cCs3’ÄcCs¢ •%E2 “°Ð£#cS’ “²¢¢¢¢¢¢¢¢¢¢¢¢¢¢¢¢¢¢¢¢¢¢¢¢¢¢¢¢¢¢¢¢¢¢¢¢¢¢¢¢¢¢¢¢¢¢¢¢¢¢¢¢¢¢ Ð£#cc “²¢¢¢¢¢¢¢¢¢¢¢¢¢¢¢¢¢¢¢¢¢¢¢¢¢¢¢¢¢¢¢¢¢¢¢¢¢¢¢¢¢¢¢¢¢¢¢¢¢¢¢¢¢¢ Ð£#cc “²¢d5D”àÐ£#cc" “²¢f7F÷"–â‚‚b×VÇF—ÇÐ£#cc2 “² Ð£#ccB “²¢¢¢¢¢¢¢¢¢¢¢¢¢¢¢¢¢¢¢¢¢¢¢¢¢¢¢¢¢¢¢¢¢¢¢¢¢¢¢¢¢¢¢¢¢¢¢¢¢¢¢¢¢¢ Ð£#ccRcCs"ÄcCs#¢ Ð£#ccbcCs"3b •4„ “µ6fR–çWB&ràÐ£#ccrcCs2Sb ”ÄD"Å‚ “°Ð£#cc‚cCsR6B ”ÕTÂ “´×VÇBÅ4"öbb&—BçVÐÐ£#cc’cCsb3r •4„" “°Ð£#cscCsr3b •4„ “°Ð£#cscCs‚‚3 •E5’ “°Ð£#cs"cCv‚b" ”ÄD"Å“²6WBf÷"&æB'—FPÐ£#cs2cCvBSb ”ÄD"Å‚ “°Ð£#csBcCvb6B ”ÕTÂ “²×VÇBÕ4"öbb&—BçVÐÐ£#csRcCƒ‚V" ”DD"Å“²FBÅ4"&W7VÇBFòÕ4"&W7VÇ@Ð£#csbcCƒ2ƒ’ ”D43 “°Ð£#csrcCƒR‚c’ •$ôÂÅ“²6†–gBÕ4"f÷"‚"×VÇ@Ð£#cs‚cCƒ‚S’ •$ôÄ" “²&–÷"&W7VÇBÅ4 Ð£#cs’cCƒ’C’ •$ôÄ “°Ð£#cƒcC†#B2 ”$42ÄcC„b “°Ð£#cƒ “²âââVÇ6PÐ£#cƒ"cC†262fbfb ”ÄDB2Ddddb “²Ö‚Æ–ÖÖ—BöbW†—BfÀÐ£#cƒ2cC†bÄcC„c¢ Ð£#cƒBcC†bVB •5DBÅ‚ “°Ð£#cƒRcC“‚c’ •$ôÂÅ“´6Ç"7Ð£#cƒbcC“B‚3‚ •TÅ’ “°Ð£#cƒrcC“b3 ””å2 “°Ð£#cƒ‚cC“r3’ •%E0Ð£#cƒ’ “²¢¢¢¢¢¢¢¢¢¢¢¢¢¢¢¢¢¢¢¢¢¢¢¢¢¢¢¢¢¢¢¢¢¢¢¢¢¢¢¢¢¢¢¢¢¢¢¢¢¢¢¢¢¢ Ð£#c“ “²¢¢¢¢¢¢¢¢¢¢¢¢¢¢¢¢¢¢¢¢¢¢¢¢¢¢¢¢¢¢¢¢¢¢¢¢¢¢¢¢¢¢¢¢¢¢¢¢¢¢¢¢¢¢ Ð£#c“ “²¢6WBWÔ5R55 Ð£#c“" “²¢VçFW"2&WV—&VBFò÷W&FRÅ4"öb55 Ð£#c“2 “² Ð£#c“B “²¢VçG'“ Ð£#c“R “²¢ÄcD‚FòGW&âôâ&—@Ð£#c“b “²¢ÄcC”FòGW&âôdb&—@Ð£#c“r “²¢¢¢¢¢¢¢¢¢¢¢¢¢¢¢¢¢¢¢¢¢¢¢¢¢¢¢¢¢¢¢¢¢¢¢¢¢¢¢¢¢¢¢¢¢¢¢¢¢¢¢¢¢¢ Ð£#c“‚ “°Ð£#c“’ “²FòGW&âôâ$•@Ð£#s “°Ð£#scC“‚ƒbcrÄcC“ƒ¢ ”ÄD2Dcr “²Â7röâW'"Æ× Ð£#s" “°Ð£#s2 “²FòGW&âôdb$•@Ð£#sB “°Ð£#sRcC–62ÄcC”¢ •4…‚ “°Ð£#sbcC–"fR6bf2 ”ÄE‚C4dd2 “²Ô5R55"Â…GW&âöfb55"&—BÐ£#srcC–R62 •4…‚ “°Ð£#s‚cC–b‚3 •E5’ “°Ð£#s’cF‚B ”äDÅÐ£#scFB#2 ”%$ÄcD#" “°Ð£#s “°Ð£#s" “²EU$âôdbU%"ÄÕ Ð£#s2 “°Ð£#sBcFbƒb‚ÄcDc¢ ”ÄD2C‚ “²#2ÂGW&âöfbW'"Æ× Ð£#sR “°Ð£#sb “²GW&âöâ55"&—@Ð£#sr “°Ð£#s‚cF‚62ÄcDƒ¢ •4…‚ “°Ð£#s’cF’fR6bf2 ”ÄE‚C4dd2 “²Ô5R55"…GW&âöâ55"&—BÐ£#s#cF262 •4…‚ “°Ð£#s#cFB‚3 •E5’ “°Ð£#s#"cFb‚ ”õ$Å“°Ð£#s#2cF#"ƒBfRÄcD##¢ ”äD2DdR “²Ô5RFW7Bæ÷&ÖÀÐ£#s#BcF#B†" ”õ$3" “°Ð£#s#RcF#b‚r •5DÅ“°Ð£#s#bcF#’3" •TÄ “°Ð£#s#rcF&†f" ”õ$2Dd" “²ÆÂ&—G2ÂƒÓr’Væ&ÆPÐ£#s#‚cF&23b •4„ “°Ð£#s#’cF&B3‚ •TÅ‚ “°Ð£#s3cF&Rfb6bf2 •5E‚C4dd2 “²Ô5R55 Ð£#s3cF33‚ •TÅ‚ “²&W7F÷&R€Ð£#s3"cF3"3’ •%E0Ð£#s32 “°Ð£#s3B “²FövvÆRT5R'—FRÐ£#s3R “°Ð£#s3bcF32ÄcD33¢ Ð£#s3rcF32fR6bf2 ”ÄE‚C4dd2 “²Ô5R55 Ð£#s3‚cF3b62 •4…‚ “°Ð£#s3’cF3r‚3 •E5’ “°Ð£#sCcF3’‚ ”õ$ÅÐ£#sCcF62#’ ”%$ÄcDCr “°Ð£#sC"cF6RÄcD4S¢ Ð£#sC2cF6RfR6bf2 ”ÄE‚C4dd2 “²Ô5R55 Ð£#sCBcFC62 •4…‚ “°Ð£#sCRcFC"‚3 •E5’ “°Ð£#sCbcFCB‚B ”äDÅ“²&W6WB&—@Ð£#sCrcFCrÄcDCs¢ Ð£#sC‚cFCr‚r •5DÅ“°Ð£#sC’cFF3‚ •TÅ‚ “°Ð£#sScFF"fb6bf2 •5E‚C4dd2 “²Ô5R55 Ð£#sScFFR3’ •%E2 “°Ð£#sS" “²¢¢¢¢¢¢¢¢¢¢¢¢¢¢¢¢¢¢¢¢¢¢¢¢¢¢¢¢¢¢¢¢¢¢¢¢¢¢¢¢¢¢¢¢¢¢¢¢¢¢¢¢¢¢ Ð£#sS2 “²¢¢¢¢¢¢¢¢¢¢¢¢¢¢¢¢¢¢¢¢¢¢¢¢¢¢¢¢¢¢¢¢¢¢¢¢¢¢¢¢¢¢¢¢¢¢¢¢¢¢¢¢¢¢ Ð£#sSB “²¢”0Ð£#sSR “² Ð£#sSb “²¢”B”DÄR4ôåE$ôÀÐ£#sSr “² Ð£#sS‚ “²¢¢¢¢¢¢¢¢¢¢¢¢¢¢¢¢¢¢¢¢¢¢¢¢¢¢¢¢¢¢¢¢¢¢¢¢¢¢¢¢¢¢¢¢¢¢¢¢¢¢¢¢¢¢ Ð£#sS’cFFb6R3b&RÄcDDc¢ ”ÄE‚2D3c$R “²”äDU‚”2F&ÆW2b&×0Ð£#sccFS"‚6RCB ”ÄE’2CCB “²W6R’2÷'BFG"f÷"”0Ð£#sccFSb&Bc"3 ”¥5"Äc#3 “²vWB”2Ö÷F÷"7FFPÐ£#sc"cFS’s‚c2 ”4ÂDc0Ð£#sc2cFV2Cb3r ”ÄD"C3r “²ôâ7FGW2–â&—B Ð£#scBcFVRSb •$õ$" “²†fW"ôâ7FGW2Fò&—BpÐ£#scRcFVbsbc2 •$õ"Dc0Ð£#scbcFc""FR2 ”%%4UBCDRCÄcS" “²'"–bÓSÐ£#scrcFcbCb32 ”ÄD"C32 “²Ô”äõ"ÄôõÔBtBÐ£#sc‚cFc‚3R ”$•D"2C “²#BÂƒÒ”tâôâÐ£#sc’cFf#bR ”$äRÄcS “²–bæ÷B"õ÷VâÆö÷bBô`Ð£#ss “²âââVÇ6PÐ£#sscFf2Cbc2 ”ÄD"Dc2 “°Ð£#ss"cFfR3RB ”$•D"3B “²—2Ö÷F÷"&W6WBFöæRðÐ£#ss2cS#bb ”$äRÄcS “²–bæ÷B"õ÷VâÆö÷bBô`Ð£#ssB “²âââVÇ6PÐ£#ssRcS"ÄcS#¢ Ð£#ssbcS"Cb3B ”ÄD"C3B “²vWBVær7FGW2fâÖ–æ÷"ÅÕpÐ£#ssrcSB&"R ”$Ô’ÄcSB “²–b'Vææ–ærÂuB÷VâÆö÷bBô`Ð£#ss‚ “²âââVÇ6PÐ£#ss’cSbCb3R ”ÄD"C3R “²Ôå"ÄôõÔBtB Ð£#sƒcS‚3R ”$•D"2C “²#BÂD”r5r”âD”rÔôDPÐ£#sƒcS#rR ”$UÄcS “²%"”bäõB#@Ð£#sƒ" “²âââVÇ6PÐ£#sƒ2cS23bƒ ”ÄD"2Cƒ “²–b–âF–rÂW‡FVæBÖ÷F÷ Ð£#sƒBcSRcr •5D"C “²6fRfÂ26ÖBvVB7FW0Ð£#sƒRcSvRcR#ÄcS¢ ”¤ÕÄcT# “²b7FWF†RÖ÷F÷ Ð£#sƒb “°Ð£#sƒr “²”DÄR5TTBõTâÄôõ Ð£#sƒ‚ “°Ð£#sƒ’cSBÄcSC¢ Ð£#s“cSBCbvR ”ÄD"CtR “²vWB&W6VçB&GFW'’föÇG0Ð£#s“cSb3" ”4Õ"2D" “²—2—BãrãRbðÐ£#s“"cS‚#"B ”$„’ÄcSR “²–b6ò6‡WBöfbÖ÷F÷ Ð£#s“2cS3V ”4Õ"2CT “²—2&GFW'’Æ÷rðÐ£#s“BcS2#"2 ”$„’ÄcS# “²–bæ÷BÂvò6†V6²Væv–æPÐ£#s“R “°Ð£#s“b “²Dò5D%BU$õUD”äPÐ£#s“r “°Ð£#s“‚cSRvRcbCÄcSS¢ ”¤ÕÄccC “°Ð£#s“’cS#Cbc2ÄcS#¢ ”ÄD"Dc2 “²—27F'GWFVÆ’÷fW"ðÐ£#ƒcS#23R‚ ”$•D"2C‚ “²–b6òF†Vâ"õFVÆÐ£#ƒcS#R#b#’ ”$äRÄcSS “°Ð£#ƒ"cS#rcb3b3 ”ÄD"Ä3c3 “°Ð£#ƒ2cS&f"2 ”DD"C2 “°Ð£#ƒBcS&B#R’ ”$52ÄcS3‚ “²6²f÷"÷fW&fÆ÷pÐ£#ƒRcS&b"3rƒr ”%%4UBC3rCƒÄcS4 “²–bô2&WVW7FV@Ð£#ƒbcS32f"3b3 ”DD"Ä3c3 “²7F'GWöfg6W@Ð£#ƒrcS3b#B" ”$42ÄcS4 “²%"–bæò÷fW&fÆ÷röâF@Ð£#ƒ‚cS3‚3bfbÄcS3ƒ¢ ”ÄD"2Cdb “²Æ–Ö—BFò#SPÐ£#ƒ’cS6&BC2FRÄcS4¢ ”¥5"ÄC4DR “²¦×Fò6ÖBF÷vâ7FW0Ð£#ƒcS6B#bB ”ÄDCB “²vWBF†RFVÆ’6÷VçFW Ð£#ƒcSCF2 ””ä4 “²WFFRF†RFVÆÐ£#ƒ"cSCr ”4ÕrÅ‚ “²6ö×FÇBFòÖ‚FW6—&V@Ð£#ƒ2cSC2#2c‚ ”$Å2ÄcTB “²–bFÇ’Fò6†÷'BÄ"õ÷VâÆö÷ Ð£#ƒBcSCRCbc2 ”ÄD"Dc2 “°Ð£#ƒRcSCr6‚ ”õ$"3‚ “²6WBFÇ’÷fW Ð£#ƒbcSC’Crc2 •5D"Dc2 “²6fRÖöFRv÷&@Ð£#ƒrcSF"vbB ”4Å"CB “²"õ2FÇ’6÷VçFW"gFW"7F'GW Ð£#ƒ‚cSFR##2 ”%$ÄcSs2 “°Ð£#ƒ’ “²ÒÒÒÒÒÒÒÒÒÒÒÒÒÒÒÒÒÒÒÒÒÒÒÒÒÒÒÒÒÒÒÒÒÒÒÒÒÒÒÒÒÒÒÒÒÒÒÒÒÐÐ£#ƒ#cSS3R#ÄcSS¢ ”$•D"2C# “²”B6öÖÖæF–æpÐ£#ƒ#cSS"#bV2 ”$äRÄcT# “°Ð£#ƒ#"cSSBCbc" ”ÄD"Dc" “²”26çBvÂv÷&@Ð£#ƒ#2cSSb3R ”$•D"2C “²–âF†RBôbÖöFRðÐ£#ƒ#BcSS‚#b‚ ”$äRÄcSc" “²–b6ò—77VR7FW Ð£#ƒ#RcSV3R‚ ”$•D"3‚ “°Ð£#ƒ#bcSV2#bS" ”$äRÄcT# “°Ð£#ƒ#rcSVR3RB ”$•D"2CB “²÷VâÆö÷7FWæVVFVBðÐ£#ƒ#‚cSc#b ”$äRÄcSs2 “²–bæ÷BÂ"õ7FW—77VPÐ£#ƒ#’cSc"#bÄcSc#¢ ”ÄDC “²7FW2&V–ær&WVW7FVBðÐ£#ƒ3cScR&2 ”%ÂÄcSs2 “²–b6òÆv÷FòG&¦V7F÷'’FV6Ð£#ƒ3 “°Ð£#ƒ3" “²E$¤T5Dõ%’DT4’$õUD”äPÐ£#ƒ32 “°Ð£#ƒ3BcScr3R# ”$•D"2C# “²ô27FW2&V–ær&VÖ÷fVBðÐ£#ƒ3RcSc’#b‚ ”$äRÄcSs2 “²–b6òÂ"õFV6Ð£#ƒ3bcSf"vB ”DT2CB “²FV2FV6’7FWF–ÖW Ð£#ƒ3rcSfR#r2 ”$UÄcSs2 “²b–b&VG’7FWÖ÷F÷ Ð£#ƒ3‚cSsvRcbv" ”¤ÕÄcct" “²VÇ6R&WGW&âv—F‚æò7FW Ð£#ƒ3’ “²ÒÒÒÒÒÒÒÒÒÒÒÒÒÒÒÒÒÒÒÒÒÒÒÒÒÒÒÒÒÒÒÒÒÒÒÒÒÒÒÒÒÒÒÒÒÒÒÒÒÒÐÐ£#ƒCcSs2b3ÄcSs3¢ ”ÄDC3Å‚ “²vWBæWWG&ÂFVÆÐ£#ƒCcSsRCbc2 ”ÄD"Dc2 “²"õ2FV6’F–ÖW Ð£#ƒC"cSsr&"" ”$Ô’ÄcS„" “²%"–bæ÷B–âG&—fPÐ£#ƒC2cSs’“bcR ”ÄDCcR “²×VÂÕ‚¢‚ÂÆ–Ö—BFò3 Ð£#ƒCBcSv"ƒ# ”4Õ2C# “°Ð£#ƒCRcSvB#R" ”$52ÄcSƒ “°Ð£#ƒCbcSvbƒbfb ”ÄD2Ddb “°Ð£#ƒCrcSƒC‚ÄcSƒ¢ ”4Ä “°Ð£#ƒC‚cSƒ"C‚ ”4Ä “°Ð£#ƒC’cSƒ2C‚ ”4Ä “°Ð£#ƒScSƒBSb3" ”ÄD"C3"Å‚ “²×VÂ'’G&—fRFVÆ’×VÇBàÐ£#ƒScSƒb6B ”ÕTÂ “°Ð£#ƒS"cSƒr"3 ”DDC3Å‚ “²FBFòF†RG&—fRFVÆÐ£#ƒS2cSƒ’#RB ”$52ÄcT‚ “°Ð£#ƒSBcS†"Cbc"ÄcS„#¢ ”ÄD"Dc" “²”26çBvÂv÷&@Ð£#ƒSRcS†B3RB ”$•D"3B “²6²–b7—2–â÷VâÆö÷ðÐ£#ƒSbcS†b#b2 ”$äRÄcTB “²–bæòÄ%"'&÷VæBòôÂ6Æ2w0Ð£#ƒSrcS“C‚ ”4Ä “°Ð£#ƒS‚cS“"#RB ”$52ÄcT‚ “°Ð£#ƒS’cS“B3b •4„ “°Ð£#ƒc “²ÒÒÒÒÒÒÒÒÒÒÒÒÒÒÐÐ£#ƒc “²f÷&Ò%ÒW'&÷ Ð£#ƒc" “²ÒÒÒÒÒÒÒÒÒÒÒÒÒÒÐÐ£#ƒc2cS“RCbS‚ ”ÄD"CS‚ “²%Òó"ãPÐ£#ƒcBcS“rc" •5T$"C" “²b7V"FW6—&VB7VV@Ð£#ƒcRcS–Fb ”4Å$ “°Ð£#ƒcbcS–"R ”4ÄB “°Ð£#ƒcrcS–2R ”4ÄB “²F—f–FR'’Ö‚W'&÷"öbƒ%ÐÐ£#ƒc‚cS–BFB •E5D “°Ð£#ƒc’cS–R#b2 ”$äRÄcT2 “²"õâöbFV6’6÷VçBf÷"ÐÐ£#ƒs “²ÒÒÒÒÒÒÒÒÒÒÒÒÒÒÒÒÒÒÒÒÒÐÐ£#ƒs “²–æ7&V6RFV6’6÷VçFW Ð£#ƒs" “²ÒÒÒÒÒÒÒÒÒÒÒÒÒÒÒÒÒÒÒÒÒÐÐ£#ƒs2cVS2 ”4ôÔ" “²"ÒÒ7B%ÒW'&÷ Ð£#ƒsBcVb32 ”ÄDC32Å‚ “²Ö‚FVÇF6÷VçBw0Ð£#ƒsRcV26B ”ÕTÂ “°Ð£#ƒsbcVB32 •TÄ" “²vWB&6R6÷Vç@Ð£#ƒsrcVR" ”$ “²FBFVÇFFò&6PÐ£#ƒs‚cVb#BR ”$42ÄcTB “²Æ–Ö—BFòÖ‚çVÒöbÖ–æ÷"Æö÷0Ð£#ƒs’ “²ÒÒW"7FW Ð£#ƒƒcV‚ƒbfbÄcTƒ¢ ”ÄD2Cdb “°Ð£#ƒƒcV# ”%$ÄcTB “²7F÷&RFVÇFÐ£#ƒƒ"cV23"ÄcT3¢ •TÄ “²&W6÷&R&6RFV6Ð£#ƒƒ2cVB#rBÄcTC¢ •5DCB “²6fR&6RFV6Ð£#ƒƒB “²¢¢¢¢¢¢¢¢¢¢¢¢¢¢¢¢¢¢¢¢¢¢¢¢¢¢¢¢¢¢¢¢¢¢¢¢¢¢¢¢¢¢¢¢¢¢¢¢¢¢¢¢¢¢ Ð£#ƒƒR “²¢ÔõdR”2ÔõDõ Ð£#ƒƒb “² Ð£#ƒƒr “²¢67V×VÆF÷"v–ÆÂ6öçF–âÔ5S–òÂæB×W7Bæ÷@Ð£#ƒƒ‚ “²¢&R6†ævVBàÐ£#ƒƒ’ “² Ð£#ƒ“ “²¢67V×VÆF÷""—2W6VB2u67&F6‚BàÐ£#ƒ“ “²¢¢¢¢¢¢¢¢¢¢¢¢¢¢¢¢¢¢¢¢¢¢¢¢¢¢¢¢¢¢¢¢¢¢¢¢¢¢¢¢¢¢¢¢¢¢¢¢¢¢¢¢¢¢ Ð£#ƒ“" “°Ð£#ƒ“2 “²äõ$ÔÂÔõdR”2ÔõDõ Ð£#ƒ“B “°Ð£#ƒ“RcV#Rc2ÄcT#¢ ”$4Å"Dc2C “°Ð£#ƒ“b “°Ð£#ƒ“r “²4²”b„TE2U4ôääT5DT@Ð£#ƒ“‚ “²RôBÖ÷F÷"÷6—BfÒ…T@Ð£#ƒ“’ “°Ð£#“cV#2“b32 ”ÄDC32 “²Ô”äõ"ÄôõÔBtBÐ£#“cV#R&2 ”%ÂÄcT$ “²–bæòÂ"õ%RWFFPÐ£#“" “²âââVÇ6PÐ£#“2cV#r&BS‚2 ”¥5"CSƒ2 “²Dò„TE2UÂÒÒÒÒÒÒÒÒÐÐ£#“B “°Ð£#“R “²4²”b”âÄDÂÔôDRBÂÒÒÒÒ¢¢¢¢ Ð£#“b “²ÔôDRtBâââæBÔBtBââàÐ£#“r “²T4ÒE•RC3 Ð£#“‚ “²”0Ð£#“’ “°Ð£#“cV&23R‚#ÄcT$¢ ”%$4Å"C3RC‚ÄcTDb “²%"”bäõB”âÄDÂÔôDR@Ð£#“ “²âââVÇ6PÐ£#“"cV&R#bS‚ ”ÄDCS‚ “°Ð£#“2cV3ƒR ”$•D2C “²#ÀÐ£#“BcV32#r ”$UÄcTDb “²%"”bäõB# Ð£#“R “²âââVÇ6PÐ£#“bcV3RƒR" ”$•D2C" “²#ÀÐ£#“rcV3r#bb ”$äRÄcTDb “²%"”bäõB#Ð£#“‚ “²âââVÇ6PÐ£#“’cV3’“b&2 ”ÄDC$2 “²”2&W6VçB÷6—@Ð£#“#cV6"#S’ •5T$CS’ “°Ð£#“#cV6R#B ”$42ÄcTC “°Ð£#“#" “²âââVÇ6PÐ£#“#2cVCC ”äTt “°Ð£#“#BcVC&"ÄcTC¢ ”%ÂÄcTCR “°Ð£#“#R “²âââVÇ6PÐ£#“#bcVC2ƒbvb ”ÄD2Ctb “²Ð£#“#rcVCR#R"ÄcTCS¢ ”$52ÄcTC’ “°Ð£#“#‚ “²âââVÇ6PÐ£#“#’cVCr†ƒ ”õ$2Cƒ “²4UB#pÐ£#“3cVC’#rÄcTC“¢ •5DC “°Ð£#“3cVF2Bc2 ”%4UBDc2C “²4UB# Ð£#“3"cVFb&Bc"3ÄcTDc¢ ”¥5"Äc#3 “²vWBÖ÷F÷"7FGW0Ð£#“32cVS"cb ”ÄD"C “²vWBçVÒöb4ÔB7FW0Ð£#“3BcVSRS‚ ”4Ä" “²ç’FòFòòÂÒÓàÐ£#“3R “²ÒWB6VÂ&—G2–â6''Ð£#“3bcVSb#r3 ”$UÄcc’ “²–bæòÂWBtÒF†RÖ÷F÷"6ö–Ç0Ð£#“3r “²ƒ%RÖöBdâòÐ£#“3‚cVS‚ƒRB ”$•D2CB “²—27FWÖ÷F÷"öâðÐ£#“3’cVV#rFR ”$UÄcc4 “²–bæòÂFövvÆRöâbÒÓàÐ£#“C “²Òv—Bbã#RÕ0Ð£#“CcVV2v ”DT2C “²–b–W2Â6çBF†—24ÔB7FW Ð£#“C"cVVbCb&2 ”ÄD"C$2 “²”2&W6VçB÷6—@Ð£#“C2cVc#B‚ ”$42ÄcTd" “²–b3ÓÂF†Vâ&WG&7B–çFVÀÐ£#“CB “°Ð£#“CR “²U…DTäB”åDTÂ4ôDPÐ£#“Cb “°Ð£#“CrcVc2#r ”$UÄcTcb “²–b¦W&òÂ7F’–âÆö÷ Ð£#“C‚cVcRV ”DT4" “²F¢&W76VçBÖ÷F÷"÷6—BàÐ£#“C’cVcbvÄcTcc¢ ”DT2C “²FV2'Vææ–ær6÷VçFW Ð£#“ScVc’#’ ”%$ÄccB “²WFFRô2bBôbfÆw0Ð£#“S “°Ð£#“S" “²$UE$5B”åDTÂ4ôDPÐ£#“S2 “°Ð£#“SBcVf"SFBÄcTd#¢ ”4Õ"CDBÅ‚ “²Æ–Ö—BÖ÷F÷"÷6—BàÐ£#“SRcVfB#B ”$42Äcc’ “²–æ2'Vææ–ær6÷VçFW Ð£#“SbcVfbV2 ””ä4" “²–bÂÖ‚WFFR÷6—BàÐ£#“Srccv2 ””ä2C “°Ð£#“S‚cc22 ”4Ä0Ð£#“S’ “°Ð£#“c “²UDDRô2ÄT$”ärbD…$õEDÄRdôÄÄõtU"$Tru0Ð£#“c “°Ð£#“c" “°Ð£#“c2ccBCr&2ÄccC¢ •5D"C$2 “²”2&W6VçB÷6—@Ð£#“cBccbCbc" ”ÄD"Dc" “²”26çBvÂv÷&@Ð£#“cRcc‚3R ”$•D"2C “²—2F‡&÷BföÆÆ÷vW"7F—fPÐ£#“cbcc#rB ”$UÄcc’ “²–bæòBôbÂ6²·v&Ò÷"fàÐ£#“crcc2cbR ”ÄD"CR “²vWBF†RBôbÆV&â$ràÐ£#“c‚ccbV2 ””ä4" “²77VÖR7FWF¶Vâ—2&WG&7@Ð£#“c’cc#BB ”$42Äccb “²–b7FW—2&WG&7BÂ"õDT0Ð£#“scc"V ”DT4" “²vWB&²÷&–rfÂöbBôbFVÇFÐ£#“scc2#r ”$UÄccb “²–b÷&–rÒÂF†Vâ"õDT2àÐ£#“s"ccRV ”DT4" “²DT2Â7GVÂfÇVRöbFVÇFÐ£#“s2ccbcrRÄccc¢ •5D"CR “°Ð£#“sBcc’Cbc"Äcc“¢ ”ÄD"Dc" “²”26çBvÂv÷&@Ð£#“sRcc"3R‚ ”$•D"2C‚ “²#0Ð£#“sbccB#r2 ”$UÄcc#" “²%"”bäõB#2ÀÐ£#“srccbv2R ””ä2CR “°Ð£#“s‚cc#"Cb&2Äcc##¢ ”ÄD"C$2 “²”2&W6VçB÷6—@Ð£#“s’cc#BSFB ”4Õ"CDBÅ‚ “°Ð£#“ƒcc#b#2R ”$Å2Äcc$B “°Ð£#“ƒcc#‚cb ”ÄD"C “°Ð£#“ƒ"cc&"&B ”%ÂÄcc4 “°Ð£#“ƒ2 “°Ð£#“ƒB “´ÔõdRÔõDõ"5DU Ð£#“ƒR “°Ð£#“ƒbcc&BcbÄcc$C¢ ”ÄD"C “²%Tä”är4õTåDU Ð£#“ƒrcc36RfR3’ ”ÄE‚2DdT3’ “²5DUD$ÄPÐ£#“ƒ‚cc323B2 ”äD"2C2 “²Ô4²dõ""ÄõtU5B$•E0Ð£#“ƒ’cc3RƒBf2 ”äD2Dd2 “²Ô4²õUBb"$•E0Ð£#““cc3r6 ”%‚ “²DBDò$4RDE$U0Ð£#““cc3‚ ”õ$Å‚ “²”å4UBäUr$•E0Ð£#““" “°Ð£#““2 “²rÔôETÄDRÔõDõ"ƒ7BâBä2âÐ£#““B “°Ð£#““R “°Ð£#““b “²”b”U2EU$â5DUU"ôàÐ£#““r “°Ð£#““‚cc6‚2BÄcc4¢ ”%4UBÅ’B “°Ð£#““’cc6R#B ”%$ÄccCB “°Ð£3 “°Ð£3 “²”bäòEU$â5DUU"ôd`Ð£3" “°Ð£32ccC‚BBÄccC¢ ”$4Å"Å’B “°Ð£3BccCB&Bc"C"ÄccCC¢ ”¥5"Äc#C" “²UDDRD„Rõ%E0Ð£3R “²ÒÒÒÒÒÒÒÒÒÒÒÒÒÒÒÒÒÒÒÒÒÒÒÐÐ£3b “²$4R$”2DUDU$Ô”äD”ôàÐ£3r “²ÒÒÒÒÒÒÒÒÒÒÒÒÒÒÒÒÒÒÒÒÒÒÐÐ£3‚ccCrcb’ ”ÄD"C’ “°Ð£3’ccFf"R ”DD"CR “°Ð£3ccFB#B" ”$42ÄccS “°Ð£3ccFb3bfb ”ÄD"2Cdb “°Ð£3"ccS3rÄccS¢ •4„" “°Ð£32ccS"cbR ”ÄD"CR “°Ð£3BccSR“b6" ”ÄDC4" “°Ð£3RccSrC‚ ”4Ä “°Ð£3bccS‚3" •TÄ “°Ð£3rccS’& ”%ÂÄccT2 “°Ð£3‚ccV"S ”äTt" “°Ð£3’ccV2"ÄccT3¢ ”$ “°Ð£3#ccVBb •D" “°Ð£3#ccVR“b&2 ”ÄDC$2 “´”2&W6VçB÷6—@Ð£3#"ccc •4$ “°Ð£3#2ccc#rb •5DCb “°Ð£3#BcccBCb&2 ”ÄD"C$2 “´”2&W6VçB÷6—@Ð£3#Rcccbcb •5T$"Cb “°Ð£3#bccc’3bƒ ”ÄD"2Cƒ “°Ð£3#rccf"#Bb ”$42Äccs2 “°Ð£3#‚ “²âââVÇ6PÐ£3#’ccfB ”4$ “°Ð£33ccfR#"‚ ”$„’Äccs‚ “°Ð£33 “²âââVÇ6PÐ£33"ccsV2 ””ä4" “°Ð£332ccs#B ”%$Äccsr “°Ð£33Bccs2Äccs3¢ ”4$ “°Ð£33RccsB#R" ”$52Äccs‚ “°Ð£33b “²âââVÇ6PÐ£33rccsbV ”DT4" “°Ð£33‚ccsrrÄccss¢ •D$ “°Ð£33’ccs‚#rbÄccsƒ¢ •5DCb “°Ð£3C “²ÒÒÒÒÒÒÒÒÒÒÒÒÒÒÒÒÒÒÒÒÒÒÒÒÒÒÒÒÒÒÒÒÒÒÒÒÒÒÒÒÒÒÒÒÒÒÒÒÒÐÐ£3C “²Ô”â”ä¤T5D”ôâ$õUD”äPÐ£3C" “°Ð£3C2 “²â6·27–Â6VÆV7BÂ6WBW'"–bÖ—6Ö6€Ð£3CB “²"àÐ£3CR “²2àÐ£3Cb “²BàÐ£3Cr “²RàÐ£3C‚ “²bàÐ£3C’ “°Ð£3S “²ÒÒÒÒÒÒÒÒÒÒÒÒÒÒÒÒÒÒÒÒÒÒÒÒÒÒÒÒÒÒÒÒÒÒÒÒÒÒÒÒÒÒÒÒÒÒÒÒÒÐÐ£3Sccv""C2Äcct#¢ ”%%4UBDCCÄccƒ" “°Ð£3S"ccvbvRcrf ”¤ÕÄcsd “²W†—B–bæò–æ¦V7@Ð£3S2ccƒ"Cb&bÄccƒ#¢ ”ÄD"C$b “°Ð£3SBccƒB3B‚ ”äD"2C‚ “² Ð£3SRccƒbc3"#R ”4Õ"Ä3##R “²BÂgVVÂÖöFRdÄrÂÒ‚7–ÂdÐ£3Sbccƒ’#r2 ”$UÄcc„R “²%"”b¢ÂƒÒ‚7–Âd’Ð£3Sr “²âââVÇ6PÐ£3S‚cc†"BC ”%4UBCCC “²4UB# Ð£3S’cc†R"3Bƒ2Äcc„S¢ ”%%4UBC3BCƒÄcc“R “²%"”b#r„Tär%Tää”ärÐ£3c “²âââVÇ6PÐ£3ccc“"vRcr2 ”¤ÕÄcs2 “²–bVæræ÷B'Vææ–æpÐ£3c"cc“R2Rfb62Äcc“S¢ ”%$4Å"CRDdbÄcdCR “²ôb&F–òF–ÖR÷W@Ð£3c2 “²âââVÇ6PÐ£3cBcc“’F2 ”ÄDBC “²&Æ²Ç&â×VÇBfÇVW0Ð£3cRcc–"#rr ”$UÄcdB “°Ð£3cb “²âââVÇ6PÐ£3crcc–Bƒ2 •5T$B2C “°Ð£3c‚cfFB •5DBC “²$ÄÒfÇVW0Ð£3c’cf"#3 ”%$ÄcdCR “°Ð£3scfB“b62ÄcdC¢ ”ÄDD42 “²e"F–ÖR÷WB6çG Ð£3scfb#rR ”$UÄcdB “²6¶—–bÃâ Ð£3s" “²âââVÇ6PÐ£3s2cf‚F ”DT4 “°Ð£3sBcf’“r62 •5DD42 “²e"F–ÖR÷WB6çG Ð£3sRcf"##‚ ”%$ÄcdCR “°Ð£3sb “²ÒÒÒÒÒÒÒÒÒÒÒÒÒÒÒÒÒÒÒÒÒÒÒÒÒÒÒÒÒÒÒÒÒÒÒÒÒÒÒÒÒÒÒÒÒÒÒÒÒÐÐ£3sr “²Ä²U7F'BWVç&–6†ÖVçBFV6’&W&FRg27F'@Ð£3s‚ “²W6ööÆçBFV× Ð£3s’ “°Ð£3ƒ “²F&ÂfÂÒçVÒöb–æ¦V7G0Ð£3ƒ “²ÒÒÒÒÒÒÒÒÒÒÒÒÒÒÒÒÒÒÒÒÒÒÒÒÒÒÒÒÒÒÒÒÒÒÒÒÒÒÒÒÒÒÒÒÒÒÒÒÒÒÐÐ£3ƒ"cfB“bVbÄcdC¢ ”ÄDCTb “°Ð£3ƒ2cfbƒC ”4Õ3#‚ “²4²dõ"UU"DTÕÄ²U Ð£3ƒBcf##2" ”$Å2Äcd#R “²%"”b4ôôÂÅBf0Ð£3ƒR “²âââVÇ6PÐ£3ƒbcf#2ƒbC ”ÄD3#‚ “²ÄÕBDòf2dõ"Ä²U Ð£3ƒrcf#R3bÄcd#S¢ •4„ “°Ð£3ƒ‚cf#b6R3B" ”ÄE‚2D3C" “²7F'BWVç&–6†ÖVçBFV6’F&ÀÐ£3ƒ’cf#’&Bc"3b ”¥5"Äc$3b “²&BÆ²W Ð£3“cf&2“r62 •5DD42 “²e"F–ÖR÷WB6çG"ÂfÒF&ÀÐ£3“ “²ÒÒÒÒÒÒÒÒÒÒÒÒÒÒÒÒÒÒÒÒÒÒÒÒÒÒÒÒÒÒÒÒÒÒÒÒÒÒÒÒÒÒÒÒÒÒÒÒÒÐÐ£3“" “²7F'BWVç&–6‚FV6’×Bg27F'BW6ööÂFV× Ð£3“2 “°Ð£3“B “²F&ÂfÂÒ7B6†r¢cSRã3`Ð£3“R “²ÒÒÒÒÒÒÒÒÒÒÒÒÒÒÒÒÒÒÒÒÒÒÒÒÒÒÒÒÒÒÒÒÒÒÒÒÒÒÒÒÒÒÒÒÒÒÒÒÒÐÐ£3“bcf&R3" •TÄ “²vWBÆ²Wf Ð£3“rcf&b6R3B ”ÄE‚2D3C “²7F'BWVç&–6‚FV6’×BF&ÀÐ£3“‚cf3"&Bc"3b ”¥5"Äc$3b “²&BÆ²WÂ„æòöfg6WBÐ£3“’cf3R3b •4„ “²6fR&W7VÇBFò7F°Ð£3cf3bF2R ”ÄDBCR “²ôb&F–òF–ÖR÷WBD”ÔU Ð£3cf3‚3 •E5‚ “°Ð£3"cf3’S •5T$"Å‚ “°Ð£32cf6"ƒ" •4$43 “°Ð£3Bcf6B#B2 ”$42ÄcdC" “²4dRD”ÔU Ð£3R “²âââVÇ6PÐ£3bcf6b62 ”ÄDB3 “²¤U$òõUBe"D”ÔU Ð£3rcfC"FBRÄcdC#¢ •5DBCR “²ôb&F–òF–ÖR÷W@Ð£3‚cfCB3" •TÄ “°Ð£3’cfCR"3b#C2ÄcdCS¢ ”%%4UBC3bC#Äcs2 “²%"”b#RÂ„$ÄTäB5²Ð£3 “²âââVÇ6PÐ£3cfC’F2R ”ÄDBCR “²7&²FV6’FVÆÐ£3"cfF"#rr ”$UÄcdSB “°Ð£32 “²âââVÇ6PÐ£3BcfFBƒ2 •5T$B2C “°Ð£3RcfSFBR •5DBCR “²7&²FV6’FVÆÐ£3bcfS"#3‚ ”%$Äcs2 “°Ð£3rcfSB26"ƒ’ÄcdSC¢ ”%$4Å"C4"CƒÄcdc “°Ð£3‚cfS‚“b" ”ÄDC" “²7&²GbfÒ&ÆVæBf–æ—6†V@Ð£3’cfV#rR ”$UÄcdc “°Ð£3# “²âââVÇ6PÐ£3#cfV2F ”DT4 “°Ð£3#"cfVB“r" •5DC" “²7&²GbfÒ&ÆVæBf–æ—6†V@Ð£3#2cfVb#&" ”%$Äcs2 “°Ð£3#B “²ÒÒÒÒÒÒÒÒÒÒÒÒÒÒÒÒÒÒÒÒÒÒÒÒÒÒÒÒÒÒÒÒÒÒÒÒÒÒÒÒÒÒÒÒÒÒÒÒÒÐÐ£3#R “²ÒÒÒÒÒÒÒÒÒÒÒÒÒÒÒÒÒÒÒÒÒÒÒÒÒÒÒÒÒÒÒÒÒÒÒÒÒÒÒÒÒÒÐÐ£3#b “²Ä²U5D%BU5$²Edä4RDT4’D”ÔPÐ£3#r “°Ð£3#‚ “²D$ÂÒ”ä¤T5E0Ð£3#’ “²ÒÒÒÒÒÒÒÒÒÒÒÒÒÒÒÒÒÒÒÒÒÒÒÒÒÒÒÒÒÒÒÒÒÒÒÒÒÒÒÒÒÒÒÐÐ£33cfcB6"ƒÄcdc¢ ”%4UBC4"Cƒ “²4UB#pÐ£33cfcB“bVb ”ÄDCTb “²tUB5U%$TåB4ôôÄå@Ð£33"cfcbƒC ”4Õ3#‚ “²V24ôôÀÐ£332cfc‚#R" ”$52Äcdd2 “²%"”b4ôôÂÅBV0Ð£33B “²âââVÇ6PÐ£33RcffƒbC ”ÄD3#‚ “²U4RÔ4ôôÂÂV0Ð£33bcff23bÄcdd3¢ •4„ “²6fRÄÕBtTB4ôôÂDò5E€Ð£33rcffB6R3“‚ ”ÄE‚2D3“‚ “²5D%BU5$²Edä4RDT4’F&ÀÐ£33‚cs&Bc"3b ”¥5"Äc$3b “²&BÆ²WÂ„æòöfg6WBÐ£33’cs2“r" •5DC" “²5D%BU7&²GbDT4’D”ÔPÐ£3C “²ÒÒÒÒÒÒÒÒÒÒÒÒÒÒÒÒÒÒÒÒÒÒÒÒÒÒÒÒÒÒÒÒÒÒÒÒÒÒÒÒÒÒÒÒÒÒÒÒÒÐÐ£3C “²ÒÒÒÒÒÒÒÒÒÒÒÒÒÒÒÒÒÒÒÒÒÒÒÒÒÒÒÒÒÒÒÒÒÒÒÒÒÒÒÒÒÒÒÒÒÒÒÒÒÐÐ£3C" “²Ä²U7F'GW7²GbFV6’g27F'GW6ööÆç@Ð£3C2 “°Ð£3CB “²D$ÂÒFVr¢#Sb¢#Sbò“ Ð£3CR “²ÒÒÒÒÒÒÒÒÒÒÒÒÒÒÒÒÒÒÒÒÒÒÒÒÒÒÒÒÒÒÒÒÒÒÒÒÒÒÒÒÒÒÒÒÒÒÒÒÒÐÐ£3CbcsR3" •TÄ “²tUBÄÕBtTB4ôôÄåBdÒ5E€Ð£3Crcsb6R3" ”ÄE‚2D3" “²7F'GW7²GbFV6’F&ÀÐ£3C‚cs’&Bc"3b ”¥5"Äc$3b “²&BÆ²WÂ„æòöfg6WBÐ£3C’cs23b •4„ “²6fR&W7VÇBDò5E€Ð£3ScsB3 •E5‚ “²5E‚Dò€Ð£3ScsRF22 ”ÄDBC2 “²7&²GbÂ…5D%EUÐ£3S"csS •5T$"Å‚ “°Ð£3S2cs"ƒ" •4$43 “°Ð£3SBcsB#B2 ”$42Äcs’ “°Ð£3SR “²âââVÇ6PÐ£3Sbcsb62 ”ÄDB3 “²¤U$ò5°Ð£3Srcs’FB2Äcs“¢ •5DBC2 “²5$²GbÂ…5D%EUÐ£3S‚cs"3" •TÄ “°Ð£3S’cs223’bÄcs3¢ ”%$4Å"C3’CÄcs#b “²%"”bäõB#BÂ…DôttÄR4bbôbÐ£3c “²âââVÇ6PÐ£3ccs#“b3’ ”ÄDC3’ “²4”ätÄRd•$RÔBt@Ð£3c"cs#"ƒ‚C ”Tõ$2CC “²DôttÄR#bÂ„òrÐ£3c2cs#B“r3’ •5DC3’ “°Ð£3cBcs#b“b6BÄcs#c¢ ”ÄDC4B “°Ð£3cRcs#‚ƒ‚ ”Tõ$2C “²DôttÄR# Ð£3cbcs&“r6B •5DC4B “°Ð£3crcs&2B3‚B ”%4UBC3‚CB “²4UB#Bb# Ð£3c‚cs&bFR3" ”ÄE‚D3" “°Ð£3c’cs3FbCR •5E‚DCR “²&6RrÂÆ7B–æ Ð£3scs32f2 ”ÄDBC “²44TÂTå"pÐ£3scs3bc22 ”DDBC2 “°Ð£3s"cs3’fB •5DBC “²44TÂTå"pÐ£3s2cs6223Bƒ‚ ”%$4Å"C3BCƒÄcsC‚ “²%"”bäõB#pÐ£3sB “²âââVÇ6PÐ£3sRcsCv2†B ””ä2C„B “°Ð£3sbcsC2#b2 ”$äRÄcsC‚ “°Ð£3srcsCRv†B ”DT2C„B “°Ð£3s‚csC‚"6R#BÄcsCƒ¢ ”%%4UBC4RC#ÄcsS “²%"”b#PÐ£3s’ “²âââVÇ6PÐ£3ƒcsF223‚C‚ ”%$4Å"C3‚CCÄcsS‚ “²%"”bäõB#`Ð£3ƒ “²âââVÇ6PÐ£3ƒ"csSCbSÄcsS¢ ”ÄD"DS “²çVÒöb–æ¢Ç26–Ö6R7F'Böb6VÂVç Ð£3ƒ2csS"V2 ””ä4" “²”ä2åTÒ”ä¢u0Ð£3ƒBcsS2c32B ”4Õ"Ä33B “²–æ¦V7G2–âgVVÂÆ–Ö—F–æpÐ£3ƒRcsSb#R ”$52Äcsc‚ “²%"”båTÒ”ä¢u2ÅBÄÕBD…$U4‚ƒ"Ð£3ƒb “²âââVÇ6PÐ£3ƒrcsS‚"6RƒRÄcsSƒ¢ ”%%4UBC4RCƒÄcsd “²%"”b#pÐ£3ƒ‚ “²âââVÇ6PÐ£3ƒ’csV2R3‚C ”$4Å"C3‚CC “²4Å"#`Ð£3“csVbR6R# ”$4Å"C4RC# “²4Å"#PÐ£3“csc"Vb ”4Å$" “²¤U$òõUBåTÒ5”âTÅ4U0Ð£3“"csc2CrFb •5D"DDb “²åTÒôb5”ä2TÅ4U24”ä4R4TÂTå Ð£3“2cscRFb ”4Å$ “°Ð£3“BcscbFBC’ •5DBDC’ “²44TÂTå$”4‚Â5TÒeTTÀÐ£3“Rcsc‚CrSÄcscƒ¢ •5D"DS “²åTÒôb”ä¢Å24”ä4R5D%Böb44TÂTå Ð£3“b “²¢¢¢¢¢¢¢¢¢¢¢¢¢¢¢¢¢¢¢¢¢¢¢¢¢¢¢¢¢¢¢¢¢¢¢¢¢¢¢¢¢¢¢¢¢¢¢¢¢¢¢¢¢¢ Ð£3“r “²¢6Æ2—"fÆ÷rfÒÔb—"ÖWFW Ð£3“‚ “² Ð£3“’ “²¢U5D$Ä•4‚öb"E•U2ôbÔbÂäÄôrƒRdD2Ð£3# “²¢õ"D”d•DÂ’3"‡¢Fòõõò‡¢Ð£3# “²¢¢¢¢¢¢¢¢¢¢¢¢¢¢¢¢¢¢¢¢¢¢¢¢¢¢¢¢¢¢¢¢¢¢¢¢¢¢¢¢¢¢¢¢¢¢¢¢¢¢¢¢¢¢ Ð£3#" “°Ð£3#2 “²4²e"ÔBtCdõ"äÄôrÔ`Ð£3#B “°Ð£3#Rcsf#b3BÄcsd¢ ”ÄDÄ3B “²gVVÂô—"ÖöFRvBÐ£3#bcsfBƒRB ”$•D2CB “²#"ÂäÄôrÔ`Ð£3#rcsfb#b6" ”$äRÄct2 “²%"”b#"Â„äÄôrÔbÐ£3#‚ “²âââVÇ6PÐ£3#’ “°Ð£3# “²D”t•DÂ„dÒ’Ô`Ð£3# “²„ôÄB$õ44‚E•RÐ£3#" “°Ð£3#2cssF2VB ”ÄDBDTB “²‚6çG"Ç2Ô0Ð£3#Bcss2#26bc‚ •5T$BC4dc‚ “²4åBw Ð£3#Rcssb#b‚ ”$äRÄcs“ “²%"”bå Ð£3#b “²âââVÇ6PÐ£3#rcss‚Cb32 ”ÄD"C32 “²Ô”äõ"ÄôõÔBtBÐ£3#‚csv3R ”$•D"2C “²#BÂƒÒ”tâôdb’6¶—W'"3B6°Ð£3#’csv2#b" ”$äRÄcs“ “°Ð£3## “²âââVÇ6PÐ£3##csvR“bV2 ”ÄDDT2 “²çVÒÇ2röòÔb–çW@Ð£3##"csƒ#3"’ ”4ÕÄ3#’ “²bãB4T2u2ÂÔ”âD”ÔRrôò4”täÀÐ£3##2csƒ2#"2 ”$„’Äcsƒ‚ “²6WBU%"fÆpÐ£3##B “²âââVÇ6PÐ£3##RcsƒRF2 ””ä4 “²%TÕUD”ÔU Ð£3##bcsƒb#3 ”%$Äct#’ “°Ð£3##rcsƒ‚Cb6bÄcsƒƒ¢ ”ÄD"C4b “°Ð£3##‚cs†6C ”õ$"2CC “²6WB#bÂW'"fÆr33BÂÄòÔbdÅTPÐ£3##’cs†2Cr6b •5D"C4`Ð£3#3cs†R#3 ”%$Äct3 “°Ð£3#3 “°Ð£3#3" “²UDDR4õTåDU"dÅTU2eDU"ÔbTÅ4Rô4õU%$ä4PÐ£3#32 “°Ð£3#3B “°Ð£3#3Rcs“F2VBÄcs“¢ ”ÄDBDTB “²‚6çG"Ç2Ô0Ð£3#3bcs“"3r •4„" “°Ð£3#3rcs“23b •4„ “°Ð£3#3‚cs“B3 •E5‚ “°Ð£3#3’cs“Rf26bc‚ ”ÄDBC4dc‚ “²4åBu Ð£3#Ccs“‚FBVB •5DBDTB “²‚6çG"Ç2Ô`Ð£3#Ccs–2 •5T$BÅ‚ “²6Æ2F–fb–âW&–ö@Ð£3#C"cs–23‚ •TÅ‚ “°Ð£3#C2cs–BFBVb •5DBDTb “²F–fbfÂFò6Æ2—"fÆ÷pÐ£3#CBcs–bf23bS‚ ”ÄDBÄ3dS‚ “²#C†BÂÖ–â÷WBfÂf÷"ÔbÂƒ3"‡¢Ð£3#CR “²4Ä”"ÒcSS3bö… Ð£3#Cbcv"“2Vb •5T$BDTb “²F–fbfÂFò6Æ2—"fÆ÷pÐ£3#CrcvB#B" ”$42Äct‚ “²%"”bäòTäDTdÄõpÐ£3#C‚ “²âââVÇ6PÐ£3#C’cvbFb ”4Å$ “²¤U$ò4åBu"dÅTPÐ£3#ScvrVb ”4Å$" “°Ð£3#Scv‚FBVbÄctƒ¢ •5DBDTb “²U4RD”db4åBu"dÂDò4Ä2—"dÄõpÐ£3#S"cv#2 ”%$Äct#‚ “²4Å"äòTÅ4R4åE"b4Ä2•"dÄõpÐ£3#S2 “²¢¢¢¢¢¢¢¢¢¢¢¢¢¢¢¢¢¢¢¢¢¢¢¢¢¢¢¢¢¢¢¢¢¢¢¢¢¢¢¢¢¢¢¢¢¢¢¢¢¢ Ð£3#SB “²¢¢¢¢¢¢¢¢¢¢¢¢¢¢¢¢¢¢¢¢¢¢¢¢¢¢¢¢¢¢¢¢¢¢¢¢¢¢¢¢¢¢¢¢¢¢¢¢¢¢ Ð£3#SR “²¢äÄôrÔ`Ð£3#Sb “² Ð£3#Sr “²¢ÕTÅBäÄôrdÂ‚rDòÄôô°Ð£3#S‚ “²¢Ä”´RdÒÔbäBU4RdÒD$ÄU0Ð£3#S’ “²¢¢¢¢¢¢¢¢¢¢¢¢¢¢¢¢¢¢¢¢¢¢¢¢¢¢¢¢¢¢¢¢¢¢¢¢¢¢¢¢¢¢¢¢¢¢¢¢¢¢ Ð£3#ccv2ƒbÄct3¢ ”ÄD2D “²ôB6‚ÂÖ72—"6Vç6÷ Ð£3#ccvR&Bc&R ”¥5"Äc$R “²FòôB7V'&÷WF–æPÐ£3#c"cv#“rVB •5DDTB “²ÔbôbdÅTPÐ£3#c2cv#23br ”ÄD"3r “°Ð£3#cBcv#R6B ”ÕTÂ “²r¢ÔbôBdÅTPÐ£3#cRcv#bFBVb •5DBDTb “²fÂFò6Æ2—"fÆ÷pÐ£3#cb “²¢¢¢¢¢¢¢¢¢¢¢¢¢¢¢¢¢¢¢¢¢¢¢¢¢¢¢¢¢¢¢¢¢¢¢¢¢¢¢¢¢¢¢¢¢¢¢¢¢¢ Ð£3#crcv#‚FbÄct#ƒ¢ ”4Å$ “°Ð£3#c‚cv#’“rV2Äct#“¢ •5DDT2 “²çVÒÆö÷2röòÔb–çW@Ð£3#c’ “°Ð£3#s “²6ÇVÆFR—"fÆ÷pÐ£3#s “°Ð£3#s"cv&"Cb6b ”ÄD"C4b “°Ð£3#s2cv&B3B3 ”äD"2D3 “²#rb#`Ð£3#sBcv&b#r&B ”$UÄctTR “²%"”bäõB#rb#`Ð£3#sR “²âââVÇ6PÐ£3#sb “°Ð£3#sr “²Ö¶RFVfVÇB—&fÆ÷pÐ£3#s‚ “°Ð£3#s’ “²ÒÒÒÒÒÒÒÒÒÒÒÒÒÒÒÒÒÒÒÒÒÒÒÒÒÒÒÒÒÒÒÒÒÒÒÒÒÒÒÒÒÒÒÒÒÒÒÒÒÐÐ£3#ƒ “²Ä²UFVfVÇB—"fÆ÷röfg6WBW"7BE2g2%ÐÐ£3#ƒ “²ôòU%"32ó3@Ð£3#ƒ" “°Ð£3#ƒ2 “²fÇVRÒv×2õ6V2¢7BÂ„öfg6WBÐ£3#ƒB “°Ð£3#ƒR “²D$ÂÒ&r¢ Ð£3#ƒb “²ÒÒÒÒÒÒÒÒÒÒÒÒÒÒÒÒÒÒÒÒÒÒÒÒÒÒÒÒÒÒÒÒÒÒÒÒÒÒÒÒÒÒÒÒÒÒÒÒÐÐ£3#ƒrcv3“bSbÄct3¢ ”ÄDCSb “²%Òó#PÐ£3#ƒ‚cv326R3"r ”ÄE‚2D3#r “²FVfVÇB—"fÆ÷röfg6WBD$ÀÐ£3#ƒ’cv3b&Bc"&b ”¥5"Äc$$b “²&BÆ²W&÷WF–æPÐ£3#“cv3’cb3"2 ”ÄD"Ä3#2 “²–bE2âcRã"RÂW6Rf÷"ÔbFVfVÇ@Ð£3#“cv62Cƒ" ”4Õ"Cƒ" “²E2ÆB†—2f Ð£3#“"cv6R#R" ”$52ÄctC" “²%"”bE2ÅBD…$U4€Ð£3#“2 “²âââVÇ6PÐ£3#“BcvCCbƒ" ”ÄD"Cƒ" “°Ð£3#“RcvC"6BÄctC#¢ ”ÕTÂ “°Ð£3#“bcvC2FBV •5DBDT “²v×2õ6V2F—7fÇVPÐ£3#“r “²ÒÒÒÒÒÒÒÒÒÒÒÒÒÒÒÒÒÒÒÒÒÒÒÒÒÒÒÒÒÒÒÒÒÒÒÒÒÒÒÒÒÒÒÒÒÒÒÒÒÐÐ£3#“‚cvCR“b&2 ”ÄDC$2 “²”2&W6VçB÷6—@Ð£3#“’cvCrcb3"B ”ÄD"Ä3#B “²v×2÷6V266ÆRf7F÷ Ð£33cvF6B ”ÕTÂ “°Ð£33cvF"C2V ”DDBDT “²v×2õ6V2F—7fÇVPÐ£33"cvFB#RR ”$52ÄctSB “°Ð£332 “²âââVÇ6PÐ£33BcvFbc23"R ”DDBÄ3#R “²Bv×2õ6V2FVfVÇB—"fÆ÷röfg6W@Ð£33RcvS"#B2 ”$42ÄctSr “°Ð£33bcvSB62fbfbÄctSC¢ ”ÄDB2Ddddb “²Ö‚fÂ–b÷fW&fÆ÷pÐ£33rcvSrvRc‚fRÄctSs¢ ”¤ÕÄcƒdR “°Ð£33‚ “²ÒÒÒÒÒÒÒÒÒÒÒÒÒÒÒÒÒÒÒÒÒÒÒÒÒÒÒÒÒÒÒÒÒÒÒÒÒÒÒÒÒÒÒÒÒÒÒÒÒÐÐ£33’ “°Ð£33 “²F&ÆRf÷"DB÷fW&fÆ÷w0Ð£33 “°Ð£33" “°Ð£332cvVÄctT¢ ”d4"C Ð£33BcvV"C ”d4"CC Ð£33RcvV2ƒ ”d4"Cƒ Ð£33bcvVB3 ”d4"D3 Ð£33r “²ÒÒÒÒÒÒÒÒÒÒÒÒÒÒÒÒÒÒÒÒÒÒÒÒÐÐ£33‚ “²66ÆR&rÔbdÂu0Ð£33’ “°Ð£33# “²ÒÒÒÒÒÒÒÒÒÒÒÒÒÒÒÒÒÒÒÒÒÒÒÒÐÐ£33#cvVRFBÄctTS¢ •E5D “°Ð£33#"cvVb#r2 ”$UÄctcB “°Ð£33#2 “²âââVÇ6PÐ£33#BcvcvRc‚vb ”¤ÕÄcƒtb “°Ð£33#RcvcBF2VbÄctcC¢ ”ÄDBDTb “²F–fbfÂFò6Æ2—"fÆ÷pÐ£33#bcvcbƒb ”4Õ3b “°Ð£33#rcvc‚#22 ”$Å2ÄctdB “°Ð£33#‚ “²âââVÇ6PÐ£33#’ “²ÒÒÒÒÒÒÒÒÒÒÒÒÒÒÒÒÒÒÒÒÒÒÒÒÒÒÒÒÒÒÒÒÒÒÒÒÒÒÒÐÐ£333 “²Ö72—"fÆ÷rD$ÄRÐ£333 “°Ð£333" “²D$ÂÒv×2õ6V2¢ãÐ£3332 “°Ð£333B “²ÒÒÒÒÒÒÒÒÒÒÒÒÒÒÒÒÒÒÒÒÒÒÒÒÒÒÒÒÒÒÒÒÒÒÒÒÒÒÒÐÐ£333Rcvf62bfb ”ÄDB2Cddb “°Ð£333bcvfB6R3b–BÄctdC¢ ”ÄE‚2D3c”B “²D$ÄR44Ä"Ö72—"fÆ÷rD$ÄRÐ£333r “²F&ÆR44ÄU"×VÇF—Æ–W Ð£333‚cƒƒ" ”4Õ2C" “°Ð£333’cƒ"#B2 ”$42Äcƒr “°Ð£33C “²âââVÇ6PÐ£33CcƒBB ”Å5$B “²F—b'’ Ð£33C"cƒRƒb ”ÄD3 “°Ð£33C2cƒr3rÄcƒs¢ •4„" “°Ð£33CBcƒ‚3b" ”ÄD"3 “°Ð£33CRcƒF ”DT4 “°Ð£33Cbcƒ"6B ”ÕTÂ “°Ð£33Crcƒ26 ”%‚ “°Ð£33C‚cƒB3" •TÄ “²fÂf÷"Æ²W Ð£33C’cƒRSb ”ÄD"Å‚ “°Ð£33Scƒ3r •4„" “°Ð£33Scƒ‚ ””å‚ “²D¢F&ÂFG Ð£33S"cƒ"&Bc"&b ”¥5"Äc$$b “²6ÆÂ&BÆ²Wrò–çFW' Ð£33S2cƒR32 •TÄ" “°Ð£33SB “°Ð£33SR “²Ö72—"dÆ÷rÆ–Ö—B6²w0Ð£33Sb “°Ð£33Srcƒb6B ”ÕTÂ “²FòÖ¶Rv×2õ6V2F—7fÇVPÐ£33S‚cƒr3r •4„" “°Ð£33S’cƒ‚3b •4„ “°Ð£33ccƒ’“r#b •5DD#b “°Ð£33ccƒ"fR3B ”ÄE‚Ä3B “²e"ÔBtBÐ£33c"cƒR3‚ •TÅ‚ “°Ð£33c2cƒb&C ”%ÂÄcƒc" “°Ð£33cBcƒ#62 •4…‚ “°Ð£33cR “°Ð£33cb “²WFFR—"f–ÇFW"F&ÀÐ£33cr “°Ð£33c‚cƒ#"6RsR ”ÄE‚2CsR “²ôÄB•"dÄõpÐ£33c’cƒ#RCbvB ”ÄD"CtB “²7W'&VçB—"fÆ÷pÐ£33scƒ#rV2 ””ä4" “°Ð£33scƒ#‚CrvB •5D"CtB “²7W'&VçB—"fÆ÷pÐ£33s"cƒ&S‚ ”4Ä" “²×VÇB'’ Ð£33s2cƒ&"3Br ”äD"2Cr “²Æ×BFòr'—FW0Ð£33sBcƒ&B6 ”%‚ “²ö–çB‚FòfÇVRFò&WÆ6PÐ£33sRcƒ&R3" •TÄ “²vWBæWu5²VæÆ–Ö—FVBfÇVPÐ£33sbcƒ&b32 •TÄ" “°Ð£33srcƒ3VB •5DBÅ‚ “²6fR–âfr'VffW Ð£33s‚ “²ÒÒÒÒÒÒÒÒÒÒÒÒÒÒÒÒÒÒÒÒÒÒÒÒÒÒÒÒÒÒÐÐ£33s’ “²4Ä2Ô52•"dÄõrDU$ÐÐ£33ƒ “°Ð£33ƒ “²ÒÒÒÒÒÒÒÒÒÒÒÒÒÒÒÒÒÒÒÒÒÒÒÒÒÒÒÒÒÒÐÐ£33ƒ"cƒ3"6RV ”ÄE‚2CT “²v×2õ6V2F—7fÇVPÐ£33ƒ2cƒ3R#b3bSr ”ÄDÄ3dSr “²×VÇBf÷"6Æ–F–ærf–ÇFW Ð£33ƒBcƒ3‚C ”äTt “°Ð£33ƒRcƒ3’&Bc"cb ”¥5"Äc#cb “°Ð£33ƒbcƒ62FBV •5DBDT “²v×2õ6V2F—7fÇVPÐ£33ƒr “°Ð£33ƒ‚ “²5TÒTäÄ”Ô•DTB$TE2dõ"äUrdÅTPÐ£33ƒ’ “°Ð£33“cƒ6R6RcrV ”ÄE‚2DctT “°Ð£33“cƒCF2sR ”ÄDBCsR “²ôÄB•"dÄõpÐ£33“"cƒC2C2sr ”DDBCsr “°Ð£33“2cƒCR#B ”$42ÄcƒC‚ “°Ð£33“B “²âââVÇ6PÐ£33“RcƒCr‚ ””å‚ “°Ð£33“bcƒC‚C2s’ÄcƒCƒ¢ ”DDBCs’ “°Ð£33“rcƒF#B ”$42ÄcƒDB “°Ð£33“‚ “²âââVÇ6PÐ£33“’cƒF2‚ ””å‚ “°Ð£3CcƒFBC2v"ÄcƒDC¢ ”DDBCt" “°Ð£3CcƒFb#B ”$42ÄcƒS" “°Ð£3C" “²âââVÇ6PÐ£3C2cƒS‚ ””å‚ “°Ð£3CBcƒS"BÄcƒS#¢ ”Å5$B “²fr'’F—f–F–ær'’@Ð£3CRcƒS2B ”Å5$B “°Ð£3CbcƒSB ”õ$Å‚ “²FB–â÷fW&fÆ÷pÐ£3CrcƒSb3r •4„" “°Ð£3C‚cƒSr3b •4„ “°Ð£3C’cƒS‚3 •E5‚ “°Ð£3CcƒS’#b3bSr ”ÄDÄ3dSr “²×VÇBf÷"6Æ–F–ærf–ÇFW Ð£3CcƒV2&Bc"cb ”¥5"Äc#cb “²Fò‚‚b×VÇB&÷WF–æPÐ£3C"cƒVb3‚ •TÅ‚ “°Ð£3C2cƒcC2V ”DDBDT “²v×2õ6V2F—7fÇVPÐ£3CBcƒc"FBVÄcƒc#¢ •5DBDT “²v×2õ6V2F—7fÇVPÐ£3CR “°Ð£3Cb “²Ö‚fÆ÷rg2%ÐÐ£3Cr “°Ð£3C‚cƒcBFRV ”ÄE‚DT “²v×2õ6V2F—7fÇVPÐ£3C’cƒcb&23bV ”5‚Ä3dT “²Ö–âÆÆ÷v&ÆRfÆ÷rÂƒ2v×2õ6V2Ð£3C#cƒc’#BR ”$42Äcƒs “²tò4²tå5BÔ‚dÄõrg2%ÐÐ£3C# “²âââVÇ6PÐ£3C#"cƒf"f23bV ”ÄDBÄ3dT “²U4RÖ–âÆÆ÷v&ÆRfÆ÷rÂƒ2v×2õ6V2Ð£3C#2cƒfRFBVÄcƒdS¢ •5DBDT “²v×2õ6V2F—7fÇVPÐ£3C#B “²ÒÒÒÒÒÒÒÒÒÒÒÒÒÒÒÒÒÒÒÒÒÒÒÒÒÒÒÒÒÒÒÒÒÒÒÒÒÒÒÒÒÒÒÒÒÒÒÒÒÐÐ£3C#R “²Ä²UÖ‚—"fÆ÷rg2%ÐÐ£3C#b “°Ð£3C#r “²rÄ”äRÂÓâcC%ÐÐ£3C#‚ “°Ð£3C#’ “²D$ÂÒw&×2õ6V0Ð£3C3 “²ÒÒÒÒÒÒÒÒÒÒÒÒÒÒÒÒÒÒÒÒÒÒÒÒÒÒÒÒÒÒÒÒÒÒÒÒÒÒÒÒÒÒÒÒÒÒÒÒÒÐÐ£3C3cƒs6R3bV2Äcƒs¢ ”ÄE‚2D3dT2 “²Ö‚—"fÆ÷rF&ÀÐ£3C3"cƒs2“bSr ”ÄDCSr “²%Òó#PÐ£3C32cƒsR&Bc"3b ”¥5"Äc$3b “²&BÆ²WÂ„æòöfg6WBÐ£3C3B “°Ð£3C3Rcƒs‚“V ”4ÕDT “²v×2õ6V2F—7fÇVPÐ£3C3bcƒv#"2 ”$„’Äcƒtb “²%"”bÔ‚fÒF&ÂÅB5ETÂv×2õ6V0Ð£3C3r “²âââVÇ6PÐ£3C3‚cƒv2Vb ”4Å$" “°Ð£3C3’cƒvBFBV •5DBDT “²v×2õ6V2•"dÄõpÐ£3CCcƒvb3’Äcƒtc¢ •%E0Ð£3CC “²¢¢¢¢¢¢¢¢¢¢¢¢¢¢¢¢¢¢¢¢¢¢¢¢¢¢¢¢¢¢¢¢¢¢¢¢¢¢¢¢¢¢¢¢¢¢¢¢¢¢ Ð£3CC" “²¢¢¢¢¢¢¢¢¢¢¢¢¢¢¢¢¢¢¢¢¢¢¢¢¢¢¢¢¢¢¢¢¢¢¢¢¢¢¢¢¢¢¢¢¢¢¢¢¢¢ Ð£3CC2 “²¢…44’’6W&–ÂFF7FGW0Ð£3CCB “² Ð£3CCR “²¢c$TBóóðÐ£3CCb “² Ð£3CCr “²¢¢¢¢¢¢¢¢¢¢¢¢¢¢¢¢¢¢¢¢¢¢¢¢¢¢¢¢¢¢¢¢¢¢¢¢¢¢¢¢¢¢¢¢¢¢¢¢¢¢ Ð£3CC‚cƒƒ#bƒ’Äcƒƒ¢ ”ÄDCƒ’ “²Ä4ÂåTÒ$•E2DòE€Ð£3CC’cƒƒ2#bSB ”$äRÄc„C’ “²%"”bäôâ Ð£3CS “²âââVÇ6PÐ£3CScƒƒRƒb‚ ”ÄD2C‚ “°Ð£3CS"cƒƒr#rƒ’ •5DCƒ’ “²Ä4ÂåTÒ$•E2DòE€Ð£3CS2 “°Ð£3CSBcƒ†“bCr ”ÄDCCr “°Ð£3CSRcƒ†2&#‚ ”%ÂÄc„#b “²Dòc$TBD$ÂÔätU Ð£3CSb “²âââVÇ6PÐ£3CSrcƒ†R“bC‚ ”ÄDCC‚ “°Ð£3CS‚cƒ“#b2 ”$äRÄcƒ“R “²å"”bå Ð£3CS’ “²âââVÇ6PÐ£3Cccƒ“"vRc‚c‚ ”¤ÕÄc„c‚ “²U„•Bf–%E0Ð£3Cc “²ÒÒÒÒÒÒÒÒÒÒÒÒÒÒÒÒÒÒÒÒÒÒÒÒÒÒÒÒÒÒÒÒÒÒÒÒÒÒÒÒÒÒÒÒÒÒÒÒÐÐ£3Cc"cƒ“R6Rf2c"Äcƒ“S¢ ”ÄE‚2Dd3c" “°Ð£3Cc2cƒ“‚3b ”ÄD"3b “°Ð£3CcBcƒ–6B ”ÕTÂ “°Ð£3CcRcƒ–"6 ”%‚ “°Ð£3Ccbcƒ–2cb† ”ÄD"C„ “²Äô4D”ôâôbäU…BTåE%’”âU$ôÒD$ÀÐ£3Ccrcƒ–b3 ”4Õ"3b “°Ð£3Cc‚c†#B&2 ”$42Äc„4b “°Ð£3Cc’ “²âââVÇ6PÐ£3Csc†2SB ”Å5$" “°Ð£3Csc†B#BR ”$42Äc„" “°Ð£3Cs" “²âââVÇ6PÐ£3Cs2c†b#bv ”ÄDCt “°Ð£3CsBc†’#C" ”%$Äc„TB “°Ð£3CsR “²ÒÒÒÒÒÒÒÒÒÒÒÒÒÒÒÒÒÒÒÒÒÒÒÒÒÒÒÒÒÒÒÒÒÒÒÒÒÒÒÒÒÒÒÒÒÒÒÒÐÐ£3Csbc†"S‚Äc„#¢ ”4Ä" “°Ð£3Csrc†26 ”%‚ “°Ð£3Cs‚c†BVR ”ÄE‚Å‚ “°Ð£3Cs’c†bV2 ”ÄDBÅ‚ “°Ð£3Cƒc†#crv •5D"Ct “°Ð£3Cƒc†#B#3r ”%$Äc„TB “°Ð£3Cƒ" “²ÒÒÒÒÒÒÒÒÒÒÒÒÒÒÒÒÒÒÒÒÒÒÒÒÒÒÒÒÒÒÒÒÒÒÒÒÒÒÒÒÒÒÒÒÒÒÒÒÐÐ£3Cƒ2 “²ÒÒÒÒÒÒÒÒÒÒÒÒÒÒÒÒÒÒÒÒÒÒÒÒÒÒÒÒÒÒÒÒÒÒÒÒÒÒÒÒÒÒÒÒÒÒÒÒÒÐÐ£3CƒB “²c$TBD”täõ5D”50Ð£3CƒR “°Ð£3Cƒb “²Ô”äõ"ÅÔBtB Ð£3Cƒr “²#BÒD”r5r”âD”rÔôDPÐ£3Cƒ‚ “²#RÒD”r5r”âÄDÂÔôDPÐ£3Cƒ’ “²ÒÒÒÒÒÒÒÒÒÒÒÒÒÒÒÒÒÒÒÒÒÒÒÒÒÒÒÒÒÒÒÒÒÒÒÒÒÒÒÒÒÒÒÒÒÒÒÒÒÐÐ£3C“c†#b“b3RÄc„#c¢ ”ÄDC3R “²Ô”äõ"ÅÔBtB Ð£3C“c†#‚cb† ”ÄD"C„ “²Äô4D”ôâôbäU…BTåE%’”âU$ôÒD$ÀÐ£3C“"c†&"#r3 ”$UÄc„TB “²%"”b Ð£3C“2 “²âââVÇ6PÐ£3C“Bc†&BƒB3 ”äD2C3 “²Ô4²dõ"#Bb#PÐ£3C“Rc†&b#b ”$äRÄc„4" “²%"”b#Bb#PÐ£3C“b “²âââVÇ6PÐ£3C“r “²ÒÒÒÒÒÒÒÒÒÒÒÒÒÒÒÒÒÒÒÒÒÒÒÒÒÒÒÒÒÒÒÒÒÒÒÒÒÒÒÒÒÒÒÒÒÒÒÒÐÐ£3C“‚ “²D•2DE$U54U2D$ÄRÂ†Ö—@Ð£3C“’ “²ƒrDE$U52u2Ð£3S “°Ð£3S “²ÒÒÒÒÒÒÒÒÒÒÒÒÒÒÒÒÒÒÒÒÒÒÒÒÒÒÒÒÒÒÒÒÒÒÒÒÒÒÒÒÒÒÒÒÒÒÒÒÐÐ£3S"c†3c3bfB ”4Õ"Ä3ddB “²FBÂD•55E$rÄTäuD€Ð£3S2c†3B#"’ ”$„’Äc„4b “°Ð£3SB “²âââVÇ6PÐ£3SRc†3b6R3bfR ”ÄE‚2D3ddR “²D•2DE$U54U2D$ÄPÐ£3Sbc†3’#" ”%$Äc„Sb “°Ð£3Sr “²ÒÒÒÒÒÒÒÒÒÒÒÒÒÒÒÒÒÒÒÒÒÒÒÒÒÒÒÒÒÒÒÒÒÒÒÒÒÒÒÒÒÒÒÒÒÒÒÒÐÐ£3S‚ “²ÒÒÒÒÒÒÒÒÒÒÒÒÒÒÒÒÒÒÒÒÒÒÒÒÒÒÒÒÒÒÒÒÒÒÒÒÒÒÒÒÒÒÒÒÒÒÒÒÐÐ£3S’ “²c$TBD”täõ5D”50Ð£3S “°Ð£3S “°Ð£3S" “²ÒÒÒÒÒÒÒÒÒÒÒÒÒÒÒÒÒÒÒÒÒÒÒÒÒÒÒÒÒÒÒÒÒÒÒÒÒÒÒÒÒÒÒÒÒÒÒÒÐÐ£3S2c†6"3’Äc„4#¢ ”4Õ"3#R “°Ð£3SBc†6B#bB ”$äRÄc„S2 “²Dòc$TBD”täõ5D”50Ð£3SR “²âââVÇ6PÐ£3Sbc†6bFbÄc„4c¢ ”4Å$ “°Ð£3Src†C#r† •5DC„ “²Äô4D”ôâôbäU…BTåE%’”âU$ôÒD$ÀÐ£3S‚c†C2F ”DT4 “°Ð£3S’c†CB#r†" •5DC„" “²Ä4Â„Ô•B%•DPÐ£3S#c†Cr#b ”%$Äc„c‚ “²U„•Bf–%E0Ð£3S#c†C’vƒ’Äc„C“¢ ”DT2Cƒ’ “²Ä4ÂåTÒ$•E2DòE€Ð£3S#"c†F2s‚†" ”4ÂC„" “²Ä4Â„Ô•B%•DPÐ£3S#2c†Fb#B" ”$42Äc„c2 “²÷WGWBç‡B'—FPÐ£3S#B “²âââVÇ6PÐ£3S#Rc†S#R ”%$Äc„c‚ “²U„•Bf–%E0Ð£3S#b “²ÒÒÒÒÒÒÒÒÒÒÒÒÒÒÒÒÒÒÒÒÒÒÒÒÒÒÒÒÒÒÒÒÒÒÒÒÒÒÒÒÒÒÒÒÒÒÒÒÐÐ£3S#r “²¢¢¢¢¢¢¢¢¢¢¢¢¢¢¢¢¢¢¢¢¢¢¢¢¢¢¢¢¢¢¢¢¢¢¢¢¢¢¢¢¢¢¢¢¢¢¢¢ Ð£3S#‚ “²¢Ä4Â†Ö—BF&ÆPÐ£3S#’ “²¢ƒc$TBD”täõ5D”52Ð£3S3 “²¢F&ÆRöbFG"w2g2DDÐ£3S3 “²¢ƒ#2DE$U52u2Ð£3S3" “² Ð£3S32 “²¢E•RC3"T4Òôâ##scPÐ£3S3B “²¢¢¢¢¢¢¢¢¢¢¢¢¢¢¢¢¢¢¢¢¢¢¢¢¢¢¢¢¢¢¢¢¢¢¢¢¢¢¢¢¢¢¢¢¢¢¢¢ Ð£3S3Rc†S26R3rBÄc„S3¢ ”ÄE‚2D3sB “²”äDU‚DE$U52D$ÄPÐ£3S3bc†SbVÄc„Sc¢ ”DT4" “°Ð£3S3rc†SrS‚ ”4Ä" “°Ð£3S3‚c†S‚6 ”%‚ “²D¢”äDU€Ð£3S3’c†S’VR ”ÄE‚Å‚ “²tUBDD$ÒDE$U50Ð£3SCc†V"b ”ÄDÅ‚ “²tUBDDÐ£3SCc†VB#r†"Äc„TC¢ •5DC„" “²4dRDDDòÄ4Â„Ô•B%•DPÐ£3SC"c†cv2† ””ä2C„ “²Äô4D”ôâôbäU…BTåE%’”âU$ôÒD$ÀÐ£3SC2c†c2ƒbBÄc„c3¢ ”ÄD3B “²ÆB6W"FFróÂ3SW6V0Ð£3SCBc†cR&BcB‚ ”¥5"ÄcD‚ “²FòGW&âôâ&—@Ð£3SCRc†c‚3’Äc„cƒ¢ •%E0Ð£3SCb “²¢¢¢¢¢¢¢¢¢¢¢¢¢¢¢¢¢¢¢¢¢¢¢¢¢¢¢¢¢¢¢¢¢¢¢¢¢¢¢¢¢¢¢¢¢¢¢¢ Ð£3SCr “²¢¢¢¢¢¢¢¢¢¢¢¢¢¢¢¢¢¢¢¢¢¢¢¢¢¢¢¢¢¢¢¢¢¢¢¢¢¢¢¢¢¢¢¢¢¢¢¢¢¢ Ð£3SC‚ “²¢Ô¥"Äôõ5T%$õUD”äR4TrBÀÐ£3SC’ “² Ð£3SS “²¢Äôr$Ò54”täÔTå@Ð£3SS “² Ð£3SS" “²¢¢¢¢¢¢¢¢¢¢¢¢¢¢¢¢¢¢¢¢¢¢¢¢¢¢¢¢¢¢¢¢¢¢¢¢¢¢¢¢¢¢¢¢¢¢¢¢¢¢ Ð£3SS2 “°Ð£3SSB “²4²”b„TE2U4ôääT5DT@Ð£3SSR “°Ð£3SSbc†c’“b32Äc„c“¢ ”ÄDC32 “²Ô”äõ"ÄôõÔBtBÐ£3SSrc†f"&2 ”%ÂÄc“ “²W†—B–bæ÷B‚åRàÐ£3SS‚ “²âââVÇ6PÐ£3SS’c†fB&BS‚b ”¥5"CSƒb “²Dò„TE2UÂÒÒÒÒÒÐÐ£3Sc “²ÒÒÒÒÒÒÒÒÒÒÒÒÒÒÒÒÒÒÒÒÒÒÒÒÒÒÒÒÒÒÒÒÒÒÒÒÒÒÒÒÒÒÒÒÒÒÒÒÐÐ£3Scc“3’Äc“¢ •%E2 “°Ð£3Sc" “²ÒÒÒÒÒÒÒÒÒÒÒÒÒÒÒÒÒÒÒÒÒÒÒÒÒÒÒÒÒÒÒÒÒÒÒÒÒÒÒÒÒÒÒÒÒÒÒÒÐÐ£3Sc2 “²gVVÂ÷WB7V'&÷WF–æPÐ£3ScB “°Ð£3ScR “²ÒÒÒÒÒÒÒÒÒÒÒÒÒÒÒÒÒÒÒÒÒÒÒÒÒÒÒÒÒÒÒÒÒÒÒÒÒÒÒÒÒÒÒÒÒÒÒÒÐÐ£3Scbc““bS"Äc“¢ ”ÄDDS" “²D”dbÆBfÂ44TÂTå"d5Dõ Ð£3Scrc“223‚"R ”%$4Å"C3‚C"Äc“R “²–b44TÂTå"dÄr4Å Ð£3Sc‚c“r23‚B ”%$4Å"C3‚CBÄc“R “²”bäò¶”ä¢4”ä4RÄ5BTÅ4PÐ£3Sc’c“"“S2 •5T$DS2 “²D”dbÆÄBgdÂdõ"444TÂTå$”4€Ð£3Ssc“B#BB ”$42Äc“2 “²–bâÒ Ð£3Ssc“bFb ”4Å$ “²Ä”Ô•BDò¤U$ðÐ£3Ss"c“R3‚‚ ”$4Å"C3‚C‚ “²4Å"4TÂTå"dÄpÐ£3Ss2c“2“rS"Äc“3¢ •5DDS" “²F–fbÆBfÂ6VÂVç"f7F÷ Ð£3SsBc“RR3‚BÄc“S¢ ”$4Å"C3‚CB “²&W6WB–æ¢fÆpÐ£3SsRc“‚B3‚" ”%4UBC3‚C" “²6WB7BF–ÖR6VÂVç"fÆpÐ£3Ssbc“"6R3" ”ÄE‚2D3" “²vWBFFÐ£3Ssrc“R&Bc"cb ”¥5"Äc#cb “²66ÆRró‚‚b×VÇ@Ð£3Ss‚c“#C23" ”DDBD3" “²FBFòFFÐ£3Ss’c“#2#B2 ”$42Äc“#‚ “°Ð£3Sƒc“#R62fbfb ”ÄDB2Ddddb “²6WBÖ‚Æ–Ö—@Ð£3Sƒc“#‚FB3"Äc“#ƒ¢ •5DBD3" “°Ð£3Sƒ" “²ÒÒÒÒÒÒÒÒÒÒÒÒÒÒÒÒÒÒÒÒÒÒÒÒÒÒÐÐ£3Sƒ2 “²gVVÂ÷WGWB6çBvÀÐ£3SƒB “²ÒÒÒÒÒÒÒÒÒÒÒÒÒÒÒÒÒÒÒÒÒÒÒÒÒÐÐ£3SƒRc“&22##’Äc“$¢ ”%$4Å"C2C#Äc“Sr “²ÖöFRvC2ÂdE2ô°Ð£3Sƒb “²âââVÇ6PÐ£3Sƒrc“&R"32#R ”%%4UBC32CÄc“Sr “²%"”b#BÂƒÒ”tâôdbÐ£3Sƒ‚ “²âââVÇ6PÐ£3Sƒ’c“3""C2"# ”%%4UBCC2C"Äc“Sr “²–b–âFV6VÂ2ôðÐ£3S“ “²âââVÇ6PÐ£3S“c“3b23Bƒ#B ”%$4Å"C3BCƒÄc“TR “²"õ†’%ÒbÕ‚2ôòG7B–`Ð£3S“" “²Óâæ÷B'Vææ–æpÐ£3S“2 “²âââVÇ6PÐ£3S“Bc“66R32R ”ÄE‚2D34R “²†’gVVÂ2ôòÆ–Ö—@Ð£3S“Rc“6B“bcR ”ÄDCcR “°Ð£3S“bc“6b2C2C2 ”%$4Å"CC2CCÄc“Cb “²–bgVVÂæ÷B2ôðÐ£3S“rc“C26R32‚ ”ÄE‚2D34‚ “²†’gVVÂ2ôòÆ–Ö—@Ð£3S“‚c“CbRC2CÄc“Cc¢ ”$4Å"CC2CC “°Ð£3S“’c“C’ ”4ÕÅ‚ “²—2Õ‚âF†âÆ×@Ð£3cc“F"#"r ”$„’Äc“SB “²–b–W0Ð£3cc“FBF2“R ”ÄDBC“R “²7W'&VçBÖ–æ÷"Å&VbW&–öBfÒÕPÐ£3c"c“Fb2 ”5BÅ‚ “²—2%ÒâF†âÆ–Ö—@Ð£3c2c“S"#B ”$42Äc“TR “²–bæ÷@Ð£3cBc“SBBC2CÄc“SC¢ ”%4UBCC2CC “²6WBgVVÂ7WFöfbfÆpÐ£3cRc“Sr6RÄc“Ss¢ ”ÄE‚3 “²6WB6VÂVç"Fò Ð£3cbc“VFbC’ •5E‚DC’ “²6VÂVç&–6‚Â7VÒgVVÀÐ£3crc“V2Fb3" •5E‚D3" “°Ð£3c‚c“VR26R"Äc“TS¢ ”%$4Å"C4RDÄc“cB “°Ð£3c’c“c"#’ ”%$Äc“dB “°Ð£3cc“cB23‚33Äc“cC¢ ”%$4Å"C3‚D3Äc““’ “°Ð£3cc“c‚6Rc’SR ”ÄE‚2Dc”SR “°Ð£3c"c“f"#b ”%$Äc“s2 “°Ð£3c2c“fBf23Rc‚Äc“dC¢ ”ÄDBÄ3Tc‚ “²Æ×BgVVÂf7F÷"fÒ$ôÐÐ£3cBc“s6Rc’f2 ”ÄE‚2Dc”d2 “°Ð£3cRc“s2BÄc“s3¢ ”¥5"Å‚ “°Ð£3cbc“sR62 •4…‚ “°Ð£3crc“sb3r •4„" “°Ð£3c‚c“sr3b •4„ “°Ð£3c’c“s‚3‚ •TÅ‚ “°Ð£3c#c“s’3" •TÄ “°Ð£3c#c“v32 •TÄ" “°Ð£3c#"c“v"62 •4…‚ “°Ð£3c#2c“v23 •E5‚ “°Ð£3c#Bc“vB2 •5T$BÅ‚ “²gVVÂ7WÆ–VBÒÆ×BÂðÐ£3c#Rc“vb3‚ •TÅ‚ “°Ð£3c#bc“ƒ#Rr ”$52Äc““’ “´–b6ðÐ£3c#rc“ƒ"3r •4„" “°Ð£3c#‚c“ƒ23b •4„ “°Ð£3c#’c“ƒB3 •E5‚ “°Ð£3c3c“ƒRF23" ”ÄDBD3" “°Ð£3c3c“ƒr2 •5T$BÅ‚ “°Ð£3c3"c“ƒ’3‚ •TÅ‚ “°Ð£3c32c“†#Rb ”$52Äc““" “°Ð£3c3Bc“†2#232 ”5BÄ34 “´Ö–â&6RrfÒ$ôÐÐ£3c3Rc““#B" ”$42Äc““B “¶–b6òFògVVÀÐ£3c3bc““"FbÄc““#¢ ”4Å$ “°Ð£3c3rc““2Vb ”4Å$" “°Ð£3c3‚c““B3rÄc““C¢ •4„" “°Ð£3c3’c““R3b •4„ “°Ð£3cCc““b3‚ •TÅ‚ “°Ð£3cCc““r#" ”%$Äc“”" “°Ð£3cC" “²ÒÒÒÒÒÒÒÒÒÒÒÒÒÒÒÒÒÒÒÒÒÒÒÒÒÒÒÒÒÒÒÒÒÒÒÒÒÒÒÒÒÒÒÒÒÒÒÒÒÐÐ£3cC2c““’FR3"Äc“““¢ ”ÄE‚D3" “°Ð£3cCBc“–"23’ƒrÄc“”#¢ ”%$4Å"C3’CƒÄc”b “²%"”bäõB#rÂ„”â4ätÂd•$RÔôDRÐ£3cCR “²âââVÇ6PÐ£3cCbc“–b23’C2 ”%$4Å"C3’CCÄc”b “²%"”bäõB#bÂƒrÐ£3cCrc–26R ”ÄE‚3 “°Ð£3cC‚c–bfb2Äc”c¢ •5E‚C2 “²6fRVæF–ærgVVÂf÷ Ð£3cC’ “²Óâ7VÒgVVÀÐ£3cSc–’#r#r ”$UÄc”C" “²–b¤Õ$õTäBôde4U@Ð£3cS “²âââVÇ6PÐ£3cS"c–"†2 ”5‚3#Sb “²3“W6V0Ð£3cS2c–R#B ”$42Äc”3 “²%"”bru2uB3“W6V0Ð£3cSB “²âââVÇ6PÐ£3cSRc–#62 •4…‚ “²DTÕ4dRrDò5E€Ð£3cSb “²ÒÒÒÒÒÒÒÒÒÒÒÒÒÒÒÒÒÒÒÒÒÒÒÒÒÒÒÒÒÒÒÒÒÒÒÒÒÒÒÒÒÒÒÒÒÒÒÒÒÐÐ£3cSr “²ÒÒÒÒÒÒÒÒÒÒÒÒÒÒÒÒÒÒÒÒÒÒÒÒÒÒÒÒÒÒÒÒÒÒÒÒÒÒÒÒÒÒÒÒÒÒÒÒÒÐÐ£3cS‚ “²–æ¢öfg6WBf÷"6ÖÆÂrw2g2&6RpÐ£3cS’ “°Ð£3cc “²dõ"ru2ÅB2ã’×6V0Ð£3cc “°Ð£3cc" “²D$ÂÒ×6V2¢cRãS3b×6V0Ð£3cc2 “²ÒÒÒÒÒÒÒÒÒÒÒÒÒÒÒÒÒÒÒÒÒÒÒÒÒÒÒÒÒÒÒÒÒÒÒÒÒÒÒÒÒÒÒÒÒÒÒÒÒÐÐ£3ccBc–#3" •TÄ “°Ð£3ccRc–#"3" •TÄ “²tUBÅ4"ôbrdÒ5E€Ð£3ccbc–#23b# ”ÄD"33" “²öfg6WBf÷"Æ²WÂ„Ö–âÆ²WfÂÐ£3ccrc–#R6R32&2 ”ÄE‚2D34$2 “²F&ÆRFG Ð£3cc‚c–#‚&Bc"#’ ”¥5"Äc$#’ “²6ÆÂ$BÆ²WÂ„Æ÷rrÐ£3cc’c–&"b •D" “²4õ’$U5TÅE2Dò"&VpÐ£3csc–&2fR2 ”ÄE‚C2 “²tUB%pÐ£3csc–&b6 ”%‚ “²DB”ârôde4U@Ð£3cs"c–3Cb6"Äc”3¢ ”ÄD"D4" “²”ä¢ôde4UB4õ%"Â×6V2¢cRãc3`Ð£3cs2c–3"6 ”%‚ “²DB”ârôde4UBÂ‡Gv–6RÐ£3csBc–326 ”%‚ “°Ð£3csR “²ÒÒÒÒÒÒÒÒÒÒÒÒÒÒÒÒÒÒÒÒÒÒÒÐÐ£3csb “²Ö–â&6Rr6†V6°Ð£3csr “²ÒÒÒÒÒÒÒÒÒÒÒÒÒÒÒÒÒÒÒÒÒÒÒÐÐ£3cs‚c–3BR32" ”$4Å"C32C" “²#Âdõ$4RÄõrÂ$U5TÅBõâÅ Ð£3cs’c–3r&232 ”5‚Ä34 “²&6RpÐ£3cƒc–6#"b ”$„’Äc”C" “°Ð£3cƒc–62B32" ”%4UBC32C" “²6WBÄõrr$U5TÅBõâÅ Ð£3cƒ"c–6bfR322 ”ÄE‚Ä342 “²FVfVÇB&6RrfÒ$ôÐÐ£3cƒ2 “°Ð£3cƒB “²6–×RgVVÀÐ£3cƒR “°Ð£3cƒbc–C"†2vbfbÄc”C#¢ ”5‚2Ctddb “°Ð£3cƒrc–CR#R2 ”$52Äc”D “°Ð£3cƒ‚c–Cr6Rvbfb ”ÄE‚2Ctddb “°Ð£3cƒ’c–Ffb6bCÄc”D¢ •5E‚C4dC “²FòÔ5PÐ£3c“c–FB"3’32 ”%%4UBC3’D3Äc”SB “²%"”b#rb#bÂ„”â4bbrÐ£3c“ “²âââVÇ6PÐ£3c“"c–SfbBcb •5E‚CCcb “²Fò&6RpÐ£3c“2c–SB3’Äc”SC¢ •%E2 “°Ð£3c“B “²ÒÒÒÒÒÒÒÒÒÒÒÒÒÒÒÒÒÒÒÒÒÒÒÒÒÒÒÒÒÒÒÒÒÒÒÒÒÒÒÒÒÒÒÒÒÒÒÒÒÐÐ£3c“R “²ÒÒÒÒÒÒÒÒÒÒÒÒÒÒÒÒÒÒÒÒÒÒÒÒÒÒÒÒÒÒÒÒÒÒÒÒÒÒÒÒÒÒÒÒÒÒÒÒÒÐÐ£3c“b “²66VÂVç&–6‚gVVÂ7V'&÷WF–æPÐ£3c“r “²”äDU„TBÄ²U Ð£3c“‚ “°Ð£3c“’ “°Ð£3s “²&—G2Ò2&RgFW"æW‡B–æ¦V7@Ð£3s “²&—G2BÒrG&–vvW"FòæW‡B–æ¦V7@Ð£3s" “²ÒÒÒÒÒÒÒÒÒÒÒÒÒÒÒÒÒÒÒÒÒÒÒÒÒÒÒÒÒÒÒÒÒÒÒÒÒÒÒÒÒÒÒÒÒÒÒÒÒÐÐ£3s2c–SR6R323Äc”SS¢ ”ÄE‚2D333 “²gVVÂÆ×Bg24ôôÀÐ£3sBc–S‚CbV" ”ÄD"CT" “²4ôôÄå@Ð£3sRc–VSB ”Å5$" “²66ÆR6ööÆç@Ð£3sbc–V"SB ”Å5$" “²4ôôÂó3 Ð£3src–V2SBÄc”T3¢ ”Å5$" “°Ð£3s‚c–VBSB ”Å5$" “°Ð£3s’c–VRSB ”Å5$" “°Ð£3s “°Ð£3s “²eDU"äU…B”ä¤T5@Ð£3s" “°Ð£3s2c–Vb6 ”%‚ “²D¢D$Âô”åDU"ƒÒ’Ð£3sBc–cSb ”ÄD"Å‚ “²vWBgVVÂÆ×Bf7F÷ Ð£3sRc–c"R ”4ÄB “²vWBB&—G2DòÕ4 Ð£3sbc–c2R ”4ÄB “°Ð£3src–cBR ”4ÄB “°Ð£3s‚c–cRR ”4ÄB “°Ð£3s’c–cb3Bc ”äD"2Dc “²ÂÖ6²ÂgFW"æW‡B–æ¦V7@Ð£3s# “°Ð£3s# “²E$”ttU"FòäU…B”ä¤T5@Ð£3s#" “°Ð£3s#2c–c‚b ”ÄDÅ‚ “²vWBgVVÂÆ×Bf7F÷"dÒD$ÀÐ£3s#Bc–fƒBc ”äD2Dc “²ÂÖ6²ÂG&–rFòæW‡B–æ¦V7@Ð£3s#Rc–f223‚ ”%$4Å"C3‚CÄd “²%"”bäõB#@Ð£3s#b “²âââVÇ6PÐ£3s#rfr •D$ “°Ð£3s#‚f6R3"Äd¢ ”ÄE‚2C3" “°Ð£3s#’fB&Bc"cb ”¥5"Äc#cb “²gVVÂÆ×B‚óòƒ‚‚b×VÇBÐ£3s3frR ”4ÄB “°Ð£3s3f‚#B2 ”$42ÄdB “²%"”bäòõdU$dÄõpÐ£3s3" “²âââVÇ6PÐ£3s32f62fbfb ”ÄDB2Ddddb “²U4RÔ‚ÄÕ@Ð£3s3BfB3rÄdC¢ •4„" “²4dRDò5E€Ð£3s3RfR3b •4„ “°Ð£3s3b “°Ð£3s3rfbF2CR ”ÄDBDCR “²&6RrÂÆ7B–æ Ð£3s3‚fC2C’ ”DDBDC’ “²6VÂVç&–6‚Â7VÒgVVÀÐ£3s3’f2#B2 ”$42Äd‚ “²%"”bäòõdU$dÄõpÐ£3sC “²âââVÇ6PÐ£3sCfR62fbfb ”ÄDB2Ddddb “²U4RÔ‚ÄÕ@Ð£3sC"f‚3rÄdƒ¢ •4„" “²4dRDò5E€Ð£3sC2f’3b •4„ “°Ð£3sCBf3‚ •TÅ‚ “°Ð£3sCRf"3" •TÄ “°Ð£3sCbf232 •TÄ" “°Ð£3sCrfB3’ •%E2 “°Ð£3sC‚ “²ÒÒÒÒÒÒÒÒÒÒÒÒÒÒÒÒÒÒÒÒÒÒÒÒÒÒÒÒÒÒÒÒÒÒÒÒÒÒÒÒÒÒÒÒÒÒÒÒÐÐ£3sC’ “²ÒÒÒÒÒÒÒÒÒÒÒÒÒÒÒÒÒÒÒÒÒÒÒÒÒÒÒÒÒÒÒÒÒÒÒÒÒÒÒÒÒÒÒÒÒÒÒÒÒÐÐ£3sS “²E244TÂTå"$õUD”äPÐ£3sS “°Ð£3sS" “²ÒÒÒÒÒÒÒÒÒÒÒÒÒÒÒÒÒÒÒÒÒÒÒÒÒÒÒÒÒÒÒÒÒÒÒÒÒÒÒÒÒÒÒÒÒÒÒÒÒÐÐ£3sS2fR“b6bÄdS¢ ”ÄDC4b “°Ð£3sSBf#ƒB#B ”äD2C#B “²#Rb" Ð£3sSRf#"#b&B ”$äRÄdS “²%"”bå Ð£3sSbf#B“bƒ" ”ÄDCƒ" “²E2ÆB†—2f Ð£3sSrf#b“FB •5T$DDB “²G&ç6–VçBE0Ð£3sS‚f#‚#B‚ ”$42Äd3" “²%"”bE2uBE$å4”TåBE0Ð£3sS’ “²âââVÇ6PÐ£3sc “°Ð£3sc “²äTrE2D”d`Ð£3sc" “°Ð£3sc2f&C2 ”4ôÔ “°Ð£3scBf&"#32b ”4ÕÄ33b “²7–æ266VÂVç&–6‚–bæVpÐ£3scR “²F–fbE2â2ã’PÐ£3scbf&R#"# ”$„’ÄdS “°Ð£3scr “²âââVÇ6PÐ£3sc‚f3##R ”%$ÄdSr “°Ð£3sc’ “°Ð£3ss “²õ2E2D”d`Ð£3ss “°Ð£3ss"f3"#32RÄd3#¢ ”4ÕÄ33R “²2ã’RÖ–âF–fbE2f÷"w"Vç&–6†ÖVç@Ð£3ss2f3R#R ”$52ÄdS “²%"”bE2ÂåBâ2ã’RÖ–âF–f`Ð£3ssBf3r"3‚ƒ ”%%4UBC3‚CƒÄdD2 “²%"”b#pÐ£3ssR “²âââVÇ6PÐ£3ssbf6"R3‚ ”$4Å"C3‚C “²4Å"#@Ð£3ssrf6R6R†R ”ÄE‚2C„R “°Ð£3ss‚fCfbÄdC¢ ”4Å"Å‚ “°Ð£3ss’fC2‚ ””å‚ “°Ð£3sƒfCB‚ ””å‚ “°Ð£3sƒfCR†2R ”5‚2CR “°Ð£3sƒ"fC‚#bcr ”$äRÄdC “°Ð£3sƒ2 “²âââVÇ6PÐ£3sƒBfF“rCB •5DDCB “²D”dbE2f÷"4TÂTå$”4€Ð£3sƒRfF2B3‚SÄdD3¢ ”%4UBC3‚DS “²4UB"bÂbbPÐ£3sƒbfFb#b ”%$ÄdSr “°Ð£3sƒr “²ÒÒÒÒÒÒÒÒÒÒÒÒÒÒÒÒÒÒÒÒÒÒÒÒÒÒÒÒÒÒÒÒÒÒÒÒÒÒÒÒÒÒÒÒÐÐ£3sƒ‚fSvbFbÄdS¢ ”4Å"DDb “²4Å"çVÒöb7–æ2VÇ6W26–æ6R66VÂVç Ð£3sƒ’fSBR3‚ƒ ”$4Å"C3‚Cƒ “²4Å"#rÂ„”âE24TÄÂTå$”4‚Ð£3s“fSr3’ÄdSs¢ •%E2 “°Ð£3s“ “²¢¢¢¢¢¢¢¢¢¢¢¢¢¢¢¢¢¢¢¢¢¢¢¢¢¢¢¢¢¢¢¢¢¢¢¢¢¢¢¢¢¢¢¢¢¢¢¢¢¢ Ð£3s“" “²¢¢¢¢¢¢¢¢¢¢¢¢¢¢¢¢¢¢¢¢¢¢¢¢¢¢¢¢¢¢¢¢¢¢¢¢¢¢¢¢¢¢¢¢¢¢¢¢¢¢ Ð£3s“2 “²¢4U$”ÂDD”ä•B5T%$õUD”äR…44’Ð£3s“B “² Ð£3s“R “² Ð£3s“b “²¢¢¢¢¢¢¢¢¢¢¢¢¢¢¢¢¢¢¢¢¢¢¢¢¢¢¢¢¢¢¢¢¢¢¢¢¢¢¢¢¢¢¢¢¢¢¢¢¢¢ Ð£3s“rfS‚FbÄdSƒ¢ ”4Å$ “²4ÄT"44’$Ò5ETd`Ð£3s“‚fS’Vb ”4Å$" “°Ð£3s“’fV#r&B •5DC$B “²4ÄT"5DEU2dÄu0Ð£3ƒfVBfB3 •5DBC3 “²4ÄT"DUd”4RD$Âô”åDU"ƒ"%•DU2Ð£3ƒfc#r&b •5DC$b “²4Å$"tUB%•DR4õTåDU Ð£3ƒ"fc2#r3 •5DC3 “²4ÄT"4²5TÐÐ£3ƒ2fcb6R3r6B ”ÄE‚2D3s4B “²vWB7B$ôÒF&ÂFWf–6PÐ£3ƒBfc’62Ädc“¢ •4…‚ “²DTÕ4dRD$ÂDUbDE$U50Ð£3ƒRffVR‚ ”ÄE‚‚Å‚ “²”äDU‚”åUB4åBtÂ$Äô4²Â„”4"Ð£3ƒbff2r •5DÅ‚ “²4ÄT"D4"âââàÐ£3ƒrffR3‚ •TÅ‚ “²$U5Dõ$R$ôÒF&ÂFWf–6PÐ£3ƒ‚ffb62 •4…‚ “²DTÕ4dR$ôÒF&ÂFWf–6PÐ£3ƒ’fsVRb ”ÄE‚bÅ‚ “²”äDU‚õUEUB4åBtÂ$Äô4²Â„ô4"Ð£3ƒfs"r •5DÅ‚ “²4ÄT"D4"dÄu0Ð£3ƒfsB3‚ •TÅ‚ “²$UE$T•dRD$ÂDUbDE$U50Ð£3ƒ"fsRVR ”ÄE‚Å‚ “²”äDU‚å…BÕ4rTåE%’DE$U50Ð£3ƒ2fsr#bc ”$äRÄdc’ “²”bäõBÄ5BÄ”äPÐ£3ƒB “²âââVÇ6PÐ£3ƒRfs’3’ •%E2 “°Ð£3ƒb “²ÒÒÒÒÒÒÒÒÒÒÒÒÒÒÒÒÒÒÒÒÒÒÒÒÒÒÒÒÒÒÒÒÒÒÒÒÒÒÒÒÒÒÒÒÒÒÒÒÒÒÒÒÒÐÐ£3ƒrfv#bC‚Ädt¢ ”ÄDCC‚ “²4Å"E‚õ%‚5DEU2$TpÐ£3ƒ‚fvBƒb#r ”ÄD2C#r “²Ð£3ƒ’ “²G‚öfbÂ'‚öâÂ%‚–çBöâv¶RWVæ&ÆPÐ£3ƒ#fvb#rCr •5DCCr “²4UB44’6çFÂÂ„55"Ð£3ƒ#fƒ"#bC’ ”ÄDCC’ “²4U$”ÂDD$TpÐ£3ƒ#" “°Ð£3ƒ#2 “²4UBÕR55"âââàÐ£3ƒ#B “°Ð£3ƒ#RfƒRf26bf2 ”ÄDBC4dd2 “²ÕR55 Ð£3ƒ#bfƒ‚6B ”õ$"3B “²4UB# Ð£3ƒ#rf†&Bc2#R ”¥5"Äc4#R “²W6V2DTÄÐ£3ƒ#‚f†BfB6bf2 •5DBC4dd2 “²ÕR55 Ð£3ƒ#’f“3’ •%E0Ð£3ƒ3 “²¢¢¢¢¢¢¢¢¢¢¢¢¢¢¢¢¢¢¢¢¢¢¢¢¢¢¢¢¢¢¢¢¢¢¢¢¢¢¢¢¢¢¢¢¢¢¢¢¢¢ Ð£3ƒ3 “²¢¢¢¢¢¢¢¢¢¢¢¢¢¢¢¢¢¢¢¢¢¢¢¢¢¢¢¢¢¢¢¢¢¢¢¢¢¢¢¢¢¢¢¢¢¢¢¢¢¢ Ð£3ƒ3" “²¢4U$”ÂDD$T4”UdR5T%$õUD”äPÐ£3ƒ32 “² Ð£3ƒ3B “²¢4ÄÄTB%’44’”åDU%U@Ð£3ƒ3R “² Ð£3ƒ3b “²¢4²u2dõ"U%"u2Âe$ÔRÂõdU"%TâUD2Â”bU%"D„TàÐ£3ƒ3r “²¢dÄrU%"Â4UB44’t´RUäBU„•BàÐ£3ƒ3‚ “² Ð£3ƒ3’ “²¢”bäò44’U%"ÂUDDR%‚4²5TÒÂ4²%‚%•DR4åBu"ÀÐ£3ƒC “² Ð£3ƒC “²¢”b7B%•DS Ð£3ƒC" “²¢4²g2$ôÒD$Å2dõ"ÔD4‚DòTÂàÐ£3ƒC2 “² Ð£3ƒCB “²¢4dR”äDU‚DE$U52”bÔD4‚b”ä5"%‚$å•DR4åBu Ð£3ƒCR “²¢TÅ4RââââUB44’$4²Dò4ÄTU”bäòÔD4‚àÐ£3ƒCb “² Ð£3ƒCr “²¢”b&æB%•DS Ð£3ƒC‚ “²¢5T"ôdbCSRDòtUB%•DR4õTåBàÐ£3ƒC’ “² Ð£3ƒS “²¢”bÄ5B%•DS Ð£3ƒS “²¢4²D„R%‚4²5TÒÂ5r44’DòE‚äB$E’DòE‚DDÐ£3ƒS" “²¢”b$B4²5TÒ„å¢’ÂdÄrU%"bUB44’$4²Dò4ÄTU Ð£3ƒS2 “²¢¢¢¢¢¢¢¢¢¢¢¢¢¢¢¢¢¢¢¢¢¢¢¢¢¢¢¢¢¢¢¢¢¢¢¢¢¢¢¢¢¢¢¢¢¢¢¢¢¢ Ð£3ƒSBf“cbC‚Äd“¢ ”ÄD"CC‚ “²E‚õ%‚5DEU2$TpÐ£3ƒSRf“B#bC’ ”ÄDCC’ “²4U$”ÂDD$TpÐ£3ƒSbf“rfR3 ”ÄE‚C3 “²”äDU‚5U%$TåB’ôò%TddU Ð£3ƒSr “°Ð£3ƒS‚ “²4²e$Ô”ärbõdU%%TâU%$õ%0Ð£3ƒS’ “°Ð£3ƒcf–3RR ”$•D"2CR “²6²f÷"õ"÷"e$ÔRU%$õ Ð£3ƒcf–2#bs ”$äRÄd#R “²%"”bU%$õ Ð£3ƒc" “²âââVÇ6PÐ£3ƒc2 “°Ð£3ƒcB “²UDDR4µ5TÐÐ£3ƒcR “°Ð£3ƒcbf–Rb •D" “²DDDò"&VpÐ£3ƒcrf–bf"3 ”DD"C3 “²DBDDDò4²5TÐÐ£3ƒc‚f"cr3 •5D"C3 “²4dRäUr4²5TÐÐ£3ƒc’ “°Ð£3ƒs “²4²44’%•DR4åBu"Dò4TRt„”4‚%•DR•2U…T5DT@Ð£3ƒs “°Ð£3ƒs"fRcb&b ”ÄD"C$b “²tUB%•DR4õTåDU Ð£3ƒs2f‚#b32 ”$äRÄdDB “²%"”bå Ð£3ƒsB “²âââVÇ6PÐ£3ƒsR “°Ð£3ƒsb “²”b%•DR4åBÒÂD„R”ä4ôÔÔ”är%•DR2ô"DUd”4R4ôDPÐ£3ƒsr “°Ð£3ƒs‚f6R3r6B ”ÄE‚2D3s4B “²”äDU‚U$ôÒD$ÀÐ£3ƒs’fB"ÄdC¢ ”4Õ"Å‚ “²DUd”4R4ôDPÐ£3ƒƒfb#rB ”$UÄd$R “²”b4ôDR…¢Ð£3ƒƒ “²âââVÇ6PÐ£3ƒƒ"f#VR ”ÄE‚Å‚ “²å…B$ôÒDE Ð£3ƒƒ2f#2#bc‚ ”$äRÄdB “²Ä5BDE"ðÐ£3ƒƒB “°Ð£3ƒƒR “²DUd”4R4ôDRäõBdõTä@Ð£3ƒƒb “°Ð£3ƒƒrf#Rƒb#r ”ÄD2C#r “²ÀÐ£3ƒƒ‚f#r#rCr •5DCCr “²4ÄTU4ÔBÂE‚õ'‚55 Ð£3ƒƒ’f&Vb ”4Å$" “°Ð£3ƒ“f&"vRf"" ”¤ÕÄd$" “²U„•@Ð£3ƒ“ “°Ð£3ƒ“" “²DUd”4R4ôDRdõTä@Ð£3ƒ“2 “°Ð£3ƒ“Bf&R#rfBÄd$S¢ •5DCdB “²4dRDUd”4R4ôDPÐ£3ƒ“Rf3fb3 •5E‚C3 “²4dRD$Âô”åDU Ð£3ƒ“bf3B#b&B ”ÄDC$B “²tUB5DEU2dÄu0Ð£3ƒ“rf3r†C ”õ$2CC “²4UB#bÂ„–çWB–âv÷&²Ð£3ƒ“‚f3’#r&B •5DC$B “²$U5Dõ$RdÄu0Ð£3ƒ“’f62VR‚ ”ÄE‚‚Å‚ “²ô”åBDò”åUB4åBtÂ$Äô4²„”4"Ð£3“f6Rb ”ÄDÅ‚ “²tUB”4"5DEU2dÄu0Ð£3“fCƒB&b ”äD2D$b “²”åUBäõB4ôÕÅDUDPÐ£3“"fC"†ƒ ”õ$2Cƒ “²#rÂ”åUB”âtõ$°Ð£3“2fCBr •5DÅ‚ “²$U5Dõ$R”4"dÄu0Ð£3“BfCbƒb#R ”ÄD2C#R “²ÀÐ£3“RfC‚#rCr •5DCCr “²4UB44’4åDÂÂ„55"Ð£3“bfF"#&" ”%$Äd#‚ “²tò”ä5"%•DR4åBbU„•Bf–%E0Ð£3“rfFB3ÄdDC¢ ”4Õ"3 “²•24U$”ÂDD&æBDD%•DRðÐ£3“‚fFb#br ”$äRÄdS‚ “²%"”bäõ@Ð£3“’ “²âââVÇ6PÐ£3“ “°Ð£3“ “²”b%•DR4åBÒÂ”ä4ôÔ”är%•DR2ô Ð£3“" “²Õ4rÄTäuD‚²CSPÐ£3“2 “°Ð£3“BfSƒSR •5T$2CSR “²5T"DD$”2ÂƒƒVBÐ£3“RfS2#rs •5DCs “²4dRÕ4rÄTäuD€Ð£3“bfSb## ”%$Äd#‚ “²tò”ä5"%•DR4åBbU„•Bf–%E0Ð£3“rfS‚3"ÄdSƒ¢ •5T$"3" “²4U"%•DR4åBÓâDD%•DR4å@Ð£3“‚fVcs ”4Õ"Cs “²•24U$”Â%•DRDD„Õ4rÄTâÐ£3“’fVB#B# ”$42Äd# “²%"”bäõBDD%•DPÐ£3“# “°Ð£3“# “²”b‚ÃÒC$bÒ%•DR4åBÂä”â’D„TâD„R4U$”Â%•DPÐ£3“#" “²•244’DD%•DRÂ•2E$õTB”âDòDD%TddU"Â%•DR4åBÀÐ£3“#2 “²”âD„•244R#¢”ä’bDUd”4R4ôDRàÐ£3“#B “°Ð£3“#R “²C$b•2D„R4U$”Â%•DR4åE Ð£3“#b “°Ð£3“#rfVbVB •E5D" “°Ð£3“#‚fc#b ”$äRÄd#2 “°Ð£3“#’ “²âââVÇ6PÐ£3“3fc"3r •4„" “°Ð£3“3fc2b •D" “°Ð£3“3"fcB3B ”4Õ"3B “°Ð£3“32fcb#"" ”$„’Ädd “°Ð£3“3B “²âââVÇ6PÐ£3“3Rfc‚S‚ ”4Ä" “°Ð£3“3bfc’6 ”%‚ “°Ð£3“3rff3bÄdd¢ ”ÄD"3 “°Ð£3“3‚ff26 ”%‚ “°Ð£3“3’ffBVR ”ÄE‚Å‚ “°Ð£3“Cffbfb3 •5E‚C3 “²44’D$Âô”åDU Ð£3“Cf#"32 •TÄ" “°Ð£3“C"f#2VR‚Äd#3¢ ”ÄE‚‚Å‚ “²”äDU‚”4 Ð£3“C2f#R6 ”%‚ “²D¢ô”åDU Ð£3“CBf#br •5DÅ‚ “²4dR44’DD%•DPÐ£3“CRf#‚v2&bÄd#ƒ¢ ””ä2C$b “²”ä5"%•DR4õTåDU Ð£3“Cbf#"vRf"R ”¤ÕÄd$R “²U„•Bd”%E0Ð£3“Cr “²ÒÒÒÒÒÒÒÒÒÒÒÒÒÒÒÒÒÒÒÒÒÒÒÒÒÒÒÒÒÒÒÒÒÒÒÒÒÒÒÒÒÒÒÒÒÒÒÒÐÐ£3“C‚f#R#VBÄd#S¢ ”%$Äd#dB “²Dò%$”DtPÐ£3“C’ “°Ð£3“S “²”b‚C$bÒ%•DR4åBãÒä”â’D„TâD„R4U$”Â%•DPÐ£3“S “²•255TÔTBDò$RD„RÄ5B%•DRÂ„4„µ5TÒ’àÐ£3“S" “²4µ5TÒ2ô"¤U$òÂ”bäò4µ5TÒU%$õ"U„•5E0Ð£3“S2 “°Ð£3“SBf#cb3Äd#¢ ”ÄD"C3 “²4µ5TÐÐ£3“SRf#2#rB ”$UÄd#’ “²%"”b¢„ô²4´5TÒÐ£3“Sb “°Ð£3“Sr “²$B4µ5TÒÂ4UB4²5TÒU%$õ Ð£3“S‚ “°Ð£3“S’f#Rƒb2 ”ÄD32 “²4²5TÒU%"dÄu0Ð£3“cf#r#c ”%$Äd#t “°Ð£3“cf#’#b&BÄd#“¢ ”ÄDC$B “²44’5DEU2dÄu0Ð£3“c"f#2† ”õ$2C “²DUb„BU%"e$TR„Ô•54”ôàÐ£3“c2f#RƒB&b ”äD2D$b “²”åUBäòÄôätU"”âtõ$°Ð£3“cBf###r&B •5DC$B “²44’5DEU2dÄu0Ð£3“cRf##262 •4…‚ “²DTÕ”äDU‚4dPÐ£3“cbf##BVR‚ ”ÄE‚‚Å‚ “²”äDU‚”4 Ð£3“crf##bb ”ÄDÅ‚ “²tUB”4"5DEU2dÄu0Ð£3“c‚f##‚ƒBvb ”äD2Ctb “²”åUBäòÄôätU"”âtõ$°Ð£3“c’f#&†C ”õ$2CC “²4UB#RÂ”åUB4ôÕÄUDPÐ£3“sf#&2r •5DÅ‚ “²$U5Dõ"”4"5DEU2dÄu0Ð£3“sf#&R3‚ •TÅ‚ “°Ð£3“s" “°Ð£3“s2 “²”b$UÅ’U…T4UDTB„äõUBãÒ’D„Tâ„Ô•B”åDU%U@Ð£3“sB “²•2Tä$ÄTBäBeUEUE$R44’”åDU%UE2t”ÄÂ4ÄÀÐ£3“sR “²4D’”åDÂÂ„Ô•BÔôDR$õUD”äRâ”bäõUBÂtõDòDðÐ£3“sb “²4ÄTU Ð£3“sr “°Ð£3“s‚f#&bFb ”4Å$ “°Ð£3“s’f#3SbB ”ÄD"BÅ‚ “²tô”ärDò$UÅÐ£3“ƒf#3"&"Cb ”$Ô’Äd#t “²%"”bäõ@Ð£3“ƒ “²ââVÇ6PÐ£3“ƒ" “°Ð£3“ƒ2 “²tô”ärDò$U5ôä@Ð£3“ƒB “°Ð£3“ƒRf#3B#b&B ”ÄDC$B “²44’5DEU2dÄu0Ð£3“ƒbf#3r†ƒ ”õ$2Cƒ “²4UB#rÂõUEUB”âtõ$°Ð£3“ƒrf#3’#r&B •5DC$B “²44’5DEU2dÄu0Ð£3“ƒ‚f#62VRb ”ÄE‚bÅ‚ “²”äDU‚õUEUB4åBtÂ$Äô4²„ô4"Ð£3“ƒ’f#6Rb ”ÄDÅ‚ “²tUBô4"5DEU2dÄu0Ð£3““f#C†ƒ ”õ$2Cƒ “²4UBõUEUB”âtõ$°Ð£3““f#C"r •5DÅ‚ “°Ð£3““"f#CBfR3 ”ÄE‚C3 “²D$Âô”åDU"dõ"ô4 Ð£3““2f#Crb" ”ÄD"Å‚ “²tUBÕ4r”@Ð£3““Bf#C’cbC‚ ”ÄD"CC‚ “²44’E‚õ$25DEU2$TpÐ£3““R “°Ð£3““b “²E‚Õ4r”@Ð£3““r “°Ð£3““‚f#F2#rC •5DCC “²E‚FF&VrÂ…44’Ð£3““’f#Fb#r3 •5DC3 “²44’4µ5TÐÐ£Cf#S"3b ”ÄD"3 “²”ä•B%•DR4å@Ð£Cf#SBcr&b •5D"C$b “²4dR%•DR4õTåDU Ð£C"f#Sr#bCB ”ÄDCCB “²"’ôò55 Ð£C2f#V†‚ ”õ$3‚ “²Tä$ÄRE‚d”5…"”0Ð£CBf#V2#rCB •5DCCB “²"’ôò55 Ð£CRf#Vbƒbƒ ”ÄD2Cƒ “²Â4ÅBDRDòdõ$4R”DÄPÐ£Cbf#c#rCr •5DCCr “²4UB44’6çFÂÂ„55"Ð£Crf#cBƒbƒ’ ”ÄD2Cƒ’ “²Â$RÔTä$ÄRE€Ð£C‚f#cb#rCr •5DCCr “²4UB44’6çFÂÂ„55"Ð£C’f#c’&Bf"b ”¥5"Äd$b “²„dU"”4"ÒÓâ”4 Ð£Cf#f23’ •%E2 “°Ð£C “°Ð£C" “²„äDÄRõdU"%Tâôe$Ô”ärU%$õ Ð£C2 “°Ð£CBf#fBƒbBÄd#dC¢ ”ÄD3B “²4UBe$ÔRU% Ð£CRf#fb3R" ”$•D"2C" “²#Âe$ÔRU% Ð£Cbf#s#b" ”$äRÄd#sR “²%"”be$ÔRU%$õ Ð£Cr “²âââVÇ6PÐ£C‚f#s2ƒbR ”ÄD3R “²4UBõdU"%TâU% Ð£C’f#sRcb3Äd#sS¢ ”ÄD"C3 “²D$Âô”åDU"ÂDUb4ôDRDTd”äTBðÐ£C#f#s‚#rB ”$UÄd#ƒr “²%"”bäõ@Ð£C# “²âââVÇ6PÐ£C#"f#vVR‚Äd#t¢ ”ÄE‚‚Å‚ “²”äDU‚”4 Ð£C#2f#v2Sb ”ÄD"Å‚ “²tUB”4"5DEU2dÄu0Ð£C#Bf#vR3Bs ”äD"2Cs “²4Å"U%"u2bäò”åUB”ât°Ð£C#Rf#ƒSr •5D"Å‚ “²$U5Dõ$R”4"5DEU2dÄu0Ð£C#bf#ƒ"b •D" “²U%"dÄu2Dò"&VpÐ£C#rf#ƒ2V ”õ$"Å‚ “²4UBäUrU%$õ Ð£C#‚f#ƒRSr •5D"Å‚ “²4dRU%"”â5DEU2&VpÐ£C#’f#ƒrcb&BÄd#ƒs¢ ”ÄD"C$B “²44’5DEU2dÄu0Ð£C3f#†3B# ”äD"2D# “²4UB”åUBäòÄôätU"”âtõ$°Ð£C3 “²b4Å"$”õ"U$õ%0Ð£C3"f#†2cr&B •5D"C$B “²44’5DEU2dÄu0Ð£C32f#†b&&B ”õ$C$B “²44’5DEU2dÄu0Ð£C3Bf#“"#r&B •5DC$B “²44’5DEU2dÄu0Ð£C3R “°Ð£C3b “²4Å"5U%$TåBD$Âô”åDU Ð£C3r “°Ð£C3‚f#“RFb ”4Å$Ð£C3’f#“bVb ”4Å$ Ð£CCf#“rfB3 •5DBC3 “²5U%$TåBD$Âô”åDU Ð£CC “°Ð£CC" “²4UB4ÄTUÔôDPÐ£CC2 “°Ð£CCBf#–ƒb#r ”ÄD2C#r “²ÀÐ£CCRf#–2#rCr •5DCCr “²4UB44’6çFÂÂ„55"Ð£CCbf#–bcr&b •5D"C$b “²4Å"%•DR4õTåDU Ð£CCrf&"cr3Äd$#¢ •5D"C3 “²4Å"4µ5TÐÐ£CC‚f&R3’Äd$S¢ •%E2 “°Ð£CC’ “°Ð£CS “²„dU"DDe$ôÒ”4"DòÔôDR"Ã2bBô4 Ð£CS “²´%TE•RC3%ÐÐ£CS" “°Ð£CS2f&b3bÄd$c¢ •4„ “°Ð£CSBf&r3r •4„" “°Ð£CSRf&‚bR ”ÄDRÅ‚ “²tUB”åUBÕ4rÄTäuD‚Â²C3³WÐÐ£CSbf&6R3B ”ÄE‚2C3B “²”åUB%TddU"„”4"’DE$U52³Ð£CSrf&BSbÄd$C¢ ”ÄD"Å‚ “²tU@Ð£CS‚f&bSrB •5D"CBÅ‚ “²„dU"%•DR”4"Dò”4"óò‚CSÐ£CS’ “²5D%BBCSÂÔôDR"Ã2bBô4 Ð£Ccf&#‚ ””å‚ “²äU…BDE$U50Ð£Ccf&#"F ”DT4 “²DT2%•DR4å@Ð£Cc"f&#2#bc‚ ”$äRÄd$B “²D”ÄÂDôäPÐ£Cc2 “²âââVÇ6PÐ£CcBf&#Rvbs ”4Å"Cs “²4U$”ÂD”ÔU Ð£CcRf&#‚32 •TÄ" “°Ð£Ccbf&#’3" •TÄ “°Ð£Ccrf&&3’ •%E2 “°Ð£Cc‚ “²¢¢¢¢¢¢¢¢¢¢¢¢¢¢¢¢¢¢¢¢¢¢¢¢¢¢¢¢¢¢¢¢¢¢¢¢¢¢¢¢¢¢¢¢¢¢¢¢¢¢¢¢¢¢ Ð£Cc’ “²¢¢¢¢¢¢¢¢¢¢¢¢¢¢¢¢¢¢¢¢¢¢¢¢¢¢¢¢¢¢¢¢¢¢¢¢¢¢¢¢¢¢¢¢¢¢¢¢¢¢¢¢¢¢ Ð£Cs “²¢4U$”ÂÔôDR„Ô•B5T%$õUD”äPÐ£Cs “² Ð£Cs" “²¢$ô4U524U$”ÂDDf–44’õ%Bôb„3cƒÐ£Cs2 “²¢$TB%•DR4õTåDU"ÂC$bàÐ£CsB “²¢e$ôÒD„R%•DR4õTåBD„R%•DRDò$RõUEUDTB•0Ð£CsR “²¢DUDU$Ô”äTBDò$S Ð£Csb “²¢âDUd”4R4ôDPÐ£Csr “²¢"âåTÔ$U"ôbDD%•DU0Ð£Cs‚ “²¢2âDDÂe$ôÒ$ôÒDDD$Â÷"$ÒDDD$ÀÐ£Cs’ “²¢Bâ"4ôÕ4„T4µ5TÐÐ£Cƒ “²¢äõDS¢„–bÆ7B'—FR6VçBv26·7VÒÀÐ£Cƒ “²¢F†R44’—27v—F6†VBFòv¶WWÖöFRÐ£Cƒ" “² Ð£Cƒ2 “² Ð£CƒB “²¢4TäBDDDò44’õ%@Ð£CƒR “²¢¢¢¢¢¢¢¢¢¢¢¢¢¢¢¢¢¢¢¢¢¢¢¢¢¢¢¢¢¢¢¢¢¢¢¢¢¢¢¢¢¢¢¢¢¢¢¢¢¢¢¢¢¢ Ð£Cƒb “°Ð£Cƒr “²D„R7B%•DRt24TåB”â%‚$õUD”äRt„TàÐ£Cƒ‚ “²„Ô•Bt25D%DT@Ð£Cƒ’ “°Ð£C“f&&"fR3Äd$$#¢ ”ÄE‚C3 “²”äDU‚5U%$TåBDUd”4RD$ÀÐ£C“f&&Rcb&b ”ÄD"C$b “²tUB%•DR4õTåDU Ð£C“"f&33 ”4Õ"3 “²&æB%•DRDò$R4Tå@Ð£C“2f&32#bB ”$äRÄd$S" “°Ð£C“B “²âââVÇ6PÐ£C“R “°Ð£C“b “²”bC$bÒD„TâDDÒäõUB²åTÒôbDD%•DU0Ð£C“r “°Ð£C“‚f&3RbB ”ÄDBÅ‚ “²DDÒäõUB²åTÒôbDD%•DU0Ð£C“’f&3rcbS ”ÄD"CS “²”åUB4ôåE$ôÂ$Äô4²„”4"³Ð£Cf&63" ”4Õ"3" “°Ð£Cf&62#2B ”$Å2Äd$D" “°Ð£C" “²âââVÇ6PÐ£C2f&6R#bs ”ÄDCs “²E‚Õ4rÄTàÐ£CBf&Cƒ •5T$3 “°Ð£CRf&C232 ”4Õ"32 “°Ð£Cbf&CR#r" ”$UÄd$C’ “°Ð£Cr “²âââVÇ6PÐ£C‚f&Crƒ •5T$3 “°Ð£C’f&C’CrÄd$C“¢ ”5$ “°Ð£Cf&FF2 ””ä4 “²”å"Õ4rÄTäuD€Ð£Cf&F"#rsÄd$D#¢ •5DCs “²E‚Õ4rÄTàÐ£C"f&FR†"SR ”DD2CSR “²DBôâDòÕ4rÄTäuD‚ÂƒƒVBÐ£C2f&S#S ”%$Äd332 “²tòE‚44’DDÐ£CBf&S"3"Äd$S#¢ ”4Õ"3" “°Ð£CRf&SB#bR ”$äRÄd$T" “°Ð£Cb “°Ð£Cr “²”bâââÒ"D„TâDD•2ÔôDR…4ÔR2ÔôDR”â%‚tTBÕ4rÐ£C‚ “² “²âââVÇ6PÐ£C’f&Sb#bS ”ÄDCS “²”åUB4ôåE$ôÂ$Äô4²„”4"³Ð£C#f&S’#C‚ ”%$Äd332 “²tòE‚44’DDÐ£C#f&V"3"Äd$T#¢ •5T$"3" “²4U"%•DR4åBDòDD%•DR4å@Ð£C#"f&VBcs ”4Õ"Cs “²DD%•DRDò$R4TåBÂ…E‚Õ4rÄTâÐ£C#2f&c#B6" ”$42Äd3$B “²%"”bäõ@Ð£C#B “²âââVÇ6PÐ£C#R “°Ð£C#b “²”bƒÃÒC$bÒââââÂäõUB’D„Tâ4U"DDÐ£C#r “²•2$TuTÄ"DD%•DRâââââ•2åTÒôb4U$”ÀÐ£C#‚ “²4TåB$”õ"Dò4TäD”är$TuTÄ"DDÂ”âD„•0Ð£C#’ “²44R•B•2#¢D„RDUd”4R4ôDRbåTÔ$U"ôbDD%•DU0Ð£C3 “°Ð£C3f&c"V ”DT4" “°Ð£C3"f&c2b2 ”ÄD2Å‚ “²tUBU$ôÒD$ÂõBdÄru0Ð£C32f&cRƒRƒ ”$•D2Cƒ “²#rÂU$ôÒD$Â”åU@Ð£C3Bf&cr#b" ”$äRÄd3B “²%"”bU$ôÒD$ÀÐ£C3R “²âââVÇ6PÐ£C3bf&c’ƒRC ”$•D2CC “²#bÂ$ÒD$ÀÐ£C3rf&f"#bb ”$äRÄd32 “²%"”b$ÒD$ÀÐ£C3‚ “²âââVÇ6PÐ£C3’ “°Ð£CC “²DD•2dÒõUEUB%TddU Ð£CC “°Ð£CC"f&fBVRb ”ÄE‚bÅ‚ “²ö–çBFò÷WGWBD4 Ð£CC2f&fb6 ”%‚ “²DB%•DR4åBDò”äDU€Ð£CCBf3b ”ÄDÅ‚ “²vWBFFfÒ÷WGWB'Vf`Ð£CCRf3"#&b ”%$Äd332 “²tòE‚DDââàÐ£CCb “°Ð£CCr “²DD•2U$ôÒD$ÄRE$•dTàÐ£CC‚ “°Ð£CC’f3BS‚Äd3C¢ ”4Ä" “²tUBDDe$ôÒU$ôÒD$ÀÐ£CSf3R6 ”%‚ “²D¥U5B”äDU€Ð£CSf3bVR ”ÄE‚CÅ‚ “²ô”åBFòU%ôÒF&ÀÐ£CS"f3‚b ”ÄDÅ‚ “²tUBDDe$ôÒD$ÀÐ£CS2f3##r ”%$Äd332 “²tòE‚DDââàÐ£CSB “°Ð£CSR “²DD•2dÒ$ÒD$ÀÐ£CSb “°Ð£CSrf32VRbÄd33¢ ”ÄE‚bÅ‚ “²$ÒF&ÂFG Ð£CS‚f3R#bS ”ÄDCS “²”åUB4ôåE$ôÂ$Äô4²„”4"³Ð£CS’f3ƒ" ”4Õ3" “²ÖöFR"ðÐ£Ccf32#r ”$UÄd3#R “²%"”bÔôDR Ð£Cc “²âââVÇ6PÐ£Cc"f3RƒB ”4Õ3B “²ÖöFRBðÐ£Cc2f3r#bR ”$äRÄd3R “²%"”bÔôDR@Ð£CcB “²âââVÇ6PÐ£CcRf3’3r •4„" “°Ð£Ccbf33b ”ÄD"3 “°Ð£Ccrf326 ”%‚ “°Ð£Cc‚f3B32 •TÄ" “°Ð£Cc’ “°Ð£Cs “²ÔôDRBÂÒÒÒÒÒ¢¢¢¢ Ð£Cs “°Ð£Cs"f3R‚Äd3S¢ ””å‚ “²äU…BDE$U52e$ôÒ$ÐÐ£Cs2f3bS‚ ”4Ä" “°Ð£CsBf3#6 ”%‚ “²D¢ô”åDU Ð£CsRf3#VR ”ÄE‚Å‚ “²tUBäUrDE$U50Ð£Csbf3#2#B ”%$Äd3#’ “²tUBDDb„Ô•@Ð£Csr “°Ð£Cs‚ “²ÔôDR"ÂÒÒÒÒÒ¢¢¢¢ Ð£Cs’ “°Ð£Cƒf3#R‚Äd3#S¢ ””å‚ “²ÔôDR"4Ä2äU…BDE$U50Ð£Cƒf3#bVR ”ÄE‚Å‚ “°Ð£Cƒ"f3#‚6 ”%‚ “°Ð£Cƒ2 “°Ð£CƒB “²tUB‚DDe$ôÒ”äDU„TBdÂbtòE‚DDÐ£CƒR “°Ð£Cƒbf3#’bÄd3#“¢ ”ÄDÅ‚ “²tUBDDÐ£Cƒrf3&"#b ”%$Äd332 “²tò„Ô•BDDÐ£Cƒ‚f3&B#b"Äd3$C¢ ”$äRÄd3C “²%"”bå Ð£Cƒ’ “²âââVÇ6PÐ£C“ “°Ð£C“ “²”b‚’D„TâD„RDDDò$R4Tå@Ð£C“" “²•2D„R4²5TÒƒ"u24ôÕÄTÔTåBÐ£C“2 “°Ð£C“Bf3&b#b3 ”ÄDC3 “²4µ5TÐÐ£C“Rf33"C ”äTt “²äTtDR4µ5TÒdõ""u24ôÕ Ð£C“b “°Ð£C“r “²„Ô•BDDÂUDDR4µ5TÒb”ä5$TÔTåB%•DR4åE Ð£C“‚ “°Ð£C“’f332#rCÄd333¢ •5DCC “²44’E‚FFÂÒÒÒÒÒ¢¢ Ð£C#f33b&"3 ”DDC3 “²UDDR4µ5TÐÐ£C#f33’#r3 •5DC3 “²äUr4µ5TÐÐ£C#"f362v2&b ””ä2C$b “²”ä5"%•DR4õTåDU Ð£C#2f36b#3 ”%$Äd3s “²U„•Bf–%E0Ð£C#B “²ÒÒÒÒÒÒÒÒÒÒÒÒÒÒÒÒÒÒÒÒÒÒÒÒÒÒÒÒÒÒÒÒÒÒÒÒÒÒÒÒÒÒÒÒÐÐ£C#R “²ÄÂ%•DU2„dR$TTâ4TåBÂ44’4ÄT$TB`Ð£C#b “²5t•D4„TBDòt´RÔôDPÐ£C#r “²ÒÒÒÒÒÒÒÒÒÒÒÒÒÒÒÒÒÒÒÒÒÒÒÒÒÒÒÒÒÒÒÒÒÒÒÒÒÒÒÒÒÒÒÒÐÐ£C#‚f3CFbÄd3C¢ ”4Å$ “°Ð£C#’f3C"Vb ”4Å$" “°Ð£C#f3C2#r3 •5DC3 “²4Å"4µ5TÐÐ£C#f3CbfB3 •5DBC3 “²4ÄT"DUd”4RD$Âô”åDU Ð£C#"f3C’#r&b •5DC$b “²4Å"%•DR4õTåDU Ð£C#2f3F2#b&B ”ÄDC$B “²5DEU2dÄu0Ð£C#Bf3FbƒBs ”äD2Cs “²#BÃRbbÂõUEUBäõB”âtõ$²ô4Å"U%$õ Ð£C#Rf3S#r&B •5DC$B “²$U5Dõ$R5DEU2dÄu0Ð£C#bf3SB62 •4…‚ “²DTÕ4dR”äDU€Ð£C#rf3SRVR‚ ”ÄE‚‚Å‚ “²”äDU‚”åUB4åBtÂ$Äô4²„”4"Ð£C#‚f3Srb ”ÄDÅ‚ “°Ð£C#’f3S’ƒBc ”äD2Dc “²U%"4ôDRÂäòU%$õ%0Ð£C##f3V"r •5DÅ‚ “²$U5Dõ$R”4"5DEU2dÄu0Ð£C##f3VB3‚ •TÅ‚ “²$U5Dõ$R”äDU€Ð£C##"f3VRVRb ”ÄE‚bÅ‚ “²”äDU‚õUEUB4åBtÂ$Äô4°Ð£C##2f3cb ”ÄDÅ‚ “²tUBô4"5DEU2dÄu2$TpÐ£C##Bf3c"ƒBvb ”äD2Ctb “²õUEUBäòÄôätU"”âtõ$°Ð£C##Rf3cBr •5DÅ‚ “²$U5Dõ$Rô4"5DEU2dÄu0Ð£C##b “°Ð£C##r “²4Å"$Tru0Ð£C##‚ “°Ð£C##’f3cb#bC‚ ”ÄDCC‚ “²G‚÷'‚7FGW2&VpÐ£C#3f3c’#bC’ ”ÄDCC’ “²4U$”ÂDD$TrÂ„4Å"e$ÔRU%"Ð£C#3 “°Ð£C#3" “²5t•D4‚e$ôÒ„Ô•BDòt´RUÔôDPÐ£C#32 “°Ð£C#3Bf3f2ƒbC ”ÄD2CC “²#bb# Ð£C#3Rf3fR#rCr •5DCCr “²4UB44’6çFÂÂ„55"Ð£C#3bf3s3’Äd3s¢ •%E0Ð£C#3r “²¢¢¢¢¢¢¢¢¢¢¢¢¢¢¢¢¢¢¢¢¢¢¢¢¢¢¢¢¢¢¢¢¢¢¢¢¢¢¢¢¢¢¢¢¢¢¢¢¢¢ Ð£C#3‚ “²¢¢¢¢¢¢¢¢¢¢¢¢¢¢¢¢¢¢¢¢¢¢¢¢¢¢¢¢¢¢¢¢¢¢¢¢¢¢¢¢¢¢¢¢¢¢¢¢¢¢ Ð£C#3’ “² Ð£C#C “²¢DU5BD$ÄPÐ£C#C “²¢¢¢¢¢¢¢¢¢¢¢¢¢¢¢¢¢¢¢¢¢¢¢¢¢¢¢¢¢¢¢¢¢¢¢¢¢¢¢¢¢¢¢¢¢¢¢¢¢¢ Ð£C#C" “²¢¢¢¢¢¢¢¢¢¢¢¢¢¢¢¢¢¢¢¢¢¢¢¢¢¢¢¢¢¢¢¢¢¢¢¢¢¢¢¢¢¢¢¢¢¢¢¢¢¢¢ Ð£C#C2 “²¢d5E5Bå5$2Â%T4„•Âƒb’4 Ð£C#CB “² Ð£C#CR “²¢f7F÷'’7—7FVÒFW7B„T4ÒFW7BÐ£C#Cb “² Ð£C#Cr “² Ð£C#C‚ “²¢4ÄÅ3¢B„Ô•B30Ð£C#C’ “²¢ôB$TB$EEDU%Ð£C#S “²¢B4„T4²5TÐÐ£C#S “²¢BôB$T@Ð£C#S" “² Ð£C#S2 “² Ð£C#SB “²¢D$ÄS¢„$Et$R’ôc¢$ôddT5PÐ£C#SR “²¢% Ð£C#Sb “² Ð£C#Sr “² Ð£C#S‚ “²¢Dd3s"ÒDdT`Ð£C#S’ “²¢¢¢¢¢¢¢¢¢¢¢¢¢¢¢¢¢¢¢¢¢¢¢¢¢¢¢¢¢¢¢¢¢¢¢¢¢¢¢¢¢¢¢¢¢¢¢¢¢¢ Ð£C#cf3s" ”õ$rDd3s Ð£C#cf3s"v"Äd3s#¢ ”dD"Ct" “²ôBÂ6‚óÂ$U55U$R Ð£C#c"°”dD"Ct2 “²ôBÂ6‚ó"Â@Ð£C#c2f3sBvB ”dD"CtB “²ôBÂ6‚"ó2Âó"`Ð£C#cB°”dD"CtR “²ôBÂ6‚2óBÂ€Ð£C#cRf3sbvb ”dD"Ctb “²ôBÂ6‚BóRÂ6ööÆçBÂD²Ð£C#cb°”dD"Cƒ “²ôBÂ6‚Rób0Ð£C#crf3s‚ƒ ”dD"Cƒ “²ôBÂ6‚bórÂTÕbR Ð£C#c‚°”dD"Cƒ" “²äBÂ4‚ró‚ƒ Ð£C#c’f3vƒ2 ”dD"Cƒ2 “²ôBÂ6‚‚ó’ÂÔBFV× Ð£C#s°”dD"CƒB “²ôBÂ6‚’ó@Ð£C#sf3v2ƒR ”dD"CƒR “²ôBÂ6‚óÂÔâ`Ð£C#s"°”dD"Cƒb “²ôBÂ6‚ó"€Ð£C#s2f3vRƒr ”dD"Cƒr “²3ƒBô„Ò6ööÆçBFV× Ð£C#sB°”dD"Cƒ‚ “²D²6ööÆçBFV×0Ð£C#sRf3ƒC’ ”dD"CC’ “²dÔB%•DRb"PÐ£C#sbf3ƒ"3Äd3ƒ#¢ ”dD"Ä3 “²U$ôÒ”B“ Ð£C#srf3ƒB3" ”dD"Ä3" “²FFR6öFR Ð£C#s‚f3ƒb3B ”dD"Ä3B “²6WçVÒ@Ð£C#s’f3ƒ‚s2 ”dD"Cs2 “²”TTRU$ôÒ6²7VÒ`Ð£C#ƒf3†sR ”dD"CsR “²TU$ôÒ6²7VÒ€Ð£C#ƒf3†2C" ”dD"CC" “²6W&–ÂFFÆF6‚Ð£C#ƒ"f3†RCr ”dD"CCr “²ÔôDRtB0Ð£C#ƒ2f3“ ”dD"C “²Ô”äõ"Äôõ4õTåDU"PÐ£C#ƒBf3“"6b3Äd3“#¢ ”dD"C4d3 “²&VbW&–öBF–ÖW" Ð£C#ƒRf3“B6b3" ”dD"C4d3" “²F–ÖW"3„–çWBR’" Ð£C#ƒbf3“b6b3B ”dD"C4d3B “²F–ÖW"3"„–çWBb’@Ð£C#ƒrf3“‚6b3b ”dD"C4d3b “²6çG"3„7VÒVÇ6W2’`Ð£C#ƒ‚f3–6b3‚ ”dD"C4d3‚ “²6çG"3"5²U$”ôBÂ…5²fVVB&²Â–â2’€Ð£C#ƒ’f3–26b6 ”dD"C4d4 “²6çG"32ƒbãR¶‡¢6çG"–b–âB—2†’’Ð£C#“f3–R6bS ”dD"C4dS “²6çG"3B„7VÒVÇ6W2öâ–âR’0Ð£C#“f66bc‚ ”dD"C4dc‚ “²F–ÖW"3„"6çBw"Æ7B‚åRVÇ6R’PÐ£C#“" “²¢¢¢¢¢¢¢¢¢¢¢¢¢¢¢¢¢¢¢¢¢¢¢¢¢¢¢¢¢¢¢¢¢¢¢¢¢¢¢¢¢¢¢¢¢¢¢¢¢¢ Ð£C#“2 “²ÒÒÒÒÒÒÒÒÒÒÒÒÒÒÒÒÒÒÒÒÒÒÒÒÒÒÒÒÒÒÒÒÒÒÒÒÒÒÒÒÒÒÒÒÒÒÒÒÒÐÐ£C#“B “²d5Dõ%’DU5B$õUD”äPÐ£C#“R “°Ð£C#“b “°Ð£C#“r “²&VBdDÒ'—FRb Ð£C#“‚ “²„gVVÂÖöFVÆ–ærFWf–6RÐ£C#“’ “²ÒÒÒÒÒÒÒÒÒÒÒÒÒÒÒÒÒÒÒÒÒÒÒÒÒÒÒÒÒÒÒÒÒÒÒÒÒÒÒÒÒÒÒÒÒÒÒÒÒÐÐ£C3 “°Ð£C3 “²$TBdÔB%•DRb Ð£C3" “°Ð£C32f6"#bCbÄd4#¢ ”ÄDCC`“²# Ð£C3Bf6R†Rfb ”ÄE22Cdb “²6WBW5E€Ð£C3Rf6‚#r†2 •5DC„2 “²U4åE2dÂt„Tâbã#R×6V2–ç2àÐ£C3bf6"2C‚2b ”%$4Å"CC‚C2Äd4$R “²6WB#b#Ð£C3r “²ÖöFRÒBÂ„ôBöâÂb–âG&—fRÐ£C3‚f6b†"" ”DD3 “°Ð£C3’f6##rCb •5DCCb “²ÖF6‚&Vv—7FW Ð£C3f6#BBCb2 ”%4UBCCb2 “²Â6W"FF÷WBv@Ð£C3 “²6WB#b#âƒ“"ÖöFPÐ£C3"f6#rƒbf" ”ÄD2Dd" “²4Å"# Ð£C32f6#’&BcB– ”¥5"ÄcC” “²6WB&—Bw2Â„5RÐ£C3Bf6&2#‚ ”%$Äd43b “² Ð£C3Rf6&R†"6BÄd4$S¢ ”DD3#R “²40Ð£C3bf63#rCb •5DCCb “²ÖF6‚&Vv—7FW Ð£C3rf632RCb2 ”$4Å"CCb2 “²6Ç"#b#Å6W"FFÖöFRv@Ð£C3‚ “²Òb&æBc&VB–çFW'WB Ð£C3’f63b&BfBrÄd43c¢ ”¥5"ÄdDr “²G7Bf÷"f7F÷'’ÖöFRCB Ð£C3# “°Ð£C3# “²4TÂdÔB4„• Ð£C3#" “°Ð£C3#2f63’6RC" ”ÄE‚2CC" “²dÔBFFÆF6€Ð£C3#Bf6622B ”%4UBÅ‚@’ “²# Ð£C3#Rf66b“b3 ”ÄDC3 “²d5BE5BÂdÔB4U$”Â”åU@Ð£C3#bf6C†ƒ ”õ$2Cƒ “²6WB#pÐ£C3#rf6C23b •4„ “²6fRöâ5E€Ð£C3#‚f6CB&Bcc’ ”¥5"Äcc’ “²6ÆÂ†Ö—BFò6W&–ÂFFÐ£C3#’f6Crb •D" “²'—FR"Fò"&VpÐ£C33f6C‚3" •TÄ “°Ð£C33f6C’ƒBvb ”äD2Ctb “²4Å"#pÐ£C33" “°Ð£C332 “²FövvÆRdÔB52FòFò&V@Ð£C33B “²‚CC"dÔBFFÆF6‚Ð£C33R “°Ð£C33bf6F"BB ”$4Å"Å‚@’ “²4Å"# Ð£C33rf6FR2B ”%4UBÅ‚@’ “²4UB# Ð£C33‚f6S&Bcc’ ”¥5"Äcc’ “²6ÆÂ†Ö—BFò6W&–ÂFFÐ£C33’f6SBFBC’ •5DBCC’ “²d5Dõ%’E5BdÔB%•DRÒb Ð£C3Cf6SbBB ”$4Å"Å‚B “²FR×6VÆV7BdÔB6†— Ð£C3Cf6S’R ”4Ä’ “²4Å"b$U5D”õ$R”åDU%UE0Ð£C3C" “°Ð£C3C2 “²d5BE5BÔ”äõ"Å6çBw Ð£C3CB “²&öÆÂ÷fW"B“b6÷VçG0Ð£C3CR “°Ð£C3Cbf6V#bs" ”ÄDCs" “²d5BE5BÔ”äõ"Å6çBw Ð£C3Crf6VBF2 ””ä4 “²”ä5"Å4åBu Ð£C3C‚f6VRƒc ”4Õ3“b “²&öÆÂ÷fW"B“b6÷VçG0Ð£C3C’f6c#R ”$52Äd4c2 “²%"”bÅ4åBu"uB“`Ð£C3S “²âââVÇ6PÐ£C3Sf6c"Fb ”4Å$ “°Ð£C3S"f6c2#rs"Äd4c3¢ •5DCs" “²d5BE5BÔ”äõ"Å6çBw Ð£C3S2 “°Ð£C3SB “²$EDU%’ô”tä•D”ôâ$õUD”äPÐ£C3SR “°Ð£C3Sb “°Ð£C3Srf6cb&BfB ”¥5"ÄdD “²vWB&GFW'’föÇFvPÐ£C3S‚f6c’Cb3" ”ÄD"C3" “²–vâF× Ð£C3S’f6f"ƒ#‚ ”4Õ3C “²G7Bf÷"&GBÂBdE`Ð£C3cf6fB#"R ”$„’ÄdCB “²%"”b$EBÅBBãdD0Ð£C3cf6fb3 ”4Õ"3c “²†2–vâ&VVâöfbf÷"6V2ðÐ£C3c"fC#RB ”$52ÄdC# “°Ð£C3c2fC26b •5t’ “²&W6WBÕRf÷"w"F÷vàÐ£C3cBfCBVBÄdCC¢ •E5D" “°Ð£C3cRfCR#r ”$UÄdC# “°Ð£C3cb “²âââVÇ6PÐ£C3crfCrƒV ”4Õ3“ “²G7Bf÷"–vâöâÂ„&GBbâ’dD2Ð£C3c‚fC’#Rb ”$52ÄdC# “°Ð£C3c’fC"Vb ”4Å$" “°Ð£C3sfC2“bC’ ”ÄDCC’ “²d5Dõ%’E5BdÔB%•DRÐ£C3sfCRƒB2 ”äD2C2 “²#b#Ð£C3s"fC“C‚ ”4ÕCC‚ “²6²f÷"ÖöFR6†ævVBðÐ£C3s2fC"#rB ”$UÄdC# “²–W2—B†26†ævV@Ð£C3sB “²âââVÇ6PÐ£C3sRfCB“rC‚ •5DCC‚ “°Ð£C3sbfCbcrƒ’ •5D"Cƒ’ “²Ä4ÂåTÒ$•E2DòE€Ð£C3srfC’crs" •5D"Cs" “²d5BE5BÔ”äõ"Å6çBw Ð£C3s‚fC2V ”DT4" “°Ð£C3s’fCBcr† •5D"C„ “²Äô4D”ôâôbäU…BTåE%’”âU$ôÒD$ÀÐ£C3ƒfC#V2ÄdC#¢ ””ä4" “²'V×W–vâF–ÖW Ð£C3ƒfC#Cr3"ÄdC#¢ •5D"C3" “²”tâôdbD”ÔU Ð£C3ƒ"fC#262fb ”ÄDB2Ddc “²&W7F'B4õ Ð£C3ƒ2fC#bfBC" •5DBCC" “²4õ$Òô4Å Ð£C3ƒB “°Ð£C3ƒR “²W6–æreDÕrÐ£C3ƒb “°Ð£C3ƒrfC#’f26bf2 ”ÄDBC4dd2 “²Ô5R55 Ð£C3ƒ‚fC&23b •4„ “°Ð£C3ƒ’fC&B“b3 ”ÄDC3 “²d5BE5BÂdÔB4U$”Â”åU@Ð£C3“fC&bƒ‚" ”Tõ$2C" “²FövvÆR&—BÐ£C3“fC3vBC‚ •E5BCC‚ “²ÖöFRðÐ£C3“"fC3B#b" ”$äRÄdCS “°Ð£C3“2fC3b6B ”õ$"3B “²4UB#"Â&6RÄDÂÆ–æPÐ£C3“BfC3‚"C’B" ”%%4UBCC’CBÄdC4R “²%"”b#"Âf7BG7BvB3àÐ£C3“R “²âââVÇ6PÐ£C3“bfC623Bf" ”äD"2Dd" “²4Å"# Ð£C3“rfC6RvB3"ÄdC4S¢ •E5BC3" “²”tâôdbD”ÔU"Â—2–vâöfbðÐ£C3“‚fCC#bB ”$äRÄdCCr “²%"”bDÕ"å Ð£C3“’ “²âââVÇ6PÐ£CCfCC22C’2" ”%$4Å"CC’C2ÄdCC’ “´%"”bäõB#b#Âf7BG7BvB3Ð£CC “²âââVÇ6PÐ£CC" “°Ð£CC2 “²7F'BFövvVÆ–ær4õ Ð£CCB “°Ð£CCRfCCr“r3ÄdCCs¢ •5DC3 “²d5BE5BÂdÔB4U$”Â”åU@Ð£CCbfCC’3"ÄdCC“¢ •TÄ “°Ð£CCrfCFfB6bf2 •5DBC4dd2 “²Ô5R55 Ð£CC‚fCFB†BSr ”%5"ÄdDb “²W†—Brõ%E0Ð£CC’fCFb#& ”%$ÄdCt" “²FövvVÂ4õ Ð£CC “°Ð£CC “²FövvÆR4õ Ð£CC" “°Ð£CC2fCS“r3ÄdCS¢ •5DC3 “²d5BE5BÂdÔB4U$”Â”åU@Ð£CCBfCS23" •TÄ “°Ð£CCRfCSBfB6bf2 •5DBC4dd2 “²Ô5R55 Ð£CCbfCSr“bC‚ ”ÄDCC‚ “²FW7BÖöFPÐ£CCrfCS’CB ”Å5$ “°Ð£CC‚fCV#RS’ ”$52ÄdD#R “°Ð£CC’ “°Ð£CC# “²Ô•42DU5BÔôDRƒ2Ð£CC# “°Ð£CC#"fCV2Fb ”4Å$ “°Ð£CC#2fCVB3b3R ”ÄD"2D3R “²6WB2×6V27–æ2pÐ£CC#BfCVbfB6bc" •5DBC4dc" “²7–æ2r6çBw Ð£CC#RfCc"†BC" ”%5"ÄdDb “²W†—Br÷'G0Ð£CC#bfCcBf26bf2 ”ÄDBC4dd2 “²Ô5R55 Ð£CC#rfCcr†B ”õ$3B “²4UB# Ð£CC#‚fCc’†B6" ”%5"ÄdDb “²W†—Brõ%E0Ð£CC#’fCf"fB6bf2 •5DBC4dd2 “²Ô5R55 Ð£CC3fCfR6R ”ÄE‚3 “²¦W&òåbÖVÒ6²7VÐÐ£CC3fCs62&R ”ÄDB2C$R “°Ð£CC3"fCsB&Bc2&R ”¥5"Äc3$R “²6²7VÒ7V'&÷WF–æPÐ£CC32fCsr‚fbsR •5E’CsR “²6fRåb$Ò6²7VÐÐ£CC3B “°Ð£CC3R “²ÆÂöfbÖöFPÐ£CC3b “°Ð£CC3rfCv"f26bf2ÄdCt#¢ ”ÄDBC4dd2 “²Ô5R55"ÂvWBfÆw0Ð£CC3‚fCvRƒBf" ”äD2Dd" “²4Å"#"Â&W6WB7–æ0Ð£CC3’fCƒ3BVb ”äD"2DTb “²4Å"#ÂF—6&ÆR5°Ð£CCCfCƒ"6‚ ”õ$"3‚ “²4UB#2ÂGW&âöfbW'"Æ× Ð£CCCfCƒB†B# ”%5"ÄdDb “²W†—Brõ%E2Â…v—BÐ£CCC"fCƒbfB6bf2 •5DBC4dd2 “²Ô5R55"Â6fRæWr&pÐ£CCC2fCƒ’Fb ”4Å$ “²6Ç"B&VràÐ£CCCBfC†Vb ”4Å$" “°Ð£CCCRfC†"†B’ ”%5"ÄdDb “²W†—Brõ%E0Ð£CCCbfC†BfB6bC •5DBC4dC “²7–æ2gVVÂÒ Ð£CCCrfC“#bCB ”ÄDCCB “²"’ôò55"ÂTd’pÐ£CCC‚fC“2ƒBc’ ”äD2Dc’ “²ÂG&âöfbdâb”0Ð£CCC’fC“R#rCB •5DCCB “²"’ôò55 Ð£CCSfC“‚‚6Rs ”ÄE’2Cs “°Ð£CCSfC–2†BFb ”%5"ÄdDTB “°Ð£CCS"fC–RvRfR2 ”¤ÕÄdT2 “²W†—BdDÐÐ£CCS2 “°Ð£CCSB “²vWB&GFW'’föÇFvPÐ£CCSR “°Ð£CCSbfFƒbÄdD¢ ”ÄD2C “²ôB4‚Â„&GFW'’föÇG2Ð£CCSrfF2&Bc32ÄdD3¢ ”¥5"Äc32 “²FòôB&÷WF–æPÐ£CCS‚fFb3’ÄdDc¢ •%E0Ð£CCS’ “²ÒÒÒÒÒÒÒÒÒÒÒÒÒÒÒÒÒÒÒÒÒÒÒÒÒÒÒÒÒÒÒÒÒÒÒÒÒÒÒÒÐÐ£CCc “²FW7BÄDÂÖöFRf÷"âôBfÇVPÐ£CCc “²&WGvVVâCFò Ð£CCc" “°Ð£CCc2 “²'&æ6‚Fò&÷&–FRÖöFRöâW†—@Ð£CCcB “²ÒÒÒÒÒÒÒÒÒÒÒÒÒÒÒÒÒÒÒÒÒÒÒÒÒÒÒÒÒÒÒÒÒÒÒÒÒÒÒÒÐÐ£CCcRfFrƒbsÄdDs¢ ”ÄD2Cs “´ôB6‚rÂ…7F'Bõ'Vâw"Ð£CCcbfF’†Bc‚ ”%5"ÄdD2 “²–bæ÷B&W6WBb&WGW&àÐ£CCcrfF"ƒ#‚ ”4Õ3C “²CðÐ£CCc‚fFB#RB ”$52ÄdD#2 “²–bæ÷B&W6WBb&WGW&àÐ£CCc’fFbƒcB ”4Õ2CcB “² Ð£CCsfF##R ”$52ÄdD#B “²–bãÒC÷"ÃÒÂ%E0Ð£CCs “²âââVÇ6PÐ£CCs"fF#26bÄdD#3¢ •5t’ “²4ôeEt$R”åDU%U@Ð£CCs2fF#B3’ÄdD#C¢ •%E0Ð£CCsB “²ÒÒÒÒÒÒÒÒÒÒÒÒÒÒÒÒÒÒÒÒÒÒÒÒÒÒÒÒÒÒÒÒÒÒÒÒÒÒÒÒÒÒÒÒÒÒÒÒÐÐ£CCsR “²ÒÒÒÒÒÒÒÒÒÒÒÒÒÒÒÒÒÒÒÒÒÒÒÒÒÒÒÒÒÒÐÐ£CCsb “²’ôò6†V6²ÖöFW2ƒ"bBÐ£CCsr “²ÖöFW2"bB†Ö—BF–ffW&Vç@Ð£CCs‚ “²6W&–ÂFFÐ£CCs’ “²ÒÒÒÒÒÒÒÒÒÒÒÒÒÒÒÒÒÒÒÒÒÒÒÒÒÒÒÒÒÒÐÐ£CCƒ “²ÒÒÒÒÒÒÒÒÒÒÒÒÒÒÒÒÒÒÒÒÒÒÒÒÒÒÒÒÒÒÐÐ£CCƒ “²&VBÆÂƒ"’ÂôBw0Ð£CCƒ" “²b6fR&W7VÇG2FòF&ÆRdDÕ$U0Ð£CCƒ2 “²ÒÒÒÒÒÒÒÒÒÒÒÒÒÒÒÒÒÒÒÒÒÒÒÒÒÒÒÒÒÒÐÐ£CCƒBfF#R6Rv"ÄdD#S¢ ”ÄE‚2Ct" “²6WBWôB7F÷&vR–â$ÐÐ£CCƒRfF#‚Fb ”4Å$ “²6WBôB6‚Â…&B6Â6²Ð£CCƒbfF#’Vb ”4Å$" “°Ð£CCƒrfF&&Bc&RÄdD$¢ ”¥5"Äc$R “²6ÆÂFòôB$TB7V'&÷WF–æPÐ£CCƒ‚fF&Br •5DÅ‚ “²6fR&W7VÇG0Ð£CCƒ’fF&b‚ ””å‚ “²'V×WôB7F÷&vRö–çFW Ð£CC“fF36" ”DD"2C “²æW‡BôB6†àÐ£CC“fF3"r •D$ “²4õ’"Fò&VpÐ£CC“"fF3233 ”4Õ"2D3 “²7F÷–b4‚2Â‚D3Ð£CC“2fF3R#Rc2 ”$52ÄdD$ “²Æö÷–bÂ6‚2Â‚3"Ð£CC“B “²âââVÇ6PÐ£CC“R “°Ð£CC“b “²7r6ööÆçBåRw2WfW'Ð£CC“r “²#RÕ4T2Â†&—G2bÐ£CC“‚ “°Ð£CC“’fF3rcbs" ”ÄD"Cs" “²d5BE5BÔ”äõ"Å6çBw Ð£CSfF63R2 ”$•D"32 “²#b#Ð£CSfF62#bR ”$äRÄdDS2 “²%"”b#b#Ð£CS" “²âââVÇ6PÐ£CS2fF6R#bvb ”ÄDCtb “²vWB6ööÆçB&W7VÇG0Ð£CSB “°Ð£CSR “²'"–bD²PÐ£CSb “°Ð£CSrfFC23R ”%$4Å"C3ÄdDD “²%"”bäõB#Â„d5BE5BÂdÔB4U$”Â”âÐ£CS‚fFCR#rƒr •5DCƒr “²6fR3C‚6ööÆçB&W7VÇG0Ð£CS’fFC‚#2 ”%$ÄdDDB “²U„•B4ôôÂdõ"äU…B$õUD”äPÐ£CSfFF#rƒ‚ÄdDD¢ •5DCƒ‚ “²6fRD²6ööÆçBFV× Ð£CS “°Ð£CS" “²FövvÆR4õ Ð£CS2 “°Ð£CSBfFFBCb3ÄdDDC¢ ”ÄD"C3Ð£CSRfFFb3‚ ”Tõ$"2C “²DôttÄR# Ð£CSbfFSCr3 •5D"C3 “²d5BE5BÂdÔB4U$”Â”åU@Ð£CSrfFS2cbs"ÄdDS3¢ ”ÄD"Cs" “²d5BE5BÔ”äõ"Å6çBw Ð£CS‚fFSb3Rb ”$•D"2Cb “°Ð£CS’fFS‚#rR ”$UÄdDdb “²%"”bäõBC`Ð£CS# “²âââVÇ6PÐ£CS#fFVvRfRFb ”¤ÕÄdSDb “°Ð£CS#" “²ÒÒÒÒÒÒÒÒÒÒÒÒÒÒÒÒÒÒÒÒÒÒÒÒÒÒÒÒÒÒÒÒÒÒÒÒÒÒÒÒÒÒÒÒÒÒÒÒÒÐÐ£CS#2 “²ããâÕ4T2Æöv–2ÃÃÀÐ£CS#B “°Ð£CS#R “²7V'&÷WF–æRf÷"w&—F–ær2D2FòÆÂ`Ð£CS#b “²tÒw2Â&WV—&VBD2×W7B&R–â’&VpÐ£CS#r “²ÒÒÒÒÒÒÒÒÒÒÒÒÒÒÒÒÒÒÒÒÒÒÒÒÒÒÒÒÒÒÒÒÒÒÒÒÒÒÒÒÒÒÒÒÒÒÒÒÒÐÐ£CS#‚fFVB6R6bC"ÄdDTC¢ ”ÄE‚2C4dC" “²Tu"r6çBw Ð£CS#’fFcVbÄdDc¢ •5E’Å‚ “°Ð£CS3fFc2‚ ””å‚ “°Ð£CS3fFcB‚ ””å‚ “°Ð£CS3"fFcR†26bF2 ”5‚2C4dD2 “²5²GvVÆÂW&–öB6çBw Ð£CS32fFc‚#bcb ”$äRÄdDc “°Ð£CS3BfFf‚fb6b62 •5E’C4d42 “°Ð£CS3RfFfR3’ •%E2 “°Ð£CS3b “²ÒÒÒÒÒÒÒÒÒÒÒÒÒÒÒÒÒÒÒÒÒÒÒÒÒÒÒÒÒÒÐÐ£CS3r “²W‡&6—6RtÒ÷WGWG0Ð£CS3‚ “°Ð£CS3’ “²ÒÒÒÒÒÒÒÒÒÒÒÒÒÒÒÒÒÒÒÒÒÒÒÒÒÒÒÒÒÒÐÐ£CSCfFfb3#ÄdDdc¢ ”4Õ"2C# “³Â‡6Vr†ò–â"&VrÐ£CSCfS#2" ”$Å2ÄdSR “°Ð£CSC"fS233 •5T$"2C3 “°Ð£CSC2fSR‚6RC2–ÄdSS¢ ”ÄE’2DC3” “°Ð£CSCBfS’3 ”4Õ"2C “°Ð£CSCRfS"#" ”$„’ÄdSr “°Ð£CSCbfSB‚6RC" ”ÄE’2DC# “°Ð£CSCrfS#RB ”$52ÄdSr “°Ð£CSC‚fS2‚6RCcb ”ÄE’2DCcb “°Ð£CSC’ “²ÒÒÒÒÒÒÒÒÒÒÒÒÒÒÒÒÒÒÒÒÒÒÒÒÒÒÒÒÒÐÐ£CSS “²FvvvÆRÔÄbbfàÐ£CSS “²ÒÒÒÒÒÒÒÒÒÒÒÒÒÒÒÒÒÒÒÒÒÒÒÒÒÒÒÒÒÒÐÐ£CSS"fSr†BCBÄdSs¢ ”%5"ÄdDTB “°Ð£CSS2fS’†B†" ”%5"ÄdDb “°Ð£CSSBfS"f26bf2 ”ÄDBC4dd2 “²Ô5R55 Ð£CSSRfSR6RCB ”ÄE‚2CCB “°Ð£CSSbfS#3b •4„ “°Ð£CSSr “°Ð£CSS‚fS#"6 ”õ$"2C “²#@Ð£CSS’fS#B#bs" ”ÄDCs" “²d5BE5BÔ”äõ"Å6çBw Ð£CScfS#rƒR ”$•D2C “²FW7B&—B@Ð£CScfS#’#rr ”$UÄdS3" “°Ð£CSc" “²âââVÇ6PÐ£CSc2fS&"6‚ ”õ$"2C‚ “²Ö¶R7W&R5²—2Væ&ÆVB„&—B2Ð£CScBfS&B2b ”%4UBÅ‚`Ð£CScRfS3#R ”%$ÄdS3r “°Ð£CScbfS3"3BcrÄdS3#¢ ”äD"2Dcr “²4Å"#2ÀÐ£CScr “²ÔÄbÆ—FRöâÂfâöf`Ð£CSc‚fS3BB" ”$4Å"Å‚ Ð£CSc’fS3r3"ÄdS3s¢ •TÄ “°Ð£CSsfS3‚fB6bf2 •5DBC4dd2 “²Ô5R55 Ð£CSs “²ÒÒÒÒÒÒÒÒÒÒÒÒÒÒÒÒÒÒÒÒÐÐ£CSs" “²W†W&6—6R”2Ö÷F÷ Ð£CSs2 “²ÒÒÒÒÒÒÒÒÒÒÒÒÒÒÒÒÒÒÒÒÐÐ£CSsBfS6"#bs’ ”ÄDCs’ “²”2Ö÷F÷ Ð£CSsRfS6RC‚ ”4Ä “°Ð£CSsbfS6bƒ’ ”D43 “°Ð£CSsrfSC#rs’ •5DCs’ “²÷WB7FWFò”2Ö÷F÷ Ð£CSs‚fSCBƒB2 ”äD32 “²Â6fR”2d"7FFW0Ð£CSs’fSCbcbC" ”ÄD"CC" “²vWB6W&–ÂFFÆF6€Ð£CSƒfSC’3Bf2 ”äD"2Dd2 “²ÂÖ6²f÷"öÆB”2b"`Ð£CSƒfSF"" ”$ “²FB–âæWr”2b Ð£CSƒ"fSF2#rC" •5DCC" “²vWB6W&–ÂFFÆF6€Ð£CSƒ2 “²ÒÒÒÒÒÒÒÒÒÒÒÒÒÒÒÒÒÒÒÒÒÒÒÒÒÒÒÒÒÐÐ£CSƒB “²VæBöb×2&÷WF–æPÐ£CSƒR “²ÒÒÒÒÒÒÒÒÒÒÒÒÒÒÒÒÒÒÒÒÒÒÒÒÒÒÒÒÒÐÐ£CSƒb “²ÒÒÒÒÒÒÒÒÒÒÒÒÒÒÒÒÒÒÒÒÒÒÒÒÒÒÒÒÒÒÐÐ£CSƒr “²Dò5$²beTTÀÐ£CSƒ‚ “²&6VBöâ%ÐÐ£CSƒ’ “²ÒÒÒÒÒÒÒÒÒÒÒÒÒÒÒÒÒÒÒÒÒÒÒÒÒÒÒÒÒÒÐÐ£CS“fSFbfR6b3ÄdSDc¢ ”ÄE‚C4d3 “²ÆBÆ7B"&VbW&–öG0Ð£CS“fSS"62 •4…‚ “²6fR&Vb…%ÒÐ£CS“"fSS23" •TÄ “°Ð£CS“2fSSB32 •TÄ" “°Ð£CS“BfSSRB ”Å5$B “²F—f–FR&VbW"ó@Ð£CS“RfSSbB ”Å5$B “°Ð£CS“bfSSr‚6R ”ÄE’3 “°Ð£CS“rfSV"fBsr •5DBCsr “²6fR&VbW&–öBf÷"ÆFW Ð£CS“‚fSVR62"†b ”ÄDB3cSR “²×2W&–ö@Ð£CS“’fSc†2"†b ”5‚3cSR “²Â…¢ðÐ£CcfScB#" ”$„’ÄdSsr “²–b–W0Ð£Cc “²âââVÇ6PÐ£Cc"fScb†2C‚ ”5‚33#‚ “²â#‡¢ðÐ£Cc2fSc’#Rr ”$52ÄdSƒ" “²–b–W0Ð£CcB “²ÒÒÒÒÒÒÒÒÒÒÒÒÒÒÒÒÐÐ£CcR “²&6RårâÒT×0Ð£Ccb “²GvVÆÂÒB×0Ð£Ccr “²ÒÒÒÒÒÒÒÒÒÒÒÒÒÒÒÒÐÐ£Cc‚fSf"B ”Å5$B “°Ð£Cc’fSf2fB6bC •5DBC4dC “²%rÒR×6V0Ð£CcfSfb3bb ”ÄD"3b “²6WBGvVÆÂÒB×6V0Ð£CcfSs3r •4„" “°Ð£Cc"fSs"3b •4„ “°Ð£Cc2fSs2Fb ”4Å$ “°Ð£CcBfSsBVb ”4Å$" “°Ð£CcRfSsR#B ”%$ÄdS“B “°Ð£Ccb “²ÒÒÒÒÒÒÒÒÒÒÒÒÒÒÒÒÐÐ£Ccr “²&6RårâÒ×0Ð£Cc‚ “²GvVÆÂÒR×0Ð£Cc’ “²ÒÒÒÒÒÒÒÒÒÒÒÒÒÒÒÒÐÐ£Cc#fSsrfB6bCÄdSss¢ •5DBC4dC “²7–æ2gVVÂ6çBw Ð£Cc#fSvB ”Å5$B “²F—b'’ Ð£Cc#"fSv"3r •4„" “²R×6V2GvVÆÀÐ£Cc#2fSv23b •4„ “°Ð£Cc#BfSvBf2sr ”ÄDBCsr “²5²fÆÃÒ$TeU"óBƒCRFVr&WF&BÐ£Cc#RfSƒ#" ”%$ÄdS“B “²&VbW&–ö@Ð£Cc#b “²ÒÒÒÒÒÒÒÒÒÒÒÒÒÒÒÒÐÐ£Cc#r “²&6RårâÒ×0Ð£Cc#‚ “²GvVÆÂÒ2×0Ð£Cc#’ “²ÒÒÒÒÒÒÒÒÒÒÒÒÒÒÒÒÐÐ£Cc3fSƒ"‚6RC"ÄdSƒ#¢ ”ÄE’3cb “²×2gVVÂFÇÐ£Cc3fSƒb62C" ”ÄDB3cb “²6WB%rÒ×6V0Ð£Cc3"fSƒ’fB6bC •5DBC4dC “²7–æ2gVVÂ6çBw Ð£Cc32fS†23b3R ”ÄD"3“r “²6WB2×6V2GvVÆÀÐ£Cc3BfS†R3r •4„" “°Ð£Cc3RfS†b3b •4„ “°Ð£Cc3bfS“Vb ”4Å$" “°Ð£Cc3rfS“#2sr •5T$BCsr “°Ð£Cc3‚ “²ÒÒÒÒÒÒÒÒÒÒÒÒÒÒÒÒÒÒÒÒÒÒÒÒÒÒÒÒÒÒÒÒÒÒÒÒÒÒÒÒÒÒÒÒÒÒÒÒÒÐÐ£Cc3’fS“B3‚ÄdS“C¢ •TÅ‚ “°Ð£CcCfS“Rfb6bF2 •5E‚C4dD2 “²5²GvVÆÂW&–öB6çBw Ð£CcCfS“‚†B2 ”%5"ÄdTb “°Ð£CcC"fS–fB6bcb •5DBC4dcb “²FÒfÒ&VbFòf—&R”tâ6çBw Ð£CcC2fS–B†Br ”%5"ÄdTb “²6†÷'BFVÆÐ£CcCBfS–b‚fb6b6R •5E’C4d4R “²Td’DÅÐ£CcCRfV2vR623bÄdT3¢ ”¤ÕÄ443b “²t•DÄôõ Ð£CcCbfVb3’ÄdTc¢ •%E2 “°Ð£CcCr “²ÒÒÒÒÒÒÒÒÒÒÒÒÒÒÒÒÒÒÒÒÒÒÒÒÒÒÒÒÒÒÒÒÒÒÒÒÒÒÒÒÒÒÒÒÒÒÒÒÒÐÐ£CcC‚ “²ÒÒÒÒÒÒÒÒÒÒÒÒÒÒÒÒÒÒÒÒÒÒÒÒÒÒÒÒÒÒÒÒÒÒÒÒÒÒÒÒÒÒÒÒÒÒÒÒÒÐÐ£CcC’ “²6ööÂFV×ÂåRâF&ÆS°Ð£CcS “°Ð£CcS “²7—7FVÒW6W2"F–ffW&VçB6W&–W2&W6—7F÷'2v—F€Ð£CcS" “²F†R6ööÆçBF†W&Ö—7F÷"FòÖ¶RF†R&ævRw&VFW Ð£CcS2 “°Ð£CcSB “²F&ÆR&rÒ„FVr2²C’¢ƒ#Sbó“"Ð£CcSR “°Ð£CcSb “²F²ö†ÒF&ÆR—2ÄdTpÐ£CcSr “²3C‚ö†ÒF&ÆR—2ÄdT#€Ð£CcS‚ “²ÒÒÒÒÒÒÒÒÒÒÒÒÒÒÒÒÒÒÒÒÒÒÒÒÒÒÒÒÒÒÒÒÒÒÒÒÒÒÒÒÒÒÒÒÒÒÒÒÒÒÒÐÐ£CcS’ “²ÒÒÒÒÒÒÒÒÒÒÒÒÒÒÒÒÒÒÒÒÒÒÒÒÒÒÒÒÒÒÒÒÒÒÒÒÒÒÒÒÒÒÐÐ£Ccc “²3ƒCö†ÒF&ÆPÐ£Ccc “²ÒÒÒÒÒÒÒÒÒÒÒÒÒÒÒÒÒÒÒÒÒÒÒÒÒÒÒÒÒÒÒÒÒÒÒÒÒÒÒÒÒÒÐÐ£Ccc"fVrfbÄdTs¢ ”d4"#SR “´†÷Bô@Ð£Ccc2fV‚Cr ”d4"#R “³#2Â`Ð£CccBfV’–" ”d4"SR “³sb# Ð£CccRfVƒB ”d4"3" “³S’3€Ð£CccbfV"sR ”d4"r “³C‚S@Ð£CccrfV2f ”d4"b “³3’s Ð£Ccc‚fVBc ”d4"“r “³3"ƒ`Ð£Ccc’fVRS‚ ”d4"ƒ‚ “³#b Ð£CcsfVbS ”d4"ƒ “³#€Ð£CcsfV#F ”d4"sB “³R3@Ð£Ccs"fV#C2 ”d4"cr “³S Ð£Ccs2fV#"62 ”d4"c “³Rc`Ð£CcsBfV#23B ”d4"S" “²Óƒ Ð£CcsRfV#B&2 ”d4"CB “²Ór“€Ð£CcsbfV#R#" ”d4"3B “²ÓB#@Ð£CcsrfV#bb ”d4"#" “²Ó#B#C`Ð£Ccs‚fV#r ”d4" “²ÓC#C`Ð£Ccs’ “²ÒÒÒÒÒÒÒÒÒÒÒÒÒÒÒÒÒÒÒÒÒÒÒÒÒÒÒÒÒÒÒÒÒÒÒÒÒÒÒÒÒÒÐÐ£Ccƒ “²ÒÒÒÒÒÒÒÒÒÒÒÒÒÒÒÒÒÒÒÒÒÒÒÒÒÒÒÒÒÒÒÒÒÒÒÒÒÒÒÒÒÒÐÐ£Ccƒ “²3C‚ö†ÒF&ÆPÐ£Ccƒ" “²ÒÒÒÒÒÒÒÒÒÒÒÒÒÒÒÒÒÒÒÒÒÒÒÒÒÒÒÒÒÒÒÒÒÒÒÒÒÒÒÒÒÒÐÐ£Ccƒ2fV#‚fbÄdT#ƒ¢ ”d4"#SR “´†÷Bô@Ð£CcƒBfV#’fb ”d4"#SR “´†÷B`Ð£CcƒRfV&f ”d4"#S “³Cr23 Ð£CcƒbfV&"Fb ”d4"##2 “³#‚C€Ð£CcƒrfV&26B ”d4"#R “³Bc@Ð£Ccƒ‚fV&B&b ”d4"“ “³2ƒ Ð£Ccƒ’fV&R#2 ”d4"s’ “³“B“`Ð£Cc“fV&b‚ ”d4"c‚ “³ƒb Ð£Cc“fV3–B ”d4"Sr “³s‚#€Ð£Cc“"fV3“2 ”d4"Cr “³sC@Ð£Cc“2fV3"† ”d4"3‚ “³c2c Ð£Cc“BfV32ƒ ”d4"#‚ “³Sbs`Ð£Cc“RfV3BsR ”d4"r “³C‚“ Ð£Cc“bfV3Rc’ ”d4"R “³3‚#€Ð£Cc“rfV3bV ”d4"“ “³#r##@Ð£Cc“‚fV3rC2 ”d4"cr “³#C Ð£Cc“’fV3‚ ”d4" “´6öÆB#S`Ð£Cs “²ÒÒÒÒÒÒÒÒÒÒÒÒÒÒÒÒÒÒÒÒÒÒÒÒÒÒÒÒÒÒÒÒÒÒÒÒÒÒÒÒÒÒÐÐ£Cs “²ÒÒÒÒÒÒÒÒÒÒÒÒÒÒÒÒÒÒÒÒÒÒÒÒÒÒÒÒÒÒÒÒÒÒÒÒÒÒÒÒÒÒÐÐ£Cs" “²7FWW"Ö÷F÷"7FFRF&ÆPÐ£Cs2 “²ÒÒÒÒÒÒÒÒÒÒÒÒÒÒÒÒÒÒÒÒÒÒÒÒÒÒÒÒÒÒÒÒÒÒÒÒÒÒÒÒÒÒÐÐ£CsBfV3’ÄdT3“¢ ”d4" Ð£CsRfV6 ”d4"Ð£CsbfV6"2 ”d4"0Ð£CsrfV62" ”d4" Ð£Cs‚ Ð£Cs’ “²¢¢¢¢¢¢¢¢¢¢¢¢¢¢¢¢¢¢¢¢¢¢¢¢¢¢¢¢¢¢¢¢¢¢¢¢¢¢¢¢¢¢¢¢¢¢¢¢¢¢¢¢¢¢ Ð£Cs “²¢¢¢¢¢¢¢¢¢¢¢¢¢¢¢¢¢¢¢¢¢¢¢¢¢¢¢¢¢¢¢¢¢¢¢¢¢¢¢¢¢¢¢¢¢¢¢¢¢¢ Ð£Cs “²¢dT5Dõ Ð£Cs" “² Ð£Cs2 “²¢3ƒ•2Ätò$Tt”ä”äpÐ£CsB “²¢¢¢¢¢¢¢¢¢¢¢¢¢¢¢¢¢¢¢¢¢¢¢¢¢¢¢¢¢¢¢¢¢¢¢¢¢¢¢¢¢¢¢¢¢¢¢¢¢¢ Ð£CsRffc ”õ$rDddc Ð£CsbffccÄddc¢ ”dD"Cc “²5t’óóðÐ£Csrffc"3’cBÄddc#¢ ”dD"D3”cB “²•%Ð£Cs‚ffcBc"v"ÄddcC¢ ”dD"Dc#t" “²•%ÂäõBU4T@Ð£Cs’ffcbcÄddcc¢ ”dD"Cc “²”ÄÄTtÂõ4ôDPÐ£Cs#ffc‚3‚Äddcƒ¢ ”dD"D3ƒ “²”ÄÄTtÄRDE$U50Ð£Cs#fff3‚Äddd¢ ”dD"D3ƒ “²4õD”ÔTBõU@Ð£Cs#"fff23‚Äddd3¢ ”dD"D3ƒ “²4Äô4²d”ÄT@Ð£Cs#2fffR3‚ÄdddS¢ ”dD"D3ƒ “²„õB$U5D%@Ð£Cs#B “²¢¢¢¢¢¢¢¢¢¢¢¢¢¢¢¢¢¢¢¢¢¢¢¢¢¢¢¢¢¢¢¢¢¢¢¢¢¢¢¢¢¢¢¢¢¢¢¢¢¢¢¢ Ð Ð Ð¤çVÖ&W"öbW'&÷'2 Ð¤çVÖ&W"öbv&æ–æw2 Ð